vencedor_papel,primeiro_papel,turnos,rodadas,pontos_a,pontos_b,teve_comeback,juiz_papeis,atacar_principal,atacar_secundario,atacar_terciario,barragem_cadeia,barragem_profundidade_soma,colocar_local,evoluir,guardiao_Descanso,guardiao_Escudos,guardiao_Oprimidos,guardiao_Portais,guardiao_Restauracao,invocar_guardiao,invocar_juiz,invocar_mestre
B,A,196,98,9,10,False,,9,4,183,0,0,3,1,3,1,0,0,1,5,0,0
A,A,273,137,10,9,False,,5,9,259,0,0,8,0,1,1,0,1,1,4,0,0
B,B,153,77,6,10,False,,5,7,139,0,0,8,1,1,1,2,0,0,4,0,0
B,B,241,121,7,10,False,,8,4,229,0,0,5,1,0,1,0,1,2,4,0,0
A,A,227,114,10,7,False,,9,4,214,0,0,7,0,1,2,0,0,1,4,0,0
B,A,280,140,7,10,False,A,9,0,271,0,0,6,0,1,2,0,3,0,6,1,0
B,B,267,134,6,10,False,B,9,2,256,0,0,7,0,0,1,0,1,2,4,1,0
B,A,216,109,7,10,False,,8,4,204,0,0,9,0,0,2,2,0,1,5,0,0
B,B,119,60,3,10,False,,9,3,105,0,0,3,0,0,0,2,2,1,5,0,0
B,B,253,127,7,10,False,,8,2,241,1,2,5,0,2,1,0,1,0,5,0,0
B,A,166,83,6,10,False,,5,8,153,0,0,4,1,0,3,0,0,0,3,0,0
B,A,274,137,9,10,False,B,9,2,263,0,0,7,1,0,2,0,0,2,4,1,0
B,A,210,105,6,10,False,,9,2,199,0,0,7,0,2,0,0,0,1,3,0,0
A,A,228,115,10,7,False,,1,9,214,0,0,4,1,1,1,1,1,3,7,0,0
B,B,148,75,6,10,False,,8,1,138,0,0,8,0,1,0,2,0,2,5,0,0
A,A,175,88,10,7,False,,6,8,161,0,0,3,2,0,0,0,1,2,3,0,0
B,B,205,103,6,10,False,,8,3,192,0,0,7,0,1,1,1,0,2,5,0,0
B,B,155,78,7,10,False,,8,7,137,0,0,2,0,0,1,1,0,1,3,0,0
A,B,242,121,10,8,False,,7,5,230,0,0,6,0,1,0,1,1,0,3,0,0
A,B,126,63,10,5,False,,9,3,112,1,2,6,1,1,1,1,1,0,4,1,0
B,B,223,112,7,10,False,A,4,6,212,0,0,9,1,1,1,1,2,0,5,1,0
A,B,120,60,10,7,False,,9,2,106,1,2,4,2,0,0,1,1,0,3,0,0
A,A,111,56,10,3,False,,8,4,99,0,0,1,1,1,0,1,1,0,3,0,0
B,B,177,89,7,10,False,,9,4,164,0,0,7,0,0,0,0,1,2,3,0,0
A,B,158,79,10,5,False,,12,3,143,0,0,4,1,0,1,1,0,0,2,0,0
B,B,181,91,6,11,False,,11,4,166,0,0,6,1,1,0,0,1,0,2,0,0
B,A,192,96,5,10,False,B,5,6,181,0,0,4,0,0,1,1,1,2,5,1,0
B,A,182,91,7,10,False,,7,6,169,0,0,6,2,1,0,1,0,0,2,0,0
B,B,132,67,9,10,False,,10,1,119,0,0,5,0,1,0,2,1,1,5,0,0
B,B,151,76,9,10,True,,9,1,138,0,0,4,2,1,0,3,0,1,5,0,0
A,B,208,104,10,6,False,,5,3,200,1,2,6,1,0,0,0,1,3,4,1,0
A,A,185,93,10,9,False,,7,4,174,0,0,5,2,2,0,1,1,0,4,0,0
B,B,212,107,9,10,True,,6,4,201,0,0,7,1,2,0,1,2,2,7,0,0
A,B,212,106,10,6,False,,11,3,198,0,0,5,0,2,1,0,0,0,3,0,0
B,B,203,102,4,10,False,,6,6,189,0,0,3,0,1,1,3,0,0,5,0,0
B,B,217,109,8,10,False,,7,4,205,0,0,6,1,1,0,1,4,0,6,0,0
B,B,187,94,9,10,True,,4,4,176,0,0,6,1,1,0,2,1,1,5,0,0
B,B,231,116,8,10,False,,10,2,217,0,0,5,1,1,1,1,1,0,4,0,0
A,B,274,137,10,9,False,B,10,4,260,0,0,2,1,0,0,0,1,1,2,1,0
A,B,224,112,10,9,False,,8,4,212,0,0,9,0,1,0,0,3,1,5,0,0
B,A,172,87,5,10,False,B,7,3,162,0,0,6,1,0,1,2,0,2,5,1,0
B,B,221,111,8,10,False,,10,1,209,1,2,7,1,0,2,1,0,1,4,1,0
B,A,192,96,7,10,False,B,6,4,182,0,0,5,1,1,1,1,0,0,3,1,0
A,B,318,159,10,9,False,A|B,5,2,311,0,0,7,1,3,2,1,0,0,6,2,0
A,B,216,108,10,9,False,,8,6,202,0,0,8,1,0,0,0,1,0,1,0,0
B,B,251,126,7,10,False,,6,2,243,0,0,6,0,2,2,0,1,2,7,0,0
B,A,130,65,5,10,False,,8,4,118,0,0,6,0,0,1,1,2,0,4,0,0
B,B,231,116,8,10,False,,8,5,213,0,0,9,0,1,1,1,1,0,4,0,0
B,B,207,104,8,10,False,B,9,0,198,0,0,6,0,1,1,0,2,2,6,1,0
B,A,184,92,5,10,False,B,3,7,174,0,0,7,2,1,0,1,1,1,4,1,0
A,B,176,88,10,8,False,,7,6,160,0,0,4,0,0,0,3,1,1,5,0,0
A,B,178,89,10,7,False,B,9,3,166,0,0,7,1,1,0,0,2,1,4,1,0
A,B,176,88,10,9,False,,4,6,165,0,0,3,0,1,0,2,1,1,5,0,1
B,A,144,73,8,10,False,,7,5,132,0,0,4,1,0,1,2,2,0,5,0,0
B,B,172,87,8,11,False,,9,1,160,0,0,5,2,0,0,1,2,1,4,0,0
B,B,215,108,7,10,False,,7,4,201,0,0,8,0,2,0,3,0,1,6,0,0
A,A,105,53,10,7,False,,9,4,92,0,0,5,1,0,0,2,0,0,2,0,0
A,A,159,80,10,8,False,,11,4,140,0,0,4,1,0,2,1,0,2,5,0,0
B,A,122,61,2,10,False,,5,5,112,0,0,5,1,2,0,0,0,2,4,0,0
B,B,255,128,9,10,False,B,8,3,244,0,0,7,0,0,2,0,1,0,3,1,0
A,A,205,103,10,6,False,,6,5,194,0,0,5,0,2,1,0,1,1,5,0,0
B,B,189,95,8,10,False,,11,6,171,0,0,6,0,0,1,1,0,0,2,0,0
B,B,237,119,8,10,False,,9,5,223,0,0,4,0,0,1,2,1,1,5,0,0
B,B,209,105,7,10,False,,6,5,196,0,0,5,1,1,1,1,2,0,5,0,0
B,B,297,149,9,10,False,,8,6,283,1,2,4,0,1,2,0,0,0,3,1,0
A,A,135,68,10,2,False,,6,5,124,0,0,2,1,0,1,0,1,2,4,0,0
B,B,209,105,8,10,False,,4,9,194,0,0,5,0,0,0,1,0,0,1,0,0
A,B,190,95,10,9,False,,5,6,175,1,2,5,0,0,1,2,0,1,5,0,0
A,A,277,139,10,8,False,,5,5,267,0,0,3,1,1,0,1,1,1,4,0,0
B,A,234,117,5,10,False,,7,3,224,0,0,7,0,0,1,0,3,2,6,0,0
B,B,193,97,9,10,False,,8,2,182,0,0,6,0,0,1,1,1,3,6,0,0
A,A,307,154,10,8,False,B,6,5,296,0,0,6,0,0,1,0,1,3,5,1,0
B,A,160,80,9,10,False,,9,3,148,0,0,5,2,2,0,1,0,0,3,0,1
B,A,220,110,8,10,False,,10,2,208,0,0,6,0,0,2,1,2,1,6,0,0
B,B,166,84,7,10,False,,11,1,153,0,0,4,0,0,0,1,1,0,2,0,1
A,B,182,91,10,8,False,,10,2,170,0,0,6,1,1,0,0,3,2,6,0,0
B,B,138,70,5,10,False,,12,3,118,0,0,7,0,1,0,1,0,0,2,0,0
B,B,203,102,7,10,False,,8,6,188,0,0,6,0,1,0,1,0,0,2,0,0
B,A,198,99,7,10,False,,7,10,181,0,0,5,0,1,0,0,2,1,4,0,0
B,A,250,125,6,10,False,,5,4,241,0,0,4,0,1,2,0,2,0,5,0,0
A,B,256,128,10,8,False,,11,3,242,0,0,6,1,0,0,0,0,1,1,0,0
B,A,200,100,8,10,False,,7,5,188,0,0,6,0,0,3,1,0,1,5,0,0
B,A,194,98,8,10,False,,8,6,180,0,0,5,0,1,1,1,0,1,4,0,0
A,B,136,68,10,4,False,,10,3,123,0,0,6,1,0,1,0,0,1,2,0,0
B,B,145,73,7,10,False,,8,6,130,0,0,5,0,0,2,1,1,0,4,0,0
B,B,147,74,5,10,False,,7,5,133,0,0,2,0,1,1,1,0,1,4,0,0
A,B,202,102,10,5,False,,5,2,195,0,0,4,0,1,2,1,0,3,7,0,0
B,B,155,78,7,10,False,B,7,3,145,0,0,6,1,2,0,0,1,2,5,1,0
A,A,181,91,10,6,False,,10,2,169,0,0,4,1,0,1,0,1,0,2,0,0
A,B,206,103,10,7,False,,8,5,193,0,0,2,0,1,0,0,2,1,4,0,0
A,B,196,98,10,8,False,,12,1,183,1,2,7,0,1,0,1,0,1,3,1,0
B,A,186,94,5,10,False,,8,5,173,0,0,6,0,0,1,1,1,1,4,0,0
B,A,136,68,5,10,False,B,8,2,126,0,0,4,1,0,1,1,0,1,3,1,0
B,A,228,114,5,10,False,,6,6,216,0,0,4,0,0,1,1,2,1,5,0,0
B,B,293,147,8,10,False,,8,6,279,0,0,6,0,1,0,0,0,2,3,0,1
A,B,202,101,10,9,False,,10,1,188,0,0,8,0,1,2,1,1,0,5,0,0
B,A,204,102,8,10,False,,9,4,191,0,0,3,0,1,1,1,0,0,3,0,0
B,A,190,95,6,10,False,,6,4,180,0,0,2,1,1,2,1,0,1,5,0,0
B,B,185,93,6,10,False,B,6,4,171,0,0,8,1,0,2,1,0,3,6,1,0
B,B,227,114,9,10,False,,9,4,214,0,0,4,0,0,0,0,2,1,3,0,0
A,B,254,127,10,6,False,B,7,6,241,0,0,5,0,2,1,0,0,2,5,1,0
A,B,200,100,10,6,False,,6,4,190,0,0,6,0,0,1,0,2,1,4,0,0
B,B,174,88,7,10,False,,8,4,160,0,0,5,2,1,0,1,1,1,4,0,0
B,A,194,97,6,10,False,B,6,6,182,0,0,3,0,1,2,1,0,0,4,1,0
A,A,154,78,10,6,False,,6,5,143,0,0,8,1,1,1,1,1,2,6,0,0
A,A,279,140,10,9,False,,13,2,264,0,0,6,1,3,0,0,0,0,3,0,0
A,A,133,67,10,1,False,,4,5,124,0,0,4,2,1,1,0,2,1,5,0,0
A,A,281,141,10,7,False,,8,8,265,0,0,8,0,0,2,0,0,0,2,0,0
B,B,197,99,6,10,False,,6,3,185,0,0,4,0,1,4,1,0,0,6,0,0
B,B,137,69,4,10,False,B,4,8,125,0,0,4,1,0,1,0,0,1,2,1,1
B,A,206,104,6,10,False,B,6,4,196,0,0,7,0,0,1,1,1,2,5,1,0
A,A,177,89,10,9,False,,7,3,167,0,0,5,1,0,1,1,2,0,4,0,0
B,B,205,103,8,10,False,,7,4,194,0,0,2,1,1,1,1,3,0,6,0,0
B,B,149,75,7,10,False,,9,5,131,0,0,4,0,0,0,1,1,3,5,0,0
A,B,158,79,10,2,False,,5,4,149,0,0,7,1,1,0,0,3,1,5,0,0
A,A,169,85,10,4,False,,9,1,159,0,0,5,1,3,0,0,1,2,6,0,0
B,A,278,139,9,10,False,,8,7,263,0,0,9,0,0,0,0,0,4,4,0,0
B,B,241,121,7,10,False,,8,5,228,0,0,5,0,2,0,0,0,2,4,0,0
B,B,297,149,9,10,False,B,7,5,285,0,0,6,1,1,1,0,0,0,2,1,0
B,A,178,89,6,10,False,,9,3,166,0,0,5,1,1,0,0,1,3,5,0,0
A,B,164,82,10,4,False,A,9,1,154,0,0,1,2,1,1,0,0,3,5,1,0
A,B,158,79,10,2,False,,2,8,148,1,2,3,1,0,2,0,1,0,4,0,0
A,A,221,111,10,8,False,B,6,6,209,0,0,5,1,0,1,0,0,1,2,1,0
A,A,251,126,10,8,False,B,6,6,239,0,0,9,0,1,1,0,0,2,4,1,0
A,A,75,38,10,1,False,,10,2,63,0,0,1,2,0,0,0,0,0,0,0,0
B,B,230,116,8,10,False,,5,7,215,0,0,5,0,2,1,1,0,1,5,0,0
A,A,245,123,10,8,False,B,7,5,233,0,0,4,0,1,0,0,1,1,3,1,0
A,A,253,127,10,9,False,B,7,7,239,0,0,8,2,1,0,0,1,1,3,1,0
A,A,257,129,10,9,False,,12,2,243,0,0,6,1,0,1,0,0,0,1,0,0
A,A,181,91,10,8,False,B,7,3,171,0,0,8,1,0,1,1,1,1,4,1,0
B,B,265,133,9,10,False,,8,3,254,0,0,8,0,0,1,0,1,2,4,0,0
B,A,154,77,8,10,False,,9,4,141,0,0,5,1,0,2,2,0,0,4,0,0
A,A,171,86,10,7,False,,7,3,159,0,0,7,1,0,1,2,0,1,4,0,0
B,A,234,117,9,10,False,,10,1,223,0,0,5,1,1,2,0,1,0,4,0,0
B,B,283,142,9,10,False,,6,7,270,0,0,6,0,0,1,0,1,1,3,0,0
B,B,209,105,6,10,False,,7,6,195,0,0,8,0,1,0,1,1,1,4,0,0
B,A,204,103,5,10,False,,9,3,192,0,0,6,0,1,0,1,1,3,6,0,0
A,B,112,56,10,5,False,A,7,5,100,0,0,6,2,0,0,2,1,0,3,1,0
B,B,253,127,8,10,False,,10,3,240,0,0,8,0,2,1,0,0,1,4,0,0
B,B,150,76,6,10,False,,9,1,135,0,0,4,1,1,0,2,1,0,4,0,0
A,B,200,100,10,7,False,,5,9,186,0,0,6,1,1,0,0,2,0,3,0,0
A,A,247,124,10,8,False,,9,5,233,0,0,7,0,3,1,0,0,0,4,0,0
A,B,144,72,10,4,False,,7,3,134,0,0,5,2,0,2,0,2,1,5,0,0
B,A,152,77,5,10,False,,8,2,142,0,0,6,0,1,0,1,2,1,5,0,0
A,B,194,97,10,9,False,,5,5,181,0,0,6,0,1,2,1,0,1,5,0,0
A,A,181,91,10,9,False,,12,4,165,0,0,5,0,1,1,0,0,0,2,0,0
B,A,172,86,6,10,False,,9,2,161,0,0,3,0,1,0,2,1,0,4,0,0
A,A,235,118,10,6,False,,6,7,222,0,0,6,1,0,3,0,1,1,5,0,0
B,A,262,131,8,10,False,,7,6,249,0,0,6,0,0,1,0,0,2,3,0,0
B,A,226,113,9,10,False,B,9,3,214,0,0,7,1,1,0,0,1,1,3,1,0
B,B,166,84,7,10,False,,9,4,152,0,0,4,2,1,0,2,1,0,4,0,0
A,B,262,131,10,8,False,,9,4,249,0,0,4,0,1,1,0,1,0,3,0,0
B,A,184,93,9,11,False,,9,6,169,0,0,6,1,0,1,1,1,0,3,0,0
B,B,188,95,5,10,False,,8,3,175,0,0,5,0,0,1,1,1,2,5,0,0
B,B,161,81,5,10,False,,7,4,148,0,0,7,0,2,0,2,1,0,5,0,0
A,B,198,99,10,7,False,,10,4,184,0,0,6,0,1,1,0,1,1,4,0,0
B,A,182,91,9,10,False,,8,2,172,0,0,6,0,1,0,1,1,1,4,0,0
A,A,217,109,10,7,False,,12,1,204,0,0,6,0,2,1,0,0,1,4,0,0
B,A,160,81,9,10,True,,10,4,146,0,0,3,1,0,0,2,1,1,4,0,0
B,A,146,73,7,10,True,B,9,5,132,0,0,5,2,0,1,0,0,0,1,1,0
A,B,104,52,10,2,False,B,7,4,93,0,0,3,1,1,1,0,0,1,3,1,0
A,B,166,83,10,6,False,,8,4,154,0,0,3,1,2,0,0,1,1,4,0,0
A,B,190,96,10,8,False,,6,6,178,0,0,5,1,1,1,2,1,1,6,0,0
B,B,175,88,8,10,False,,10,6,156,0,0,9,0,2,1,1,0,0,4,0,0
B,A,166,84,8,10,False,B,7,6,153,0,0,8,1,0,0,1,0,1,2,1,0
A,A,167,84,10,6,False,,7,1,159,0,0,9,2,1,1,1,0,4,7,0,0
B,B,253,127,8,10,False,,7,9,237,0,0,8,0,2,0,0,1,1,4,0,0
B,B,147,74,9,10,True,,8,0,137,0,0,8,1,2,0,1,1,2,6,0,0
B,A,164,83,8,10,False,,11,5,148,0,0,4,0,3,0,1,0,0,4,0,0
B,B,144,73,8,10,False,,10,2,129,0,0,4,1,1,3,1,0,1,6,0,0
B,A,206,103,5,10,False,,5,10,191,0,0,7,0,0,2,1,0,1,4,0,0
B,A,270,135,7,10,False,B,8,3,259,1,2,4,0,0,0,0,1,1,3,1,0
B,B,275,138,9,10,False,,8,3,262,0,0,7,0,0,2,1,1,1,5,0,1
A,B,156,78,10,4,False,,7,6,143,0,0,6,1,0,2,0,1,2,5,0,1
B,B,225,113,7,10,False,B,10,2,209,0,0,8,0,0,2,1,0,0,3,1,0
B,B,140,71,7,10,False,,6,4,128,0,0,4,1,1,0,2,1,2,6,0,0
B,A,282,141,6,10,False,,5,6,271,0,0,4,1,1,1,0,1,1,4,0,0
B,B,186,94,9,10,False,,7,5,173,0,0,5,1,0,1,2,0,0,3,0,0
A,B,140,70,10,5,False,B,8,4,128,0,0,4,2,2,0,0,0,0,2,1,0
B,B,193,97,8,10,False,,12,3,176,0,0,5,0,0,0,1,0,1,2,0,0
A,B,234,117,10,5,False,,8,4,222,0,0,7,0,0,2,0,2,0,4,0,0
A,A,201,101,10,9,False,B,7,4,189,0,0,7,1,0,2,2,0,2,6,1,0
B,A,210,105,7,10,False,B,6,7,197,0,0,7,1,0,0,0,1,1,2,1,0
B,A,204,102,9,10,False,,5,3,196,0,0,7,2,1,1,1,2,1,6,0,0
A,B,264,132,10,9,False,,10,2,252,0,0,3,1,0,1,0,1,1,3,0,0
A,A,219,110,10,8,False,,10,3,202,0,0,7,0,0,0,1,1,1,3,0,0
B,B,188,95,6,11,False,,11,2,175,0,0,6,2,0,2,1,0,0,3,0,0
A,A,249,125,10,9,False,,10,3,236,0,0,6,0,0,0,0,1,1,2,0,0
B,A,160,81,8,10,False,,8,4,148,0,0,6,2,1,0,1,0,1,3,0,0
B,A,284,142,8,10,False,,9,6,269,0,0,6,0,1,2,0,0,0,3,0,0
A,A,159,80,10,5,False,,10,5,144,0,0,4,1,1,1,1,0,0,3,0,0
B,B,203,102,7,10,False,,7,4,190,0,0,7,1,1,1,1,0,3,6,0,0
B,A,126,63,8,10,False,B,6,5,113,0,0,4,1,1,2,1,0,0,4,1,0
B,A,176,89,7,10,False,,6,7,163,0,0,6,1,0,0,1,1,1,3,0,0
B,A,218,109,9,10,False,B,5,7,206,0,0,7,1,0,2,0,0,1,3,1,0
A,A,267,134,10,8,False,,7,5,255,0,0,4,1,0,2,0,0,2,4,0,0
B,A,192,96,9,10,True,,6,6,180,0,0,5,1,0,0,1,0,2,3,0,0
A,A,244,123,10,9,False,,3,6,234,0,0,6,0,1,1,2,0,1,5,0,0
B,A,222,111,7,10,False,,8,6,208,0,0,6,0,0,1,1,2,1,5,0,0
A,B,170,85,10,9,False,A,5,3,160,0,0,2,2,0,0,3,2,0,5,1,0
A,B,146,73,10,7,False,,7,5,134,0,0,4,1,1,0,0,1,2,4,0,0
B,A,182,92,6,10,False,B,7,5,170,0,0,5,0,1,0,1,1,0,3,1,0
B,B,181,91,8,10,False,B,7,2,171,0,0,4,2,0,1,1,1,2,5,1,0
B,A,240,120,7,10,False,,6,4,230,0,0,6,1,1,0,1,0,2,4,0,0
B,B,137,69,5,10,False,,7,3,126,0,0,7,1,1,0,1,1,1,4,0,0
B,A,222,111,6,10,False,B,5,9,208,0,0,8,0,0,1,1,0,0,2,1,0
A,B,244,122,10,6,False,,8,5,231,0,0,7,0,0,2,0,0,2,4,0,0
B,B,199,100,8,10,False,,5,7,184,0,0,4,1,0,1,2,1,1,5,0,0
B,A,266,133,9,10,False,,11,5,250,0,0,8,0,2,0,0,0,0,2,0,0
B,B,190,96,8,10,False,,11,1,176,0,0,3,1,0,2,1,0,0,3,0,0
A,A,217,109,10,9,False,,7,4,206,1,2,5,1,0,0,0,1,0,2,0,0
B,A,146,73,8,10,False,,10,5,131,0,0,7,1,1,1,1,0,0,3,0,0
A,B,124,62,10,4,False,,7,4,113,0,0,3,1,0,2,0,1,0,3,0,0
A,A,155,78,10,9,False,,4,5,143,0,0,5,2,1,1,2,1,1,6,0,0
B,B,185,93,7,10,False,,6,5,172,0,0,7,1,2,1,2,0,0,5,0,0
A,A,283,142,10,9,False,,8,3,272,1,2,6,0,0,1,0,1,0,3,0,0
A,B,124,62,10,6,False,B,9,3,112,0,0,8,1,1,1,0,1,0,3,1,0
A,B,210,105,10,6,False,,8,1,201,1,2,6,0,3,2,0,0,0,6,0,0
B,A,186,93,8,10,False,,10,3,173,0,0,4,1,1,1,1,0,1,4,0,0
B,A,238,119,8,10,False,,9,3,226,0,0,6,0,0,0,0,1,2,3,0,0
B,A,158,79,4,10,False,,11,2,145,0,0,4,1,0,0,0,0,3,3,0,0
B,A,260,130,8,10,False,,11,2,247,0,0,3,0,2,1,0,0,1,4,0,0
B,B,229,115,6,10,False,,8,3,218,0,0,6,1,0,0,0,2,2,4,0,0
B,A,298,149,9,10,True,,7,2,289,0,0,2,1,1,3,0,1,0,5,0,0
B,B,175,88,7,10,False,,8,4,159,0,0,5,0,2,1,1,0,0,4,0,0
B,A,142,71,6,10,False,,9,5,126,0,0,5,1,0,0,2,1,0,3,0,0
A,B,222,111,10,9,False,,10,2,210,0,0,4,0,0,0,2,1,2,5,0,0
B,B,227,114,7,10,False,,8,4,215,0,0,6,1,1,1,1,0,0,3,0,0
B,B,263,132,8,10,False,,5,5,253,0,0,4,1,1,2,0,1,1,5,0,0
B,A,172,86,7,10,False,,6,7,159,0,0,5,0,0,0,1,4,0,5,0,0
A,A,221,111,10,9,False,,11,2,208,0,0,4,0,1,2,0,0,1,4,0,0
A,B,176,88,10,5,False,,9,4,163,0,0,6,1,0,2,0,2,1,5,0,0
B,B,165,83,7,10,False,,8,2,154,0,0,7,0,2,1,1,0,1,5,0,0
B,B,249,125,7,10,False,,7,6,236,0,0,6,0,1,1,0,0,1,3,0,0
B,A,210,105,8,10,False,,7,3,200,0,0,6,0,2,1,1,1,0,5,0,0
B,B,157,79,7,10,False,,9,3,142,0,0,6,0,1,1,1,0,0,3,0,0
B,B,208,105,7,10,False,,7,5,196,0,0,6,2,0,2,1,0,2,5,0,0
B,B,207,104,8,10,False,,8,3,193,0,0,7,2,1,2,1,0,1,5,0,0
B,A,176,88,7,10,False,,3,4,169,1,2,2,2,1,1,0,2,2,6,1,0
A,B,162,81,10,7,False,,9,2,151,0,0,5,1,1,0,0,1,0,2,0,0
A,B,216,108,10,6,False,,4,5,207,1,2,3,2,2,1,0,1,0,5,0,0
A,A,251,126,10,9,False,,10,5,236,0,0,7,2,0,0,0,1,2,3,0,0
B,B,247,124,7,10,False,B,6,7,234,0,0,7,0,0,1,0,1,1,3,1,0
B,B,111,56,4,10,False,A,9,3,99,0,0,6,1,0,1,1,0,0,2,1,0
A,A,261,131,10,8,False,A|B,9,2,250,0,0,9,1,2,1,0,0,0,3,2,0
A,B,226,113,10,7,False,,9,2,215,0,0,6,1,1,1,0,2,0,4,0,0
B,B,155,78,6,10,False,,11,5,139,0,0,3,1,0,0,0,0,1,1,0,0
A,A,173,87,10,8,False,,7,2,163,0,0,7,2,0,2,1,2,0,5,0,0
B,B,213,107,8,10,False,B,5,1,207,0,0,6,2,1,2,0,0,1,4,1,2
B,A,156,78,6,10,False,B,5,7,144,0,0,8,1,2,0,1,0,0,3,1,0
B,A,208,104,5,10,False,,7,2,199,0,0,4,1,0,2,1,1,0,4,0,0
A,B,210,105,10,9,False,,11,0,199,0,0,9,0,0,1,0,1,1,3,0,0
B,A,208,104,8,10,False,,9,5,194,0,0,5,0,0,1,0,0,1,2,0,0
A,B,194,97,10,8,False,,11,5,178,0,0,8,1,0,1,0,1,0,2,0,0
A,B,242,121,10,8,False,,8,3,231,0,0,7,1,0,2,0,0,1,3,0,0
B,A,150,75,8,10,False,A|B,6,3,141,0,0,8,2,1,0,1,0,1,3,2,0
A,B,232,116,10,7,False,,6,7,216,0,0,6,0,1,1,2,1,0,5,0,0
B,B,205,103,8,10,False,,10,2,190,0,0,7,1,0,0,1,0,1,2,0,0
A,B,220,110,10,9,False,B,9,5,206,0,0,8,1,0,0,0,1,0,1,1,0
B,B,191,96,9,10,True,,6,6,179,0,0,5,1,1,1,1,0,0,3,0,0
B,B,179,90,8,10,False,B,9,3,167,0,0,8,1,0,1,0,0,1,2,1,0
A,A,223,112,10,9,False,,10,4,209,0,0,7,0,2,1,0,0,0,3,0,0
B,B,245,123,9,10,False,B,6,6,231,0,0,8,1,3,0,0,1,0,4,1,0
B,B,182,92,9,10,False,,12,2,167,0,0,6,1,1,1,1,1,0,4,0,0
A,B,132,66,10,5,False,,9,0,123,0,0,4,1,2,2,0,2,0,6,0,0
A,B,182,91,10,9,False,,6,6,166,0,0,4,1,0,1,1,0,2,4,0,0
A,B,112,56,10,1,False,,10,2,100,0,0,3,2,1,0,0,0,1,2,0,0
B,A,276,138,9,10,False,,7,6,263,0,0,4,0,1,1,0,0,2,4,0,0
B,A,148,75,6,10,False,,11,1,136,0,0,5,0,0,0,2,0,0,2,0,0
B,A,122,61,4,10,False,B,7,5,110,0,0,5,1,1,1,1,0,1,4,1,0
A,B,154,77,10,4,False,,6,5,143,0,0,5,1,1,0,1,2,0,4,0,0
B,B,202,102,9,10,False,,4,5,191,0,0,7,0,0,2,3,1,1,7,0,0
B,A,268,134,9,10,False,B,6,3,259,0,0,11,0,0,1,0,2,1,4,1,0
B,B,161,81,9,10,False,,6,7,144,0,0,4,0,2,0,4,0,0,6,0,0
A,B,174,87,10,9,False,,11,3,156,0,0,4,1,1,0,1,1,1,4,0,0
B,A,202,101,7,10,False,,10,4,184,0,0,5,0,2,0,0,0,0,2,0,0
A,B,200,101,10,8,False,,4,7,189,0,0,5,2,2,0,1,2,2,7,0,0
B,B,239,120,8,10,False,,9,6,224,0,0,4,0,1,0,0,0,1,2,0,0
A,A,137,69,10,8,False,B,11,3,123,0,0,7,1,1,1,1,1,0,4,1,0
B,A,180,90,7,10,False,,10,2,168,1,2,6,2,0,1,2,0,0,4,0,0
B,A,212,106,6,10,False,,6,3,203,0,0,7,0,1,1,1,1,1,5,0,1
A,B,140,71,10,4,False,,9,4,127,0,0,5,0,0,2,1,0,0,3,0,0
B,A,148,74,6,10,False,,6,5,137,0,0,2,1,1,0,1,2,0,4,0,0
A,B,184,93,10,9,False,,5,6,169,0,0,4,0,1,0,2,3,0,6,0,0
A,A,233,117,10,8,False,,9,4,220,0,0,9,2,1,0,0,1,1,3,0,0
A,A,79,40,10,0,False,,6,3,70,0,0,3,1,0,0,1,0,0,1,0,0
B,A,210,105,7,10,False,,9,4,197,0,0,4,0,1,0,0,1,1,3,0,0
B,A,330,165,9,10,False,,4,10,316,0,0,9,1,1,0,0,0,2,3,0,0
B,A,150,75,3,10,False,B,8,3,139,0,0,4,2,2,1,1,0,1,5,1,0
A,A,185,93,10,6,False,B,6,5,174,0,0,4,1,1,0,1,1,0,3,1,0
B,A,186,93,6,10,False,,10,2,174,0,0,9,0,2,1,2,0,1,6,0,0
A,A,301,151,10,9,False,,7,6,288,0,0,4,1,1,1,0,1,0,3,0,0
B,B,156,79,5,10,False,,9,5,142,0,0,5,0,1,0,2,1,1,5,0,0
B,B,230,116,7,10,False,,5,8,215,0,0,4,0,2,1,1,0,1,5,0,0
A,B,246,123,10,9,False,,6,4,234,0,0,4,1,1,0,2,0,2,5,0,0
B,A,218,109,8,10,False,,5,4,209,0,0,8,0,1,3,2,1,1,8,0,0
A,B,278,139,10,8,False,,8,5,265,0,0,7,0,1,2,0,0,1,4,0,0
B,A,132,66,5,10,False,B,7,5,120,0,0,6,1,0,1,2,0,1,4,1,0
A,A,221,111,10,8,False,B,8,3,210,0,0,5,2,1,0,0,1,1,3,1,0
A,A,141,71,10,4,False,,4,9,128,0,0,6,1,0,0,0,0,2,2,0,0
B,B,163,82,6,10,False,,11,4,145,0,0,6,0,1,1,1,0,0,3,0,0
B,A,244,122,8,10,False,,8,2,234,1,2,6,0,0,2,0,1,0,4,0,0
B,A,212,106,8,10,False,,8,3,201,0,0,4,1,1,0,1,1,1,4,0,0
B,B,267,134,8,10,False,,13,4,250,0,0,8,1,0,1,0,0,0,1,0,0
B,A,202,101,9,10,False,,7,4,191,0,0,7,2,1,0,0,0,2,3,0,0
A,B,206,103,10,7,False,,11,3,192,0,0,6,0,0,0,0,2,0,2,0,0
B,A,122,61,4,10,False,,7,5,110,0,0,6,1,1,0,1,1,0,3,0,0
A,B,198,99,10,7,False,,7,4,184,0,0,3,2,1,1,1,1,1,5,0,0
B,A,182,91,8,10,False,,4,8,168,0,0,4,1,0,0,2,1,1,4,0,0
B,A,180,90,6,10,False,B,6,5,169,0,0,6,2,1,0,2,2,0,5,1,0
B,A,236,118,9,10,False,,9,6,221,0,0,6,1,0,0,0,1,1,2,0,0
B,B,251,126,5,10,False,B,4,7,239,0,0,3,0,0,1,1,1,1,4,1,0
B,A,202,101,8,10,False,B,5,6,191,0,0,5,1,0,1,2,1,0,4,1,0
A,B,138,70,10,4,False,,7,2,129,1,2,6,1,0,1,1,1,2,6,0,0
B,A,178,89,4,10,False,,8,4,166,0,0,8,0,0,2,2,1,1,6,0,0
B,B,209,105,7,10,False,,6,8,191,0,0,7,1,1,0,1,0,0,2,0,0
B,A,262,131,8,10,False,,9,7,246,0,0,3,0,1,1,0,0,0,2,0,0
A,B,256,128,10,9,False,,8,5,243,0,0,6,1,1,2,0,1,0,4,0,0
B,A,256,128,7,10,False,A|B,5,5,246,0,0,6,0,1,0,1,2,1,5,2,0
B,B,229,115,8,10,False,,8,2,219,0,0,6,0,2,2,0,1,1,6,0,0
A,B,132,66,10,6,False,,9,3,118,0,0,3,1,1,0,2,0,2,5,0,0
B,B,233,117,7,10,False,,8,5,220,0,0,9,0,1,0,1,1,1,4,0,0
A,A,227,114,10,7,False,B,7,5,213,0,0,7,1,1,2,1,0,0,4,1,0
A,A,243,122,10,8,False,,8,3,232,0,0,4,1,0,2,0,0,1,3,0,0
B,A,264,132,7,10,False,,7,4,253,0,0,7,0,2,0,0,2,0,4,0,1
A,B,122,61,10,3,False,,9,4,109,0,0,6,2,2,0,1,1,0,4,0,1
A,B,172,86,10,7,False,,4,5,160,0,0,2,1,1,1,2,1,1,6,0,0
A,A,129,65,10,4,False,B,7,3,117,0,0,3,1,1,0,0,2,2,5,1,0
B,B,150,76,6,10,False,,8,4,137,0,0,6,1,1,0,1,1,0,3,0,0
A,B,142,71,10,4,False,,4,6,132,0,0,5,1,1,1,0,1,2,5,0,0
B,A,202,101,7,10,False,,7,4,191,0,0,4,0,3,1,0,2,0,6,0,0
B,A,196,99,8,10,False,,7,7,182,0,0,8,0,1,2,1,0,1,5,0,0
A,B,128,64,10,7,False,B,9,2,113,0,0,7,1,0,0,3,2,1,6,1,0
B,A,222,111,6,10,False,,8,4,210,0,0,8,0,3,1,0,1,0,5,0,0
A,A,129,65,10,6,False,,9,5,115,0,0,3,1,1,2,0,0,1,4,0,0
A,A,205,103,10,8,False,,7,4,194,0,0,9,1,2,1,0,2,1,6,0,0
B,B,182,92,8,10,False,,9,2,168,0,0,5,0,2,1,1,0,0,4,0,0
B,B,203,102,9,10,False,B,8,4,191,0,0,8,2,0,1,0,0,1,2,1,0
B,B,109,55,5,10,False,B,7,4,96,0,0,1,1,2,0,2,0,0,4,1,0
B,B,183,92,7,10,False,,10,4,167,0,0,5,1,0,0,1,1,0,2,0,0
A,A,187,94,10,6,False,,5,4,178,0,0,3,1,2,1,0,2,1,6,0,0
A,A,153,77,10,4,False,,9,4,140,0,0,5,1,1,0,0,2,0,3,0,0
B,A,194,98,7,10,False,,7,8,179,0,0,4,0,2,0,1,0,0,3,0,0
A,A,165,83,10,7,False,,2,3,159,0,0,6,1,2,4,1,1,0,8,0,0
B,A,202,101,9,10,False,,10,3,189,1,2,7,1,1,0,0,0,0,2,0,0
B,B,231,116,8,10,False,,9,5,213,0,0,9,0,1,2,2,0,0,5,0,0
A,B,124,62,10,3,False,,6,5,113,0,0,5,1,2,0,1,0,1,4,0,0
B,B,229,115,6,10,False,,6,5,217,0,0,4,0,1,0,1,1,2,5,0,0
A,B,274,137,10,9,False,,8,1,265,0,0,4,0,2,3,0,1,1,7,0,0
A,A,161,81,10,9,False,B,10,3,148,0,0,5,1,0,2,0,0,0,2,1,0
B,B,187,94,8,10,False,,10,2,175,0,0,7,0,0,1,2,0,2,5,0,0
A,A,133,67,10,4,False,,6,4,123,1,2,5,1,1,2,0,1,0,5,0,1
B,A,252,126,6,10,False,,5,7,240,0,0,9,0,1,0,0,1,1,3,0,1
B,B,231,116,8,10,False,,8,2,217,0,0,5,1,0,2,1,1,0,4,0,0
B,B,123,62,7,10,False,,10,3,109,0,0,5,1,0,0,1,0,1,2,0,0
B,A,206,103,5,10,False,B,6,8,192,0,0,5,1,2,0,0,0,0,2,1,0
A,A,253,127,10,9,False,,8,8,237,0,0,5,1,0,0,0,0,1,1,0,0
B,B,185,93,5,10,False,B,6,5,170,0,0,9,0,1,1,1,0,1,4,1,0
B,B,219,110,8,10,False,B,4,5,205,0,0,8,1,0,1,2,1,0,4,1,0
B,B,154,78,9,10,False,,6,2,145,0,0,4,2,1,2,1,1,1,6,0,0
B,B,235,118,8,10,False,,12,2,221,0,0,5,1,2,1,0,1,0,4,0,0
B,A,212,106,6,10,False,,8,5,199,0,0,4,0,0,1,0,1,0,2,0,0
B,A,212,106,8,10,False,,5,3,204,1,2,3,0,1,0,0,2,0,4,0,0
A,A,137,69,10,4,False,A,8,3,126,0,0,6,2,0,1,0,2,0,3,1,0
B,B,185,93,6,10,False,,5,5,174,0,0,5,2,0,2,1,2,1,6,0,0
B,A,176,89,7,10,False,,7,4,163,0,0,5,1,0,1,2,1,1,5,0,0
B,B,160,81,7,11,False,B,8,2,149,0,0,5,2,1,1,1,0,1,4,1,0
A,B,230,115,10,7,False,,7,5,218,0,0,4,1,0,2,0,0,1,3,0,0
B,B,184,93,8,10,False,,7,4,170,0,0,6,1,2,0,1,1,1,5,0,0
A,B,212,106,10,9,False,,8,3,198,0,0,8,1,0,0,2,0,1,3,0,1
B,A,144,72,5,10,False,,12,2,130,0,0,6,2,0,0,1,0,0,1,0,0
B,A,130,65,7,10,False,,7,5,118,0,0,1,1,1,1,1,2,0,5,0,0
B,A,172,86,5,10,False,,7,6,159,0,0,4,0,0,0,1,1,1,3,0,0
A,A,241,121,10,5,False,B,5,6,229,0,0,5,0,1,1,1,1,0,4,1,0
A,B,154,77,10,9,False,,6,5,141,0,0,5,1,1,0,2,0,0,3,0,0
B,A,148,74,7,10,False,,10,5,133,0,0,5,1,0,0,0,1,0,1,0,0
B,B,198,100,9,10,False,,9,2,183,0,0,4,0,0,1,3,1,0,5,0,0
A,A,177,89,10,4,False,,7,1,169,0,0,3,1,3,0,0,1,1,5,0,0
B,A,246,123,6,10,False,,9,6,231,0,0,6,0,2,0,0,0,0,2,0,0
B,A,238,119,9,10,False,,6,5,227,1,2,6,0,0,0,0,1,0,2,0,0
B,A,156,78,6,10,False,,8,3,143,0,0,7,1,1,1,2,1,0,5,0,0
B,A,186,93,8,10,False,,9,5,172,0,0,6,1,0,1,1,1,0,3,0,0
B,A,168,84,7,10,False,,10,4,154,0,0,10,0,1,1,0,0,1,3,0,0
A,B,148,75,10,6,False,,7,7,134,0,0,4,2,0,1,1,0,0,2,0,0
A,A,101,51,10,1,False,,5,2,94,0,0,3,2,2,1,1,0,0,4,0,0
A,A,241,121,10,9,False,,8,8,225,0,0,7,1,1,1,0,1,0,3,0,0
B,A,232,116,6,10,False,,7,3,222,0,0,7,0,0,1,0,1,1,3,0,0
B,B,229,115,9,10,True,,11,1,216,0,0,4,0,2,0,1,1,1,5,0,0
B,B,215,108,7,10,False,B,5,6,204,0,0,8,1,2,0,0,0,1,3,1,1
A,B,154,77,10,6,False,,7,8,139,0,0,6,0,0,0,1,2,1,4,0,0
B,B,203,102,8,10,False,,8,3,192,0,0,6,0,1,1,0,1,1,4,0,0
A,A,183,92,10,8,False,B,8,5,170,0,0,8,1,0,1,0,0,0,1,1,1
B,B,247,124,7,10,False,,6,4,237,0,0,5,1,3,1,0,1,0,5,0,0
B,B,167,84,9,10,True,,5,8,151,0,0,2,1,1,1,2,0,0,4,0,0
B,A,196,99,7,11,False,,2,5,189,0,0,8,2,2,2,1,0,2,7,0,0
B,A,226,113,9,10,False,,9,5,212,0,0,5,0,1,2,1,0,0,4,0,0
B,B,177,89,6,10,False,,7,8,162,0,0,5,1,1,2,0,1,0,4,0,0
B,A,228,114,7,10,False,,11,4,213,0,0,4,1,1,0,1,1,0,3,0,0
A,B,180,90,10,6,False,,6,3,171,0,0,6,1,0,3,0,1,1,5,0,0
B,B,221,111,7,10,False,,5,4,212,1,2,3,0,1,2,0,1,0,5,0,0
B,B,193,97,8,10,False,,3,8,180,0,0,6,2,0,0,1,1,2,4,0,0
B,B,213,107,6,10,False,,6,6,199,0,0,6,0,0,0,2,1,2,5,0,0
A,B,238,119,10,7,False,,9,3,226,0,0,6,0,0,2,0,1,1,4,0,0
B,A,248,124,7,10,False,B,8,2,238,0,0,8,2,1,0,0,1,2,4,1,0
B,A,198,100,6,10,False,B,8,3,187,0,0,9,0,1,1,2,0,1,5,1,0
B,A,246,123,9,10,False,,11,8,227,0,0,8,1,0,0,0,0,0,0,0,0
B,B,201,101,9,10,False,A|B,4,6,191,0,0,8,3,1,0,0,1,2,4,2,0
B,B,169,85,5,10,False,B,7,5,156,0,0,6,1,0,1,1,1,1,4,1,0
B,A,242,121,8,10,False,,3,5,234,1,2,7,1,2,2,0,1,0,6,0,0
B,A,218,109,7,10,False,B,8,4,206,0,0,7,1,0,1,0,1,0,2,1,0
B,B,179,90,5,10,False,,4,7,168,1,2,3,2,1,1,1,0,2,5,1,0
A,B,70,35,10,1,False,,6,2,62,0,0,2,1,0,0,0,2,2,4,0,0
B,A,200,100,7,10,False,,11,2,187,0,0,6,0,0,1,0,2,1,4,0,0
B,B,219,110,6,10,False,,8,3,207,0,0,7,1,0,1,1,0,1,3,0,0
A,B,222,111,10,8,False,,7,3,212,0,0,5,0,0,0,0,2,3,5,0,0
B,A,218,109,4,10,False,,4,8,206,0,0,5,0,1,0,1,1,2,5,0,0
A,B,106,53,10,1,False,,7,5,94,0,0,4,1,1,0,0,1,1,3,0,0
B,A,132,66,6,10,False,,9,7,116,0,0,5,0,0,0,1,1,0,2,0,0
A,B,232,116,10,6,False,B,8,4,220,0,0,8,0,1,0,0,2,0,3,1,0
A,B,132,66,10,6,False,,6,6,120,0,0,4,1,1,0,1,2,0,4,0,0
B,A,142,72,7,10,False,B,7,2,133,0,0,6,2,1,0,1,1,0,3,1,0
B,B,139,70,6,10,False,,8,3,125,0,0,4,1,1,1,2,0,0,4,0,0
B,B,251,126,5,11,False,,6,5,239,0,0,8,1,0,0,1,1,0,2,0,0
A,A,169,85,10,4,False,,9,4,156,0,0,7,1,1,1,0,0,1,3,0,0
B,A,228,114,8,10,False,,6,8,214,0,0,6,0,0,3,0,0,1,4,0,0
B,B,167,84,4,10,False,,6,5,156,0,0,5,2,1,2,0,0,0,3,0,0
A,B,180,90,10,8,False,,8,2,170,0,0,7,1,0,2,1,1,2,6,0,1
B,A,152,76,5,10,False,,7,0,145,1,2,8,0,0,1,1,2,1,6,0,0
B,A,194,97,9,10,False,,5,6,183,0,0,5,2,0,3,0,1,0,4,0,0
B,B,249,125,8,10,False,,9,4,236,0,0,7,1,2,1,0,0,1,4,0,0
B,B,169,85,5,10,False,,6,5,156,0,0,7,0,1,0,1,2,2,6,0,0
B,A,180,90,6,10,False,,7,6,167,0,0,4,0,0,1,1,0,1,3,0,0
A,B,148,75,10,8,False,,3,5,137,0,0,6,3,1,1,2,1,1,6,0,0
B,B,179,90,8,10,False,B,9,3,167,0,0,6,2,0,1,0,0,0,1,1,0
A,B,230,115,10,9,False,B,8,6,216,0,0,6,1,1,1,0,0,0,2,1,0
B,B,273,137,9,10,False,,8,6,259,0,0,6,0,3,0,0,1,1,5,0,0
A,B,238,119,10,8,False,,10,3,225,0,0,6,0,0,1,0,0,1,2,0,0
B,A,144,72,8,10,False,,9,1,131,0,0,5,0,1,0,3,0,2,6,0,0
B,A,136,68,6,10,False,A,7,2,127,0,0,5,2,1,0,1,2,0,4,1,0
B,A,218,109,6,10,False,,9,3,206,0,0,9,1,2,0,0,1,2,5,0,0
A,B,96,48,10,5,False,,7,1,87,0,0,5,2,1,0,1,1,0,3,0,0
B,A,154,77,8,10,False,,6,4,144,0,0,4,1,0,1,2,1,1,5,0,0
A,A,93,47,10,1,False,,5,5,83,0,0,2,2,2,0,0,2,1,5,0,0
A,A,229,115,10,7,False,,12,3,214,0,0,2,0,1,0,0,1,0,2,0,0
B,A,210,106,7,10,False,,9,3,198,0,0,7,0,0,2,1,0,1,4,0,0
B,B,181,91,9,10,False,,10,3,167,0,0,9,1,0,2,1,2,0,5,0,0
A,A,255,128,10,9,False,,8,6,241,0,0,6,0,1,0,0,2,1,4,0,0
A,B,196,98,10,7,False,B,9,2,185,0,0,6,1,1,2,0,1,0,4,1,0
B,B,199,100,6,10,False,,9,7,183,0,0,7,0,1,0,0,0,1,2,0,0
A,B,146,73,10,5,False,,9,3,134,0,0,3,1,1,0,1,0,1,3,0,0
B,A,276,138,8,10,False,,9,3,264,0,0,8,1,1,1,0,1,1,4,0,0
B,B,204,103,8,10,False,,9,5,187,0,0,9,0,1,1,1,0,0,3,0,0
B,A,202,101,8,10,False,,7,1,194,0,0,5,0,2,0,1,2,1,6,0,0
B,A,218,109,8,10,False,,9,4,205,0,0,6,0,2,0,1,1,1,5,0,0
A,B,228,114,10,7,False,B,4,6,218,0,0,3,1,1,3,0,0,0,4,1,0
A,A,118,60,10,6,False,,10,1,105,0,0,3,1,0,1,2,1,1,5,0,0
B,B,190,96,9,10,False,,8,4,176,0,0,10,1,1,0,2,0,1,4,0,0
B,B,168,85,7,10,False,A,6,4,158,0,0,4,1,0,1,1,0,1,3,1,0
B,A,166,83,3,10,False,B,8,3,155,0,0,3,1,1,0,1,1,1,4,1,0
A,A,203,102,10,8,False,,7,5,190,0,0,6,0,2,2,1,0,0,5,0,0
A,B,272,136,10,9,False,,7,4,261,0,0,7,1,0,1,0,1,2,4,0,0
B,B,231,116,7,10,False,,10,2,217,0,0,3,0,2,0,1,1,1,5,0,0
A,B,246,123,10,7,False,,10,1,235,0,0,5,0,1,1,0,1,2,5,0,0
A,B,94,47,10,2,False,,8,5,81,0,0,5,1,1,0,0,0,0,1,0,0
A,B,208,104,10,9,False,,10,1,197,0,0,6,1,1,1,0,0,2,4,0,0
A,B,212,106,10,7,False,,12,3,195,0,0,7,0,0,0,0,0,0,0,0,0
B,B,235,118,7,10,False,,7,5,223,0,0,4,1,1,1,0,1,0,3,0,0
B,A,218,109,8,10,False,,7,6,205,0,0,6,1,2,0,1,0,2,5,0,0
B,A,176,89,7,10,False,B,9,3,164,0,0,8,0,1,0,1,1,1,4,1,0
A,B,152,76,10,5,False,,7,8,137,0,0,4,1,0,1,0,0,0,1,0,0
B,B,213,107,7,10,False,,7,1,203,0,0,7,1,2,1,2,1,1,7,0,0
A,B,276,138,10,8,False,,10,3,263,1,2,9,0,1,0,0,0,1,3,0,0
A,B,276,138,10,8,False,A,5,6,265,0,0,6,1,2,1,0,1,0,4,1,0
B,B,203,102,8,10,False,,12,1,189,0,0,5,0,0,0,2,0,1,3,0,0
B,A,176,88,6,10,False,,9,6,161,0,0,7,0,0,1,1,0,0,2,0,0
B,B,247,124,8,10,False,,6,6,235,0,0,7,2,0,1,0,2,0,3,0,1
B,B,265,133,9,10,False,B,5,7,253,0,0,3,1,0,0,0,1,1,2,1,0
B,A,196,98,7,10,False,,7,6,183,0,0,4,0,0,2,1,0,0,3,0,0
B,B,147,74,6,10,False,B,8,3,132,0,0,6,0,0,1,2,0,2,5,1,0
A,B,262,131,10,8,False,,7,8,247,0,0,5,1,2,0,0,0,2,4,0,0
B,A,180,91,7,10,False,,10,3,167,0,0,9,0,1,1,1,1,1,5,0,0
A,B,238,119,10,8,False,,8,2,228,0,0,8,0,2,2,0,1,1,6,0,0
B,A,148,74,8,10,False,,9,2,135,0,0,7,1,0,1,1,2,0,4,0,0
B,A,144,72,6,10,False,,9,4,131,0,0,5,0,1,1,1,1,0,4,0,0
B,B,199,100,7,10,False,B,11,4,184,0,0,10,0,1,0,0,2,0,3,1,0
B,B,141,71,6,10,False,,8,3,129,0,0,6,0,0,1,1,0,1,3,0,0
A,B,220,110,10,8,False,,10,4,206,0,0,5,0,0,2,0,0,1,3,0,0
B,B,154,78,6,10,False,,8,4,140,0,0,8,1,2,0,1,0,0,3,0,0
B,B,207,104,8,10,False,,6,9,192,0,0,6,0,1,0,0,2,1,4,0,0
A,B,208,104,10,9,False,B,10,2,196,0,0,6,2,0,1,0,1,1,3,1,0
B,B,185,93,6,10,False,B,7,6,172,0,0,8,1,1,1,0,0,1,3,1,0
B,A,246,123,7,10,False,B,6,6,234,0,0,7,0,1,0,0,2,1,4,1,0
B,A,274,137,9,10,False,,10,2,262,1,2,10,0,1,1,0,0,0,3,0,0
B,B,166,84,7,10,False,B,6,4,152,0,0,6,0,0,0,3,0,2,5,1,0
B,B,257,129,5,10,False,,10,4,243,0,0,6,0,1,2,0,0,0,3,0,0
A,A,213,107,10,8,False,,11,2,197,0,0,5,0,3,1,1,0,1,6,0,0
A,A,229,115,10,8,False,,9,4,214,0,0,4,0,1,2,0,1,0,4,0,0
A,B,120,60,10,5,False,B,9,4,107,0,0,5,2,1,0,0,0,1,2,1,0
B,A,210,105,8,11,False,B,6,4,200,0,0,10,3,1,0,0,1,1,3,1,0
B,A,250,125,9,10,False,,8,3,239,0,0,3,0,2,1,1,0,0,4,0,0
B,A,160,80,8,10,False,,9,4,147,0,0,6,1,0,1,1,1,0,3,0,0
A,B,212,106,10,8,False,,3,8,201,0,0,6,1,2,1,1,1,0,5,0,0
B,A,258,129,8,10,False,B,8,5,245,0,0,7,2,1,0,0,1,1,3,1,0
B,B,313,157,9,10,False,,4,5,304,0,0,7,1,1,2,0,0,2,5,0,0
A,B,202,102,10,6,False,,5,3,194,0,0,9,0,1,1,1,1,2,6,0,1
B,B,187,94,7,10,False,,10,1,174,0,0,4,0,0,2,1,2,0,5,0,0
A,B,236,118,10,8,False,,11,4,221,0,0,6,0,0,1,0,0,2,3,0,0
B,A,160,80,5,10,False,,7,2,151,0,0,6,1,3,0,2,1,0,6,0,0
B,A,106,53,6,10,False,B,9,2,95,0,0,3,3,0,0,1,0,1,2,1,0
B,A,220,110,7,10,False,,10,4,206,0,0,6,1,2,0,0,0,1,3,0,0
B,B,103,52,6,10,False,B,8,1,92,0,0,3,2,0,1,1,1,0,3,1,0
A,A,201,101,10,6,False,A,5,6,190,0,0,5,0,2,0,0,2,1,5,1,0
A,A,89,45,10,2,False,,3,4,82,1,2,3,1,0,0,0,2,0,2,1,0
A,B,126,63,10,7,False,,9,5,112,0,0,3,1,0,1,0,1,2,4,0,0
A,A,187,94,10,7,False,A,11,2,174,0,0,4,1,0,2,0,0,0,2,1,0
B,B,138,70,8,10,False,,6,6,122,0,0,11,0,2,2,2,1,0,7,0,0
A,B,108,54,10,3,False,,12,2,94,0,0,4,1,0,0,0,1,0,1,0,0
B,B,180,91,6,10,False,,8,5,164,0,0,4,0,1,1,3,0,1,6,0,0
A,A,107,54,10,5,False,,11,1,95,0,0,7,1,1,0,1,1,2,5,0,0
B,B,275,138,9,10,False,,9,5,261,0,0,6,0,2,0,0,0,1,3,0,0
B,A,240,120,7,10,False,,7,5,228,0,0,6,0,0,2,0,0,0,2,0,0
A,B,170,85,10,8,False,B,5,4,161,0,0,7,2,0,1,1,2,1,5,1,0
B,B,193,97,7,10,False,B,4,4,184,0,0,4,2,1,2,1,2,0,6,1,0
B,A,230,115,9,10,False,B,12,2,216,0,0,6,0,0,0,0,0,1,1,1,0
B,A,188,95,8,10,False,B,7,4,177,0,0,5,1,1,0,1,2,0,4,1,1
B,B,259,130,9,10,False,,9,3,247,0,0,5,0,2,0,0,1,1,4,0,0
B,B,235,118,7,10,False,,7,4,224,0,0,4,0,0,0,0,3,1,4,0,0
A,A,243,122,10,6,False,,5,5,233,0,0,8,0,2,2,0,0,1,5,0,0
B,A,176,89,8,10,False,,5,6,165,0,0,4,2,1,1,1,2,0,5,0,0
B,A,164,82,6,10,False,,9,4,151,0,0,5,1,1,0,1,0,1,3,0,0
B,B,177,89,7,10,False,,10,4,163,0,0,7,0,0,2,1,0,1,4,0,0
B,A,212,107,8,10,False,A,7,6,199,0,0,7,1,0,1,2,0,0,3,1,0
B,B,190,96,5,10,False,,7,3,179,0,0,4,1,0,1,1,0,1,3,0,0
B,B,215,108,9,11,True,,10,4,201,0,0,6,2,1,1,0,0,0,2,0,0
A,B,220,110,10,9,False,,9,6,204,0,0,2,1,1,0,1,2,0,4,0,0
B,A,168,84,6,10,False,B,3,6,159,0,0,7,1,1,1,2,2,0,6,1,0
B,B,232,117,7,10,False,,7,3,219,0,0,6,0,1,3,1,0,0,5,0,0
A,B,160,80,10,9,False,,9,2,146,0,0,7,1,1,1,1,0,2,5,0,1
B,B,106,54,7,10,False,B,8,4,91,0,0,4,1,0,0,2,1,0,3,1,0
B,B,176,89,8,10,False,B,7,3,163,0,0,9,1,1,0,1,1,2,5,1,0
A,B,210,105,10,9,False,,7,2,196,1,2,6,0,0,0,2,2,1,6,0,0
A,A,202,102,10,9,False,B,6,5,186,0,0,5,0,1,1,1,2,0,5,1,0
B,A,186,93,8,10,False,,8,6,172,0,0,8,1,2,1,1,1,1,6,0,0
B,A,164,82,8,11,False,,8,4,152,0,0,6,2,0,2,1,1,0,4,0,0
B,A,168,84,6,10,False,,8,5,155,0,0,4,0,2,1,1,0,1,5,0,0
B,B,239,120,7,10,False,B,7,6,226,0,0,5,0,0,1,0,2,1,4,1,0
B,B,251,126,8,10,False,,7,9,235,0,0,9,0,0,0,0,0,1,1,0,0
B,B,151,76,5,10,False,B,10,0,138,0,0,4,1,0,1,3,0,1,5,1,0
A,B,198,99,10,9,False,B,7,6,185,0,0,4,1,1,1,0,1,1,4,1,0
A,B,172,86,10,7,False,A|B,10,2,160,0,0,6,1,0,1,1,0,0,2,2,0
B,B,156,79,7,10,False,B,6,5,143,0,0,9,1,0,1,2,1,1,5,1,0
B,A,148,74,5,10,False,,9,4,135,0,0,6,0,2,1,1,1,0,5,0,0
B,B,209,105,8,10,False,,6,4,198,0,0,5,1,3,0,2,1,0,6,0,0
A,B,176,88,10,4,False,,10,5,161,0,0,1,1,0,1,0,0,0,1,0,0
B,B,197,99,6,10,False,,9,3,185,1,2,9,0,2,1,0,0,1,4,1,0
B,B,223,112,8,10,False,B,10,4,209,0,0,7,0,0,1,0,1,0,2,1,0
A,A,219,110,10,8,False,B,5,4,208,0,0,4,1,0,2,1,3,1,7,1,0
A,A,197,99,10,5,False,,7,3,186,0,0,7,0,1,1,1,0,2,5,0,0
B,B,247,124,7,10,False,B,7,7,233,0,0,4,0,0,2,0,0,1,3,1,0
B,B,159,80,9,10,False,,9,4,144,0,0,6,2,0,0,2,0,0,2,0,0
B,B,188,95,5,10,False,B,7,4,174,0,0,9,1,0,1,3,0,1,5,1,0
A,A,215,108,10,8,False,B,7,5,203,0,0,7,0,2,0,0,1,1,4,1,0
B,B,253,127,7,10,False,,10,5,238,0,0,10,0,1,1,0,1,1,4,0,0
A,A,181,91,10,8,False,,3,7,171,1,2,9,1,1,0,1,3,0,5,1,0
B,A,214,107,5,10,False,B,7,5,202,0,0,7,1,0,2,1,0,0,3,1,0
B,A,218,109,7,10,False,,10,3,205,1,2,7,0,1,1,0,0,1,4,0,0
B,B,152,77,5,10,False,B,10,4,134,0,0,5,0,0,2,2,0,0,4,1,0
A,A,181,91,10,9,False,,11,2,166,0,0,2,0,0,0,0,3,0,3,0,0
B,A,238,119,6,10,False,,7,7,224,0,0,6,1,1,2,0,0,0,3,0,0
B,B,211,106,8,10,False,,6,7,198,0,0,4,1,0,1,0,1,1,3,0,0
B,B,186,94,7,10,False,,5,6,174,0,0,6,0,0,0,1,1,1,3,0,0
B,A,132,66,5,10,False,B,9,3,120,0,0,7,0,2,0,3,0,0,5,1,0
A,B,222,111,10,7,False,,7,5,210,0,0,6,0,1,1,1,1,1,5,0,0
B,A,96,48,4,10,False,B,6,1,89,0,0,3,1,1,1,2,1,0,5,1,0
B,A,200,100,7,10,False,,10,4,186,0,0,4,2,0,0,0,1,1,2,0,0
B,A,232,116,9,10,False,,8,7,217,0,0,6,0,2,0,0,0,1,3,0,0
B,B,151,76,6,10,False,B,10,3,136,0,0,8,1,1,0,1,0,1,3,1,0
A,B,160,80,10,6,False,,12,4,144,0,0,5,0,1,0,0,1,0,2,0,0
B,B,309,155,9,10,False,,6,4,299,0,0,6,0,1,2,0,1,1,5,0,0
B,B,164,83,8,11,False,,12,2,146,0,0,6,1,0,0,1,2,0,3,0,0
B,B,165,83,6,10,False,,7,5,153,0,0,6,0,0,1,2,1,0,4,0,0
B,A,104,52,6,10,False,,12,1,91,0,0,3,1,1,0,1,0,0,2,0,0
A,A,201,101,10,9,False,B,5,6,187,0,0,6,1,1,1,1,0,1,4,1,0
B,B,208,105,9,10,False,,6,5,194,0,0,6,1,1,1,2,1,0,5,0,0
B,A,180,90,7,10,False,,9,2,169,2,4,6,0,1,0,1,0,1,4,1,0
B,A,166,83,6,10,False,,8,4,154,0,0,3,0,2,1,0,0,1,4,0,0
A,B,164,82,10,6,False,B,5,3,156,1,2,5,1,2,0,1,1,0,5,1,0
A,B,156,78,10,7,False,,7,4,143,0,0,8,0,0,1,2,1,0,4,0,0
A,A,93,47,10,5,False,,6,4,83,0,0,5,1,0,0,1,1,1,3,0,0
B,A,174,87,4,10,False,,8,7,159,0,0,5,2,1,0,0,1,1,3,0,0
B,A,192,96,7,10,False,,4,10,178,0,0,8,1,2,1,1,1,0,5,0,0
A,B,234,117,10,9,False,,8,5,221,0,0,6,1,3,0,0,0,0,3,0,0
B,B,160,81,8,10,False,,12,4,141,0,0,6,0,0,0,2,1,0,3,0,0
B,B,134,68,9,10,False,,10,1,121,0,0,5,1,1,1,1,0,2,5,0,0
B,A,284,142,8,11,False,,8,1,275,0,0,5,1,3,0,0,1,1,5,0,0
B,B,237,119,9,10,False,B,10,5,222,0,0,5,1,1,1,0,0,1,3,1,0
A,A,189,95,10,7,False,,4,7,178,0,0,7,1,3,1,1,0,0,5,0,0
A,A,187,94,10,6,False,,7,7,173,0,0,9,0,2,2,0,0,0,4,0,0
B,B,170,86,5,10,False,,9,1,160,0,0,3,0,0,1,1,1,1,4,0,0
A,A,188,95,10,9,False,,9,7,170,0,0,9,0,0,0,2,0,1,3,0,0
B,B,216,109,6,10,False,,9,6,200,0,0,6,0,1,0,1,0,0,2,0,0
B,A,240,120,6,10,False,,7,4,229,0,0,9,1,1,2,1,0,1,5,0,0
A,B,242,121,10,8,False,,10,3,229,0,0,4,0,1,1,0,0,2,4,0,0
B,B,191,96,7,10,False,,9,1,179,0,0,6,1,2,1,1,0,0,4,0,0
A,A,155,78,10,8,False,,6,6,143,0,0,6,1,0,1,1,0,2,4,0,0
A,B,114,57,10,1,False,,9,4,101,0,0,5,1,1,0,0,2,1,4,0,0
B,B,169,85,5,10,False,B,7,6,155,0,0,5,2,1,0,2,1,0,4,1,0
A,A,136,69,10,8,False,,11,0,123,0,0,4,1,0,1,2,0,2,5,0,0
B,A,184,93,9,10,False,,9,2,173,0,0,3,1,1,0,2,0,2,5,0,0
A,B,120,60,10,2,False,,6,7,107,0,0,4,1,1,1,0,1,0,3,0,0
B,A,194,97,8,10,False,B,7,4,180,0,0,8,1,2,0,2,0,1,5,1,0
B,B,203,102,7,10,False,,8,4,191,0,0,3,0,0,3,0,4,0,7,0,0
B,A,204,102,9,10,False,,11,6,187,0,0,5,1,1,0,0,0,0,1,0,0
A,A,145,73,10,7,False,B,6,4,135,0,0,10,1,0,2,0,2,0,4,1,0
B,A,186,93,6,10,False,,7,5,174,0,0,6,0,0,1,1,0,0,2,0,0
A,A,185,93,10,6,False,,10,1,174,0,0,9,1,1,2,0,2,1,6,0,0
B,B,161,81,4,10,False,B,6,5,150,0,0,4,1,0,1,0,0,3,4,1,0
A,A,158,80,10,5,False,,8,3,146,0,0,4,1,0,1,1,2,1,5,0,0
B,A,130,65,6,10,False,,7,6,117,0,0,2,0,0,1,1,0,1,3,0,0
B,B,191,96,5,10,False,B,3,8,178,0,0,4,1,0,0,1,0,1,2,1,0
B,B,153,77,7,10,False,,8,5,138,0,0,3,2,1,0,1,0,0,2,0,0
A,A,227,114,10,8,False,,6,6,215,0,0,9,0,2,1,0,1,2,6,0,0
A,A,207,104,10,9,False,B,11,1,194,0,0,7,2,2,0,2,0,0,4,1,0
A,B,154,77,10,6,False,,11,2,141,0,0,5,0,1,1,1,0,0,3,0,0
A,B,238,119,10,9,False,,8,4,226,0,0,8,0,1,2,0,1,0,4,0,0
A,B,192,96,10,6,False,,7,3,182,0,0,6,1,2,1,1,0,1,5,0,0
A,B,168,84,10,5,False,B,9,1,158,0,0,6,2,2,0,1,0,1,4,1,0
B,B,141,71,7,10,False,B,10,4,124,0,0,8,1,1,0,1,0,1,3,1,0
B,A,192,97,9,10,False,,7,7,178,0,0,5,0,1,1,1,0,1,4,0,0
B,B,241,121,6,10,False,,11,2,227,0,0,5,0,0,1,1,0,0,2,0,0
B,A,212,106,9,10,False,A,4,5,203,0,0,5,1,0,1,1,1,1,4,1,0
A,B,134,68,10,6,False,B,5,4,125,0,0,5,1,1,0,1,0,2,4,1,0
A,B,154,77,10,5,False,B,6,2,146,0,0,5,2,2,1,0,0,1,4,1,0
A,B,180,90,10,9,False,,5,3,170,1,2,6,0,0,1,3,1,1,7,0,0
B,A,166,83,3,10,False,,5,4,157,0,0,5,1,2,1,1,2,0,6,0,0
B,B,183,92,8,10,False,,10,5,166,0,0,5,0,0,2,1,0,1,4,0,0
B,B,231,116,6,10,False,,11,3,215,0,0,5,0,1,1,1,0,2,5,0,0
B,B,108,55,4,10,False,B,4,6,96,0,0,6,1,1,0,1,1,1,4,1,0
B,B,210,106,8,10,False,B,6,5,192,0,0,4,0,1,0,1,0,1,3,1,0
B,A,144,73,6,10,False,,2,8,134,0,0,7,1,0,2,2,1,1,6,0,0
A,B,170,85,10,8,False,,5,5,157,0,0,6,1,1,0,2,1,1,5,0,0
B,B,174,88,8,10,False,,5,6,162,0,0,4,1,0,1,3,0,0,4,0,0
B,A,72,36,1,10,False,,5,2,65,0,0,3,1,1,0,1,0,0,2,0,0
B,A,138,69,6,10,False,,10,4,124,0,0,6,0,0,1,1,0,1,3,0,0
B,B,261,131,9,10,True,,8,4,249,0,0,4,1,1,1,0,2,1,5,0,0
A,B,214,107,10,7,False,,9,6,199,0,0,5,1,0,0,0,0,0,0,0,0
A,A,287,144,10,8,False,A,5,6,276,0,0,6,0,0,2,0,0,1,3,1,0
B,B,201,101,8,10,False,,8,4,189,0,0,5,1,1,1,1,1,1,5,0,0
B,A,196,98,7,10,False,,7,6,183,0,0,9,0,1,1,1,0,1,4,0,0
B,B,189,95,7,10,False,,7,5,175,0,0,6,0,1,1,1,1,0,4,0,0
A,A,121,61,10,4,False,,10,4,107,0,0,4,2,0,0,0,0,1,1,0,0
A,B,110,55,10,4,False,,7,7,96,0,0,5,1,1,0,0,2,0,3,0,0
B,B,181,91,5,10,False,,11,3,165,0,0,6,0,0,1,1,1,0,3,0,0
B,B,249,125,7,10,False,,8,2,239,0,0,6,0,2,1,0,0,1,4,0,0
B,B,229,115,9,10,False,,10,2,217,0,0,6,1,1,1,0,1,1,4,0,0
A,B,224,112,10,6,False,B,6,4,214,0,0,5,2,0,0,1,1,0,2,1,0
A,B,284,142,10,8,False,,12,2,270,0,0,6,0,1,1,0,1,1,4,0,0
B,B,254,128,6,10,False,,6,8,239,0,0,4,0,0,1,1,0,2,4,0,0
B,B,219,110,9,10,False,,8,5,206,0,0,5,0,1,1,0,2,0,4,0,0
B,A,124,63,6,10,False,,8,7,107,0,0,6,0,1,1,2,0,0,4,0,0
B,A,184,93,8,10,False,,11,5,168,0,0,7,1,0,1,1,0,0,2,0,0
B,A,212,107,7,10,False,,9,3,200,0,0,4,1,1,0,1,1,1,4,0,0
A,B,164,82,10,5,False,B,8,7,149,0,0,7,2,1,1,0,0,1,3,1,0
B,B,147,74,7,10,False,,8,3,136,0,0,8,1,1,1,1,1,0,4,0,0
B,A,144,72,6,10,False,B,7,4,133,0,0,8,1,1,3,0,1,0,5,1,0
B,A,132,66,6,10,False,,11,3,116,0,0,4,0,0,2,0,0,0,2,0,0
B,A,206,103,8,10,False,,7,5,194,0,0,7,1,0,0,1,1,0,2,0,0
B,A,224,113,8,10,False,,7,6,211,0,0,8,0,0,1,1,2,0,4,0,0
A,B,174,87,10,8,False,,6,5,159,0,0,6,0,1,1,2,0,1,5,0,0
A,B,184,92,10,8,False,B,10,4,170,0,0,7,0,3,1,0,0,0,4,1,0
B,B,201,101,7,11,False,,8,4,189,0,0,3,3,0,1,1,1,0,3,0,0
B,B,167,84,5,10,False,,7,1,158,0,0,7,1,2,0,1,1,1,5,0,0
B,B,181,91,4,10,False,,9,4,166,0,0,5,0,1,0,1,0,2,4,0,0
B,A,206,103,7,10,False,,8,3,195,0,0,9,1,1,0,0,2,1,4,0,0
B,B,213,107,8,10,False,B,6,7,198,0,0,9,0,0,0,1,1,1,3,1,0
B,A,220,110,7,10,False,,10,2,208,0,0,8,0,2,0,2,0,1,5,0,0
B,A,164,82,9,10,False,B,10,4,150,0,0,8,1,0,1,0,1,0,2,1,0
B,B,267,134,9,10,False,,9,4,250,0,0,5,0,2,0,1,0,1,4,0,0
B,B,295,148,9,10,False,,9,4,282,0,0,7,0,1,0,0,3,0,4,0,0
B,B,185,93,6,10,False,,7,8,170,0,0,8,2,2,0,0,0,1,3,0,0
A,A,261,131,10,9,False,B,8,5,248,0,0,8,0,2,0,0,1,0,3,1,0
B,A,142,72,5,10,False,B,8,3,131,0,0,9,1,2,0,1,1,1,5,1,0
A,B,256,128,10,8,False,,10,3,243,0,0,7,0,1,0,0,2,1,4,0,0
B,B,207,104,7,10,False,,7,4,195,0,0,5,0,1,1,1,1,0,4,0,0
B,B,181,91,9,10,True,B,3,5,170,0,0,9,2,0,1,3,2,2,8,1,0
A,A,255,128,10,8,False,,6,6,243,0,0,3,1,2,1,0,2,0,5,0,0
A,A,181,91,10,9,False,,11,0,168,0,0,7,0,3,0,0,0,1,4,0,0
B,B,169,85,7,10,False,,11,4,148,0,0,7,0,0,1,2,1,0,4,0,1
B,B,263,132,8,10,False,,7,5,250,0,0,6,1,2,1,1,0,1,5,0,0
B,A,194,97,7,10,False,,9,3,182,0,0,8,0,1,0,1,1,1,4,0,0
B,A,166,83,6,10,False,,4,6,156,0,0,6,0,2,0,2,1,0,5,0,1
B,A,240,120,6,10,False,,10,3,227,0,0,8,0,0,1,0,2,0,3,0,0
B,B,133,67,7,10,False,,10,4,119,0,0,4,0,1,1,0,0,2,4,0,0
B,B,177,89,6,10,False,B,6,7,164,0,0,8,0,0,2,0,1,1,4,1,0
B,B,217,109,9,10,True,B,8,3,204,0,0,7,1,2,0,2,0,0,4,1,0
A,B,210,105,10,6,False,,8,5,197,0,0,6,0,1,1,0,2,1,5,0,0
A,A,143,72,10,6,False,,6,5,131,0,0,3,2,2,0,2,0,0,4,0,0
B,B,184,93,5,10,False,,9,2,171,0,0,4,0,0,1,1,0,2,4,0,0
A,A,171,86,10,6,False,B,6,3,161,0,0,7,0,0,0,1,0,2,3,1,0
A,A,155,78,10,5,False,,9,3,143,0,0,6,2,1,1,0,1,1,4,0,0
B,B,185,93,9,10,False,B,6,4,173,0,0,10,2,1,2,2,0,0,5,1,0
B,B,150,76,8,10,False,,8,3,138,0,0,5,2,0,1,1,1,0,3,0,0
A,A,219,110,10,8,False,,6,7,203,0,0,2,0,1,1,1,1,1,5,0,0
B,B,189,95,8,10,True,,7,5,176,0,0,4,1,0,1,2,1,1,5,0,0
B,B,149,75,7,10,False,,8,4,134,0,0,2,0,0,0,2,0,1,3,0,0
B,A,210,106,8,10,False,,5,3,202,0,0,8,0,3,2,1,0,0,6,0,0
B,A,220,110,8,12,False,,6,7,207,0,0,3,2,1,0,1,1,0,3,0,0
A,A,129,65,10,7,False,,12,2,115,0,0,5,1,3,0,0,1,0,4,0,0
B,B,161,81,7,10,False,,9,4,146,0,0,5,1,1,1,1,0,0,3,0,0
B,B,273,137,9,10,False,,8,5,260,0,0,4,1,1,0,0,1,2,4,0,0
A,B,180,90,10,7,False,,4,8,166,0,0,7,2,1,1,1,1,1,5,0,0
B,A,142,71,6,10,False,,5,4,133,0,0,4,0,0,1,1,2,1,5,0,1
B,B,177,89,6,10,False,B,6,6,165,0,0,8,2,1,0,0,1,1,3,1,0
B,B,212,107,6,10,False,,4,4,202,0,0,7,0,1,1,2,2,1,7,0,0
B,B,149,75,4,10,False,,5,4,136,0,0,5,0,3,0,2,1,0,6,0,0
A,A,277,139,10,9,False,,8,0,269,0,0,9,1,2,0,0,0,3,5,0,0
B,A,162,82,9,10,False,A,9,4,149,0,0,8,1,0,2,1,0,0,3,1,0
B,B,187,94,6,10,False,B,8,4,175,0,0,5,1,1,1,0,1,0,3,1,0
A,A,203,102,10,7,False,A,4,8,191,0,0,5,1,2,1,1,0,0,4,1,0
A,A,155,78,10,9,False,,9,3,143,0,0,2,1,0,1,1,0,3,5,0,0
B,B,209,105,7,10,False,,6,8,191,0,0,4,0,1,1,1,0,1,4,0,0
B,A,190,95,7,10,False,,9,5,176,0,0,6,0,0,1,1,0,1,3,0,0
B,B,235,118,9,10,False,,8,4,223,0,0,7,0,0,1,0,2,2,5,0,0
A,B,174,87,10,6,False,,12,0,162,0,0,3,0,0,2,0,1,0,3,0,1
B,B,255,128,8,10,False,,10,5,240,0,0,8,0,1,1,0,0,1,3,0,0
B,A,206,103,8,10,False,,10,4,192,0,0,7,0,2,0,0,1,0,3,0,0
A,B,166,83,10,7,False,,7,5,151,0,0,7,0,1,0,2,1,1,5,0,0
B,A,188,94,9,10,False,,8,1,177,0,0,5,0,0,0,3,1,2,6,0,0
B,A,212,106,5,11,False,B,6,6,200,0,0,5,2,0,0,1,1,0,2,1,0
A,B,190,95,10,9,False,B,8,3,176,0,0,5,2,0,0,1,1,2,4,1,0
A,A,142,72,10,6,False,,11,1,129,0,0,5,0,0,2,1,1,1,5,0,0
A,B,202,101,10,9,False,B,7,4,191,0,0,5,2,1,1,0,2,0,4,1,0
B,B,202,102,8,10,False,,13,1,185,0,0,6,0,0,1,1,0,0,2,0,1
B,B,204,103,7,10,False,B,5,8,189,0,0,4,1,0,0,2,1,1,4,1,0
B,B,173,87,7,10,False,,11,3,157,0,0,8,1,0,0,1,0,1,2,0,0
B,A,212,106,6,10,False,B,8,2,202,0,0,7,1,0,1,0,1,1,3,1,0
A,B,198,100,10,9,False,,8,1,188,0,0,8,0,0,1,2,0,3,6,0,1
B,A,218,109,7,10,False,B,7,4,207,0,0,8,1,1,1,1,1,1,5,1,0
B,A,248,124,6,10,False,,5,6,237,0,0,6,2,0,0,1,1,1,3,0,0
A,A,217,109,10,8,False,,6,10,201,0,0,8,0,1,1,0,1,0,3,0,0
A,A,235,118,10,7,False,,9,3,223,0,0,7,0,1,1,0,3,0,5,0,0
A,B,210,105,10,9,False,,9,4,196,0,0,6,1,0,1,1,0,1,3,0,0
B,A,208,104,6,10,False,,5,4,199,0,0,4,0,1,2,1,1,1,6,0,0
B,B,120,61,6,10,False,B,8,4,108,0,0,5,2,0,1,1,1,0,3,1,0
B,A,200,100,5,10,False,,9,6,185,0,0,4,0,1,2,0,1,0,4,0,0
B,A,152,76,6,10,False,,12,3,137,0,0,8,1,0,0,1,0,1,2,0,0
B,B,233,117,9,10,False,,10,3,220,0,0,6,1,1,1,0,1,0,3,0,0
B,B,205,103,4,10,False,B,6,4,195,0,0,6,1,0,2,0,1,2,5,1,0
B,A,170,85,8,10,False,,9,5,156,0,0,3,1,1,1,0,0,1,3,0,0
B,B,207,104,7,10,False,,7,4,193,0,0,7,0,1,1,2,0,0,4,0,0
B,B,245,123,6,10,False,,6,10,228,0,0,5,0,0,0,1,0,0,1,0,0
B,B,185,93,8,10,False,,7,6,169,0,0,8,1,0,0,1,1,1,3,0,0
A,B,218,109,10,8,False,,8,3,207,0,0,2,0,2,1,1,0,0,4,0,0
B,B,186,94,8,10,False,,11,1,172,0,0,3,1,0,2,1,1,0,4,0,0
B,A,160,80,6,10,False,,9,4,147,0,0,3,0,1,0,0,0,3,4,0,0
B,A,232,116,5,10,False,,6,3,223,0,0,8,0,1,2,1,1,1,6,0,0
B,A,152,76,4,10,False,B,7,4,141,0,0,6,1,1,0,0,1,1,3,1,0
A,B,234,117,10,8,False,,7,5,222,0,0,9,0,0,0,0,1,2,3,0,0
B,B,186,94,8,10,True,,5,6,174,0,0,6,1,1,0,1,0,3,5,0,0
B,B,133,67,6,10,False,,7,4,120,0,0,5,1,1,0,2,2,0,5,0,0
A,B,232,116,10,7,False,,8,4,217,0,0,8,0,1,1,2,0,2,6,0,0
B,A,228,114,7,10,False,,5,7,216,0,0,4,0,2,0,1,1,0,4,0,0
B,B,201,101,7,10,False,B,8,2,191,0,0,7,0,1,0,0,0,1,2,1,0
B,B,275,138,9,10,False,,6,6,263,0,0,5,1,0,0,0,3,0,3,0,0
B,A,194,97,7,10,False,,7,6,181,0,0,6,0,0,0,1,3,0,4,0,0
B,B,245,123,8,10,False,B,7,2,236,0,0,9,1,1,2,0,1,0,4,1,0
B,B,169,85,7,10,False,,7,6,153,0,0,5,0,2,0,1,1,0,4,0,0
A,A,243,122,10,7,False,,9,5,229,0,0,4,0,0,1,0,1,0,2,0,0
B,A,172,86,7,10,False,,11,6,155,0,0,4,0,0,0,1,0,1,2,0,0
B,B,159,80,6,10,False,,9,2,144,0,0,4,2,1,0,1,0,1,3,0,0
B,A,180,90,6,10,False,B,7,6,167,0,0,5,1,0,0,1,1,1,3,1,0
B,A,132,66,5,10,False,,11,3,118,0,0,4,0,0,0,2,0,0,2,0,0
B,A,198,99,8,10,False,,7,5,186,0,0,10,0,2,0,1,0,2,5,0,1
B,B,175,88,6,10,False,,9,3,163,0,0,4,0,0,3,0,2,0,5,0,0
A,B,234,117,10,7,False,,5,6,223,0,0,2,1,0,0,0,2,1,3,0,0
B,B,235,118,5,10,False,,6,5,224,0,0,6,0,2,1,0,0,1,4,0,0
B,A,182,92,6,10,False,,10,1,171,0,0,5,1,0,1,1,0,2,4,0,0
B,B,159,80,6,10,False,B,9,2,146,0,0,8,0,1,1,1,0,0,3,1,0
A,B,218,109,10,8,False,,8,4,206,0,0,7,0,2,1,0,1,0,4,0,0
B,B,123,62,5,10,False,B,6,6,109,0,0,4,1,1,0,3,0,0,4,1,1
B,A,204,103,9,10,False,,9,4,189,0,0,8,0,1,2,2,0,0,5,0,0
B,B,195,98,8,10,False,B,6,4,182,0,0,7,1,1,2,1,0,2,6,1,0
B,B,193,97,9,12,False,B,8,5,180,0,0,6,2,0,1,1,0,1,3,1,0
A,A,173,87,10,7,False,,12,3,156,0,0,8,0,0,0,1,1,0,2,0,0
B,A,196,98,7,10,False,,10,4,182,0,0,7,0,0,0,0,1,1,2,0,0
A,B,244,122,10,9,False,,9,3,232,0,0,5,0,1,1,0,1,1,4,0,0
A,A,119,60,10,2,False,,7,5,107,0,0,4,1,0,2,0,2,0,4,0,0
A,A,193,97,10,7,False,,8,4,181,0,0,8,1,1,0,0,2,0,3,0,0
B,A,182,91,6,10,False,,7,2,173,0,0,4,0,0,1,2,1,1,5,0,0
A,B,188,94,10,7,False,,11,2,175,0,0,5,0,1,0,0,1,1,3,0,0
A,A,225,113,10,6,False,,8,5,212,0,0,5,0,0,0,0,2,1,3,0,0
B,B,207,104,8,10,False,,8,4,195,0,0,8,2,1,1,0,1,0,3,0,0
A,B,294,147,10,7,False,,10,2,282,0,0,3,0,0,1,0,1,1,3,0,0
A,A,191,96,10,8,False,,8,4,177,0,0,5,0,0,0,1,0,2,3,0,0
B,A,184,92,7,10,False,B,7,3,174,0,0,4,2,1,0,1,1,0,3,1,0
B,B,242,122,8,11,False,,7,6,226,0,0,7,1,0,2,1,0,1,4,0,0
B,B,217,109,7,10,False,A,5,4,207,0,0,4,1,0,0,2,2,2,6,1,0
A,A,177,89,10,8,False,,5,8,164,0,0,6,1,1,0,1,0,0,2,0,0
B,B,183,92,7,10,False,,7,3,171,0,0,3,2,1,1,1,1,1,5,0,1
B,A,256,128,5,10,False,B,6,6,244,0,0,6,0,1,2,0,1,1,5,1,0
B,B,219,110,7,10,False,B,6,7,205,0,0,5,0,1,0,2,1,0,4,1,0
B,B,291,146,8,10,False,,6,5,280,0,0,7,0,0,0,0,1,3,4,0,0
B,A,224,112,6,10,False,,5,4,215,0,0,8,0,1,1,1,2,0,5,0,0
B,A,152,76,8,10,False,A,11,0,141,0,0,4,0,1,1,2,0,0,4,1,0
A,B,218,109,10,8,False,,8,4,203,0,0,6,1,0,0,2,2,1,5,0,0
B,B,275,138,8,10,False,,5,5,265,0,0,4,1,0,3,0,1,1,5,0,0
B,B,167,84,6,10,False,,10,3,153,0,0,6,1,1,0,1,1,0,3,0,0
B,A,246,123,7,10,False,,8,4,234,0,0,11,0,1,0,0,1,1,3,0,0
B,B,239,120,9,10,False,,10,2,227,0,0,6,1,0,2,0,2,0,4,0,0
B,A,224,112,5,10,False,B,2,5,217,0,0,6,1,3,1,1,0,2,7,1,0
B,B,165,83,4,10,False,,6,7,150,0,0,3,1,1,1,2,0,0,4,0,0
A,B,212,107,10,8,False,,6,7,199,0,0,7,0,0,0,1,1,3,5,0,0
B,B,155,78,6,10,False,B,8,2,143,0,0,3,0,2,1,2,2,0,7,1,0
B,A,180,90,6,10,False,B,9,4,167,0,0,5,0,0,1,1,0,0,2,1,0
A,A,199,100,10,9,False,,5,4,190,0,0,8,1,2,1,0,2,0,5,0,0
B,A,146,73,7,10,False,,7,6,133,0,0,4,1,1,0,2,2,0,5,0,0
A,A,109,55,10,2,False,,8,4,97,0,0,3,1,1,0,0,1,0,2,0,0
B,B,209,105,7,10,False,,12,0,197,0,0,4,1,0,2,0,1,1,4,0,0
A,A,249,125,10,9,False,,7,5,237,0,0,6,0,1,1,1,1,0,4,0,0
A,B,230,115,10,8,False,,7,6,217,0,0,3,1,1,0,0,0,1,2,0,0
B,A,128,64,6,10,False,,6,3,119,0,0,5,2,3,0,1,0,1,5,0,0
B,B,176,89,8,10,False,,7,4,160,0,0,5,0,1,1,3,0,0,5,0,0
B,B,241,121,5,10,False,B,8,3,230,0,0,3,0,1,2,0,1,1,5,1,0
B,B,209,105,8,10,False,,12,1,196,0,0,6,1,0,1,0,1,0,2,0,0
B,B,269,135,7,10,False,,4,8,257,0,0,5,0,1,2,0,1,1,5,0,0
A,A,247,124,10,7,False,,5,7,235,0,0,5,0,1,2,0,1,0,4,0,0
B,A,180,90,5,10,False,,6,7,167,0,0,4,2,1,0,2,0,0,3,0,0
A,A,123,62,10,8,False,,7,2,112,0,0,6,2,2,0,3,1,0,6,0,0
A,A,273,137,10,9,False,,5,6,259,0,0,5,3,0,3,1,1,0,5,0,0
B,A,216,108,7,10,False,,7,5,204,0,0,3,0,0,1,1,2,1,5,0,0
A,B,198,99,10,5,False,,6,7,185,0,0,3,0,0,1,1,1,1,4,0,0
B,A,138,70,6,10,False,B,12,1,123,0,0,11,0,1,2,2,0,0,5,1,0
B,B,244,123,6,10,False,,9,5,228,0,0,5,1,1,0,1,1,1,4,0,0
B,B,213,107,7,10,False,,9,3,201,0,0,5,2,1,1,0,1,0,3,0,0
A,A,217,109,10,9,True,B,7,4,206,0,0,4,2,2,0,0,0,1,3,1,0
B,B,205,103,6,10,False,B,9,2,194,0,0,6,1,1,1,0,1,1,4,1,0
B,A,206,103,8,10,False,,10,1,195,0,0,6,0,1,0,1,2,1,5,0,0
B,B,211,106,8,10,False,,8,6,197,0,0,7,1,2,0,0,0,0,2,0,0
B,B,185,93,6,10,False,B,4,5,175,0,0,5,1,3,1,2,0,0,6,1,0
B,B,57,29,0,10,False,,3,3,51,0,0,1,1,0,1,0,0,1,2,0,0
A,A,272,137,10,9,False,A,6,3,261,0,0,5,0,0,1,1,1,2,5,1,0
B,B,217,109,8,10,False,,5,6,204,0,0,5,1,0,1,1,0,0,2,0,0
A,A,269,135,10,7,False,,7,2,260,0,0,6,0,1,2,0,1,3,7,0,0
B,B,233,117,8,12,False,,7,8,218,0,0,8,1,0,1,0,2,0,3,0,0
A,B,132,66,10,2,False,,4,5,123,0,0,7,2,0,0,2,2,1,5,0,1
B,B,297,149,8,10,False,,6,5,286,1,2,6,0,3,1,0,0,1,5,1,0
A,B,216,108,10,6,False,A,6,5,205,0,0,6,1,1,2,0,1,3,7,1,0
B,A,210,105,8,10,False,,6,7,197,0,0,8,0,0,0,4,0,2,6,0,0
B,B,281,141,9,10,False,B,4,10,267,0,0,5,1,0,2,0,0,0,2,1,0
A,A,289,145,10,9,False,,7,5,277,0,0,6,1,1,1,0,1,1,4,0,0
A,B,242,121,10,6,False,A,11,1,230,0,0,5,1,1,0,0,0,1,2,1,0
B,B,165,83,6,10,False,,6,4,154,0,0,6,1,0,2,2,0,2,6,0,0
B,A,144,72,7,10,False,,7,5,132,0,0,7,0,1,0,1,1,1,4,0,0
B,A,156,78,5,10,False,B,8,4,144,0,0,5,0,0,1,1,0,0,2,1,0
B,A,182,91,5,10,False,,11,3,168,0,0,7,0,0,0,2,1,0,3,0,0
A,B,246,123,10,7,False,,7,5,234,0,0,5,0,1,0,1,1,0,3,0,0
A,B,78,39,10,1,False,,7,1,70,0,0,2,1,1,2,0,0,0,3,0,0
B,A,174,87,6,10,False,,7,5,162,0,0,4,0,1,0,1,2,0,4,0,0
A,B,144,72,10,4,False,,10,2,132,0,0,6,2,0,1,0,1,1,3,0,0
B,B,265,133,9,10,False,,10,4,251,0,0,7,2,0,0,0,1,1,2,0,0
A,B,158,79,10,6,False,B,11,3,144,0,0,6,3,0,1,0,0,1,2,1,0
B,B,217,109,9,10,False,B,10,4,203,0,0,9,1,0,0,0,2,0,2,1,0
B,B,175,88,7,10,False,,7,2,162,0,0,4,1,0,1,1,1,2,5,0,0
B,A,222,111,8,10,False,B,6,4,212,0,0,6,1,0,2,1,0,1,4,1,0
B,B,165,83,7,10,False,,4,5,153,0,0,7,0,1,0,3,0,0,4,0,0
B,B,140,71,6,10,False,B,5,5,127,0,0,7,1,0,1,3,0,1,5,1,0
B,A,182,92,9,10,True,,9,3,170,0,0,4,2,1,1,1,0,0,3,0,0
B,A,184,92,5,10,False,,7,8,169,0,0,7,0,0,0,1,0,1,2,0,0
B,A,234,117,6,10,False,,5,7,222,1,2,8,0,1,0,0,3,1,6,0,0
B,B,243,122,9,10,False,B,6,4,233,0,0,7,1,1,0,0,1,2,4,1,0
B,A,196,98,8,10,False,,7,4,185,0,0,6,0,1,1,0,2,0,4,0,0
B,A,120,60,8,10,False,,7,2,111,0,0,9,1,1,2,1,0,0,4,0,1
B,B,190,96,7,10,False,,7,4,176,0,0,3,0,1,1,1,1,0,4,0,0
B,A,230,115,8,10,True,B,7,4,219,1,2,5,1,1,0,0,0,0,2,1,0
B,A,208,104,7,10,False,,5,7,196,0,0,5,0,1,0,1,2,0,4,0,0
B,A,228,114,8,10,False,,10,7,211,0,0,5,0,0,0,0,1,0,1,0,0
B,A,160,80,6,10,False,,3,7,150,0,0,6,2,1,1,2,0,1,5,0,0
B,B,189,95,7,10,False,,10,2,173,0,0,5,0,3,0,2,0,1,6,0,0
B,A,210,105,8,10,False,,9,5,196,0,0,9,0,0,0,0,1,1,2,0,0
A,B,146,73,10,5,False,,9,3,134,0,0,6,2,0,0,1,1,1,3,0,0
B,B,233,117,7,10,False,,11,1,218,0,0,7,0,0,1,2,1,0,4,0,0
A,B,186,93,10,5,False,,9,1,176,0,0,9,0,1,2,1,2,1,7,0,0
B,A,160,80,6,10,False,,11,3,146,0,0,6,1,0,0,1,0,0,1,0,0
A,A,241,121,10,9,False,B,10,2,229,0,0,6,0,1,1,0,1,0,3,1,0
B,A,200,100,8,10,False,,10,8,182,0,0,4,1,0,0,2,0,0,2,0,0
B,B,241,121,8,10,False,,9,6,226,0,0,10,0,2,0,0,2,0,4,0,0
B,B,240,121,8,10,False,,6,9,221,0,0,7,0,2,1,2,0,0,5,0,0
A,B,254,127,10,5,False,,9,6,239,0,0,6,0,0,0,0,2,1,3,0,0
B,A,270,135,8,10,False,A,4,1,265,0,0,7,2,1,0,1,3,2,7,1,0
B,B,196,99,7,10,False,,11,0,184,0,0,5,0,2,1,1,1,1,6,0,0
B,A,192,97,7,10,False,,6,6,180,0,0,7,2,0,0,1,2,1,4,0,0
A,B,202,101,10,8,False,B,5,7,190,0,0,6,1,1,0,0,0,2,3,1,0
B,B,190,96,9,10,True,,7,4,177,0,0,7,1,0,0,2,0,3,5,0,0
A,B,168,84,10,8,False,B,8,2,158,0,0,3,1,0,1,0,4,0,5,1,0
B,A,240,120,8,10,False,,10,4,226,0,0,5,0,0,0,0,2,1,3,0,0
B,A,218,109,9,10,False,B,6,5,207,0,0,6,2,1,0,0,1,0,2,1,0
A,A,178,90,10,9,False,,9,5,160,0,0,5,0,0,1,3,1,1,6,0,0
B,A,118,59,3,10,False,B,9,2,107,0,0,3,2,1,1,1,1,0,4,1,0
B,B,223,112,9,10,False,,9,6,208,0,0,5,0,0,1,0,0,1,2,0,0
A,B,256,128,10,8,False,,5,6,245,0,0,8,0,2,1,0,1,1,5,0,0
A,A,197,99,10,7,False,,10,3,184,0,0,4,2,2,0,0,0,0,2,0,0
B,B,219,110,9,11,False,,6,4,206,0,0,7,1,0,2,1,1,2,6,0,0
A,B,240,120,10,8,False,,9,1,230,0,0,5,1,1,1,0,0,1,3,0,0
A,B,122,61,10,8,False,,8,2,110,0,0,5,1,1,0,3,0,0,4,0,0
A,B,214,108,10,7,False,,7,5,200,0,0,4,0,2,0,1,2,2,7,0,0
B,A,214,107,5,10,False,B,7,6,201,0,0,7,1,0,0,0,0,1,1,1,0
B,B,209,105,6,10,False,,5,6,197,0,0,5,1,1,1,1,0,1,4,0,0
B,B,172,87,7,10,False,,10,3,157,0,0,5,0,1,1,1,0,1,4,0,1
B,B,203,102,9,10,False,,6,5,189,1,2,7,0,0,1,1,1,0,4,0,0
A,B,274,137,10,9,False,,6,5,263,0,0,5,0,2,2,0,1,0,5,0,0
A,B,208,104,10,6,False,,4,6,196,0,0,8,2,0,1,2,0,0,3,0,0
A,A,231,116,10,7,False,,5,6,220,0,0,4,1,0,1,0,3,0,4,0,0
B,A,228,114,5,10,False,,9,1,218,0,0,6,0,0,2,1,1,1,5,0,0
A,B,168,84,10,4,False,A,6,6,156,0,0,7,0,0,2,0,0,1,3,1,0
B,A,148,74,5,10,False,,6,6,136,0,0,5,0,0,1,1,0,0,2,0,0
B,A,186,93,7,10,False,,6,7,173,0,0,5,1,0,1,1,1,0,3,0,0
B,B,207,104,7,10,False,B,9,3,195,0,0,6,1,2,0,0,1,2,5,1,0
B,A,162,82,7,10,False,,7,5,150,0,0,7,1,0,0,1,1,1,3,0,0
A,A,196,99,10,9,False,B,9,4,181,0,0,3,0,1,0,1,0,0,2,1,0
B,B,193,97,8,10,False,,10,5,178,0,0,6,0,0,0,0,2,1,3,0,0
A,B,152,76,10,7,False,,6,5,141,0,0,6,2,1,1,1,1,1,5,0,0
B,A,152,76,8,10,False,,10,4,138,0,0,5,1,1,1,1,0,0,3,0,0
A,A,201,101,10,6,False,B,9,1,191,0,0,6,1,1,1,1,1,2,6,1,0
A,B,168,84,10,7,False,,9,2,155,0,0,5,0,0,2,1,1,1,5,0,0
B,A,182,91,9,10,False,,6,6,170,0,0,6,2,0,0,2,2,0,4,0,0
B,A,178,89,5,10,False,,6,4,168,0,0,6,0,3,0,2,0,0,5,0,0
A,A,243,122,10,7,False,B,9,6,228,0,0,6,0,1,0,0,0,0,1,1,0
A,A,179,90,10,4,False,,7,6,166,0,0,7,1,0,0,0,2,1,3,0,0
B,A,232,117,8,10,False,,10,4,218,0,0,4,0,0,1,1,1,0,3,0,0
B,A,214,107,7,10,False,,6,4,204,0,0,6,0,1,0,3,0,1,5,0,0
B,B,95,48,4,10,False,B,6,6,79,0,0,2,1,1,1,1,0,0,3,1,0
B,A,148,74,8,10,False,,7,2,139,1,2,4,2,1,1,1,0,1,4,1,0
A,A,181,91,10,9,False,,9,6,166,0,0,6,1,0,0,0,0,2,2,0,0
B,B,131,66,5,10,False,,8,3,118,0,0,6,1,1,0,2,0,1,4,0,0
A,A,287,144,10,8,False,,5,6,272,0,0,4,0,0,4,0,1,1,6,0,0
B,B,183,92,6,10,False,,9,4,167,0,0,7,0,1,1,1,0,2,5,0,0
A,B,296,148,10,9,False,,11,6,279,0,0,4,0,0,0,0,0,0,0,0,0
B,B,245,123,7,10,False,B,8,4,233,0,0,5,1,1,1,0,0,2,4,1,0
A,B,214,107,10,5,False,,11,6,197,0,0,4,0,1,0,1,0,1,3,0,0
B,A,144,73,7,12,False,B,6,3,135,0,0,8,1,0,1,1,1,1,4,1,0
B,A,184,92,5,10,False,,6,2,174,0,0,6,1,1,1,2,0,1,5,0,0
A,A,127,64,10,6,False,B,10,3,114,0,0,3,3,0,1,0,0,1,2,1,0
B,B,197,99,6,10,False,,8,5,184,0,0,8,0,0,1,0,2,0,3,0,0
B,A,190,95,8,10,False,B,3,4,183,0,0,3,1,1,1,0,3,1,6,1,1
B,A,184,92,7,10,False,,5,4,175,0,0,4,1,4,0,0,1,0,5,0,0
B,A,174,87,4,10,False,,8,5,161,0,0,5,0,1,0,2,0,0,3,0,0
B,B,226,114,7,10,False,,7,8,209,0,0,3,0,1,2,1,0,0,4,0,0
B,B,223,112,8,10,False,,7,7,208,0,0,7,0,0,0,1,0,1,2,0,0
A,B,64,32,10,0,False,,7,4,53,0,0,4,1,0,0,0,1,0,1,0,0
A,B,174,87,10,4,False,,5,5,164,0,0,2,2,1,2,1,0,1,5,0,0
B,B,221,111,7,10,False,B,5,5,211,0,0,5,1,2,1,0,1,1,5,1,1
A,B,158,79,10,9,False,,7,2,147,0,0,7,2,1,1,2,0,0,4,0,0
B,B,162,82,5,10,False,,6,6,148,0,0,8,0,1,0,1,1,1,4,0,0
B,B,128,65,5,10,False,,9,5,111,0,0,3,0,1,0,2,0,0,3,0,0
B,A,232,116,8,10,False,,10,2,220,0,0,6,0,2,0,1,0,1,4,0,0
B,A,202,101,5,10,False,,6,4,192,1,2,5,1,1,1,1,0,0,4,0,0
B,A,218,109,8,10,False,,5,6,207,0,0,5,0,0,1,1,3,1,6,0,0
B,B,289,145,9,10,False,,7,5,277,0,0,7,1,1,1,0,0,1,3,0,0
A,B,240,120,10,7,False,B,8,4,228,0,0,6,1,0,1,0,1,2,4,1,0
B,B,164,83,6,10,False,,5,8,148,0,0,3,1,2,0,1,0,0,3,0,0
B,B,277,139,9,10,False,,12,2,263,0,0,7,1,2,1,0,1,0,4,0,0
B,B,257,129,6,10,False,B,5,6,246,0,0,7,1,2,0,0,0,1,3,1,1
B,A,236,118,9,10,False,,7,5,224,0,0,8,0,1,0,0,3,0,4,0,0
A,B,146,73,10,4,False,,7,4,135,0,0,5,1,0,3,0,1,1,5,0,0
B,B,287,144,8,10,False,,3,6,278,0,0,3,0,2,1,0,1,2,6,0,0
B,A,170,85,6,10,False,,10,2,158,0,0,8,0,0,1,1,2,2,6,0,0
A,B,198,99,10,8,False,B,7,4,187,0,0,2,2,1,0,0,1,0,2,1,0
B,B,204,103,8,10,False,,6,6,188,0,0,4,0,2,2,3,0,0,7,0,0
B,B,164,83,6,10,False,,7,7,148,0,0,4,0,1,1,2,0,0,4,0,0
B,B,211,106,7,10,False,B,8,4,199,0,0,4,1,0,2,1,0,1,4,1,0
A,A,108,55,10,5,False,,6,4,98,0,0,2,1,0,1,1,1,1,4,0,1
B,A,166,83,9,11,False,,8,4,154,0,0,6,1,0,1,2,0,1,4,0,0
B,B,167,84,8,10,False,B,6,5,153,0,0,6,1,1,1,1,1,1,5,1,0
B,A,240,120,7,10,False,,5,4,231,0,0,6,0,0,2,0,1,2,5,0,0
B,B,169,85,7,10,False,,8,2,158,0,0,6,1,0,1,3,0,2,6,0,0
A,A,138,70,10,5,False,,7,2,127,0,0,3,0,1,2,1,2,0,6,0,1
B,B,139,70,9,10,True,B,8,3,127,0,0,5,2,1,1,1,1,1,5,1,0
B,A,228,114,9,10,True,B,6,4,218,0,0,4,1,2,0,0,1,2,5,1,0
B,A,224,113,9,10,False,,13,1,210,0,0,9,0,0,1,1,1,0,3,0,0
B,A,248,124,9,10,False,,8,4,236,0,0,4,0,1,1,2,1,0,5,0,0
B,B,203,102,8,10,False,,9,3,191,0,0,3,0,3,0,0,2,0,5,0,0
B,A,144,73,6,10,False,,9,4,131,0,0,3,0,2,1,1,1,0,5,0,0
A,A,177,89,10,4,False,,9,2,166,0,0,6,2,0,1,0,1,0,2,0,0
A,A,105,53,10,5,False,,9,2,94,0,0,2,1,0,2,0,1,0,3,0,0
B,B,235,118,7,10,False,B,7,2,226,0,0,5,1,1,1,0,1,1,4,1,1
A,A,231,116,10,7,False,A|B,10,3,218,0,0,7,0,2,1,0,0,0,3,2,0
B,A,190,95,9,10,False,,6,6,172,0,0,6,0,2,1,2,0,0,5,0,0
B,A,258,129,9,10,False,B,9,1,248,0,0,5,0,0,1,0,0,3,4,1,0
B,B,219,110,9,10,False,,9,4,204,0,0,5,0,0,2,1,1,0,4,0,0
A,A,139,70,10,5,False,,7,7,125,0,0,4,1,1,2,0,0,0,3,0,0
B,A,212,106,6,10,False,B,8,4,200,0,0,3,0,1,1,1,1,1,5,1,0
B,A,182,91,5,10,False,,7,4,171,0,0,5,2,2,0,0,1,1,4,0,0
B,A,140,70,9,12,False,,9,4,127,0,0,7,3,0,2,1,0,1,4,0,0
B,B,173,87,5,10,False,,7,5,160,0,0,4,0,1,1,2,0,0,4,0,0
B,A,172,87,5,10,False,,9,2,161,0,0,5,0,1,0,1,1,2,5,0,1
A,B,144,72,10,3,False,,8,5,131,0,0,4,1,1,0,0,0,1,2,0,0
B,A,146,73,8,10,False,B,7,4,135,0,0,5,2,0,1,1,0,2,4,1,0
B,B,174,88,7,10,False,,7,6,159,1,2,6,1,0,1,1,1,0,3,1,0
A,B,118,59,10,6,False,B,8,5,105,0,0,3,2,0,0,0,1,0,1,1,0
B,B,142,72,7,10,False,B,7,5,128,0,0,7,1,0,0,2,1,1,4,1,0
B,A,246,124,8,10,False,,6,6,234,0,0,5,0,1,1,1,0,1,4,0,0
A,A,261,131,10,7,False,,9,3,249,0,0,7,1,1,0,0,1,3,5,0,0
B,A,202,101,8,10,False,,10,3,189,0,0,10,1,2,2,0,0,0,4,0,0
B,A,226,113,9,10,False,,11,2,213,1,2,6,0,0,1,0,0,1,3,0,0
B,A,136,68,6,10,False,,10,6,120,0,0,8,0,1,0,1,0,0,2,0,0
B,A,184,93,8,10,False,,4,4,174,0,0,7,0,0,3,2,1,2,8,0,0
B,A,198,99,6,10,False,,3,4,191,0,0,3,1,2,1,1,2,1,7,0,0
A,B,216,108,10,6,False,,8,3,201,0,0,7,0,1,1,1,2,0,5,0,0
A,B,300,150,10,9,False,B,8,1,291,0,0,8,0,2,0,0,2,0,4,1,0
B,B,196,99,7,10,False,,10,3,181,0,0,6,1,0,2,1,0,0,3,0,0
A,A,253,127,10,7,False,,6,6,241,0,0,5,0,1,1,0,2,1,5,0,0
B,B,261,131,9,10,False,,10,0,248,0,0,3,1,1,0,1,3,1,6,0,0
B,B,204,103,8,10,False,,7,8,184,0,0,4,0,1,2,1,0,0,4,0,0
B,A,182,91,4,10,False,B,9,3,170,0,0,3,1,1,2,0,0,0,3,1,0
B,A,200,100,9,10,False,,8,3,189,0,0,8,0,0,3,2,0,0,5,0,0
B,A,158,80,6,10,False,,9,2,147,0,0,5,1,0,2,1,1,1,5,0,0
A,A,153,77,10,8,False,B,9,4,140,0,0,6,2,0,0,0,0,1,1,1,0
B,A,156,79,9,10,False,,8,7,136,0,0,4,0,0,1,2,1,0,4,0,0
A,A,309,155,10,8,False,,8,4,297,0,0,8,0,2,0,0,0,2,4,0,0
A,B,252,126,10,7,False,B,7,5,240,0,0,9,1,2,0,0,1,1,4,1,0
A,B,316,158,10,9,False,,8,4,304,0,0,6,0,1,0,0,1,0,2,0,0
B,A,166,83,6,10,False,,4,6,156,0,0,1,0,0,0,2,1,0,3,0,0
B,A,212,106,6,10,False,,10,6,196,0,0,9,0,1,1,0,1,0,3,0,0
B,A,210,106,7,10,False,,7,8,193,0,0,5,0,1,0,1,0,1,3,0,0
B,B,219,110,5,10,False,,6,4,209,0,0,6,0,1,0,0,2,1,4,0,0
A,A,261,131,10,8,False,,10,4,247,0,0,4,0,1,1,0,0,1,3,0,0
A,A,253,127,10,8,False,,11,1,241,0,0,5,0,0,1,0,0,1,2,0,0
B,A,216,109,7,10,False,,8,5,202,0,0,6,0,0,0,3,0,1,4,0,0
B,B,265,133,8,10,False,,6,4,255,1,2,6,0,2,0,0,2,1,6,0,0
A,A,229,115,10,7,False,,7,6,216,1,2,3,0,0,0,0,1,0,2,0,0
B,B,261,131,9,10,False,,5,5,248,0,0,6,0,0,0,2,2,0,4,0,0
B,A,156,78,6,10,False,,9,5,142,0,0,4,0,0,0,1,1,1,3,0,0
B,B,203,102,5,10,False,,10,6,185,0,0,5,0,0,0,2,0,0,2,0,0
B,B,201,101,7,10,False,,6,3,189,0,0,10,0,1,1,1,2,1,6,0,0
B,B,211,106,8,10,True,B,6,7,198,0,0,9,1,1,0,0,0,1,2,1,1
B,B,177,89,8,10,False,,8,6,161,0,0,7,0,2,0,1,0,0,3,0,0
A,A,139,70,10,9,False,B,7,3,128,0,0,5,2,1,1,2,0,0,4,1,0
B,A,194,97,6,10,False,,8,1,185,0,0,9,0,1,0,0,3,2,6,0,0
B,B,227,114,8,10,False,,8,3,216,0,0,5,1,2,2,0,1,0,5,0,0
A,A,194,98,10,9,False,,7,2,183,0,0,4,0,1,2,2,1,0,6,0,0
B,A,206,103,9,10,False,,6,4,196,0,0,6,1,2,1,1,0,2,6,0,0
A,A,253,127,10,9,False,,7,2,244,0,0,4,0,2,1,0,2,2,7,0,0
A,A,213,107,10,9,True,,7,5,201,0,0,5,1,1,0,0,1,1,3,0,0
B,A,192,96,7,10,False,,8,5,177,0,0,8,1,1,0,1,0,1,3,0,0
A,B,156,78,10,8,False,A|B,8,7,141,0,0,6,1,0,2,0,0,0,2,2,0
B,B,144,73,9,10,False,B,4,8,130,0,0,4,1,0,1,2,0,1,4,1,0
B,A,174,87,6,10,False,,9,5,160,0,0,8,0,0,0,1,1,2,4,0,0
A,B,228,114,10,7,False,,11,2,215,0,0,7,0,1,0,0,1,1,3,0,0
A,B,228,114,10,7,False,,6,5,217,0,0,7,1,1,1,0,1,1,4,0,0
A,B,242,121,10,7,False,B,5,3,234,0,0,3,0,2,3,0,1,0,6,1,0
A,B,170,85,10,9,False,B,9,6,154,0,0,9,1,1,1,1,0,1,4,1,0
B,A,202,102,6,10,False,B,6,6,190,0,0,5,0,0,1,1,2,0,4,1,0
B,B,172,87,8,10,False,,9,6,156,0,0,4,0,1,0,1,1,0,3,0,0
A,A,205,103,10,9,True,,10,4,191,0,0,7,2,2,0,0,1,1,4,0,0
A,A,131,66,10,2,False,,3,12,116,0,0,4,1,1,0,1,1,0,3,0,0
B,A,224,112,7,10,False,,8,5,211,0,0,5,0,2,0,0,0,2,4,0,0
B,B,183,92,6,10,False,,7,6,169,0,0,6,1,0,1,1,0,1,3,0,0
A,B,230,115,10,6,False,,5,7,218,0,0,6,0,1,0,1,0,1,3,0,0
B,A,234,117,9,10,False,,12,4,218,0,0,6,1,1,0,0,1,1,3,0,0
A,B,240,120,10,6,False,B,7,4,229,0,0,6,1,2,0,0,0,2,4,1,0
B,A,204,102,8,10,False,,8,3,193,0,0,4,1,1,0,2,0,2,5,0,0
B,B,159,80,9,10,True,B,5,5,147,0,0,6,3,0,1,3,0,0,4,1,0
B,B,165,83,7,10,False,B,9,4,150,0,0,5,1,1,0,1,0,1,3,1,0
A,A,285,143,10,8,True,,7,4,274,0,0,5,2,0,1,0,1,1,3,0,0
B,A,156,79,5,10,False,,9,4,143,0,0,5,0,0,0,1,0,2,3,0,0
A,B,174,87,10,9,True,B,9,1,164,0,0,6,2,0,1,0,0,1,2,1,0
A,A,73,37,10,1,False,,8,1,64,0,0,2,1,1,0,0,1,1,3,0,0
B,B,191,96,7,10,False,B,9,1,181,1,2,7,1,1,0,0,0,0,2,1,0
A,A,221,111,10,9,False,,11,3,207,1,2,6,0,1,0,0,2,0,4,0,0
A,A,215,108,10,7,False,,7,2,205,0,0,5,0,0,5,1,1,1,8,0,0
A,A,243,122,10,9,False,,9,3,231,0,0,4,1,0,0,0,1,2,3,0,0
B,A,108,55,9,10,False,B,10,2,96,0,0,3,1,1,0,2,0,0,3,1,0
B,B,195,98,7,10,False,B,8,5,180,0,0,8,0,0,2,1,0,1,4,1,0
A,A,209,105,10,8,False,,11,1,197,0,0,5,1,1,1,1,2,0,5,0,0
A,A,159,80,10,9,False,B,6,6,147,0,0,8,1,1,0,1,0,0,2,1,0
B,B,205,103,9,10,False,,6,5,194,0,0,6,0,0,0,1,1,3,5,0,0
A,B,182,91,10,8,False,,9,3,170,0,0,3,1,1,1,0,1,0,3,0,0
B,B,169,85,6,10,False,B,4,5,157,0,0,8,1,0,0,2,1,1,4,1,0
B,A,286,143,8,10,False,,9,0,277,0,0,5,0,2,0,0,1,3,6,0,0
B,A,126,63,6,10,False,B,9,4,112,0,0,6,1,1,1,2,0,0,4,1,0
B,B,135,68,8,10,False,A,11,3,118,0,0,5,2,0,0,2,0,1,3,1,0
A,A,259,130,10,9,False,B,5,3,251,0,0,6,2,2,0,0,2,2,6,1,0
B,B,211,106,5,10,False,,5,6,200,0,0,7,1,1,1,0,0,2,4,0,0
A,A,113,57,10,3,False,,6,4,102,1,2,5,1,0,0,2,2,0,4,1,0
B,A,198,99,7,10,False,,8,4,186,0,0,5,0,2,0,0,2,0,4,0,0
A,A,237,119,10,4,False,,6,5,226,0,0,6,0,1,1,0,2,1,5,0,0
A,B,126,63,10,2,False,B,7,3,116,0,0,4,2,1,2,0,0,1,4,1,0
A,B,164,82,10,6,False,,7,3,154,0,0,7,1,0,3,0,1,2,6,0,0
B,B,199,100,8,10,False,,11,6,182,0,0,8,0,0,1,0,0,1,2,0,0
B,B,189,95,7,10,False,,10,4,175,0,0,2,0,1,3,0,0,0,4,0,0
B,A,186,94,8,10,False,,6,2,177,0,0,6,0,1,1,3,2,0,7,0,0
B,B,193,97,7,10,False,,7,7,179,0,0,7,1,1,1,1,0,0,3,0,0
A,A,171,86,10,7,False,B,8,6,157,0,0,6,2,0,1,0,2,1,4,1,0
B,B,158,80,7,10,False,,7,5,145,0,0,3,1,1,1,1,2,1,6,0,0
B,B,241,121,8,10,False,,6,4,231,0,0,7,0,0,1,0,1,4,6,0,0
A,A,243,122,10,9,False,,13,5,225,0,0,4,0,0,0,0,0,1,1,0,0
A,B,200,100,10,7,False,,6,6,187,0,0,4,1,0,1,1,1,0,3,0,0
A,A,209,105,10,9,False,,8,1,200,0,0,8,1,1,0,1,1,2,5,0,0
A,A,180,91,10,8,False,,9,5,166,0,0,4,0,0,1,1,0,2,4,0,0
A,A,213,107,10,8,False,B,7,4,202,0,0,8,3,1,1,0,1,1,4,1,0
A,B,170,85,10,6,False,B,6,6,158,0,0,7,1,0,1,0,2,0,3,1,0
B,A,120,61,8,10,False,,7,9,99,0,0,5,0,0,0,2,0,0,2,0,0
A,B,140,70,10,8,False,,6,8,124,1,2,6,1,1,0,2,0,1,5,0,0
A,B,210,105,10,5,False,,9,3,198,0,0,5,0,0,1,1,2,0,4,0,0
B,B,165,83,9,10,True,B,4,7,153,0,0,6,2,0,1,2,1,0,4,1,0
B,A,210,105,8,10,False,,7,5,198,0,0,2,1,1,1,1,1,0,4,0,0
B,B,149,75,6,10,False,,6,3,139,0,0,3,1,0,1,1,1,1,4,0,1
B,A,148,74,5,10,False,,11,5,132,0,0,4,0,1,0,1,0,0,2,0,0
B,A,150,75,5,10,False,B,5,6,139,0,0,3,1,0,0,1,2,0,3,1,0
B,B,189,95,4,10,False,,6,6,174,0,0,5,0,1,1,1,0,1,4,0,0
B,B,237,119,7,10,False,B,7,5,225,0,0,4,1,2,0,0,0,1,3,1,0
A,B,226,113,10,6,False,,5,2,219,0,0,3,2,0,2,1,1,0,4,0,0
A,B,246,123,10,9,False,,6,6,233,0,0,7,1,0,1,1,0,1,3,0,0
A,A,263,132,10,8,False,,10,5,248,0,0,5,0,0,1,0,1,0,2,0,0
A,A,178,90,10,7,False,,8,3,166,0,0,5,0,1,1,2,1,1,6,0,0
A,B,64,32,10,1,False,,8,2,54,0,0,4,1,2,0,0,0,0,2,0,0
A,A,185,93,10,7,False,,5,4,176,0,0,5,2,1,0,0,1,3,5,0,0
B,B,192,97,4,11,False,B,6,1,184,0,0,6,1,2,0,1,1,3,7,1,0
B,B,241,121,8,10,False,,8,3,230,0,0,8,1,1,0,0,0,3,4,0,0
B,A,194,97,7,10,False,,8,4,182,0,0,6,0,0,1,1,0,1,3,0,0
B,A,188,95,9,10,True,,9,1,178,0,0,6,1,1,2,1,1,1,6,0,0
A,B,78,39,10,0,False,,4,4,70,0,0,3,1,0,2,1,0,0,3,0,0
A,B,114,57,10,2,False,,8,6,100,0,0,3,1,2,0,0,0,0,2,0,0
B,A,190,95,4,10,False,,8,2,180,0,0,7,1,1,2,1,0,0,4,0,0
B,B,221,111,6,10,False,,10,1,210,0,0,4,0,1,1,1,0,2,5,0,0
B,B,195,98,8,10,False,,8,5,179,0,0,3,0,0,2,1,1,0,4,0,0
B,B,163,82,5,10,False,,7,6,147,0,0,7,0,1,0,2,0,0,3,0,0
B,A,142,71,9,10,False,B,12,3,127,0,0,8,1,0,2,0,1,0,3,1,0
B,B,231,116,6,10,False,,6,6,213,0,0,4,0,0,0,2,2,1,5,0,0
B,B,223,112,4,10,False,,8,5,209,0,0,5,2,1,0,1,0,1,3,0,0
A,A,177,89,10,4,False,,6,3,168,0,0,8,1,2,1,0,1,2,6,0,0
A,A,143,72,10,4,False,,9,2,132,0,0,4,2,1,0,0,1,0,2,0,0
A,B,220,110,10,6,False,B,3,7,210,0,0,8,0,1,1,1,1,1,5,1,1
B,B,209,105,6,10,False,,6,4,198,0,0,8,0,0,1,1,0,3,5,0,0
B,A,176,88,7,10,False,B,7,7,162,0,0,8,1,2,1,0,0,1,4,1,0
B,A,224,112,8,10,False,,12,1,211,0,0,7,0,0,1,0,0,1,2,0,0
B,A,176,88,7,10,False,,7,6,163,0,0,8,1,1,1,2,1,0,5,0,0
B,A,200,100,8,10,True,B,9,2,189,0,0,7,1,1,2,2,0,1,6,1,0
B,B,116,59,7,10,False,B,9,2,105,0,0,8,3,0,2,1,1,0,4,1,0
A,B,226,113,10,8,False,,11,2,213,0,0,6,0,1,1,0,0,0,2,0,0
A,B,264,132,10,8,False,,8,3,253,0,0,6,1,2,0,0,1,0,3,0,0
B,B,246,124,6,10,False,,4,5,235,0,0,6,1,2,3,1,0,0,6,0,0
B,A,134,68,4,10,False,B,7,1,126,0,0,4,1,2,0,1,1,0,4,1,0
B,A,242,121,7,10,False,B,9,4,229,0,0,5,0,1,0,0,3,0,4,1,0
A,A,93,47,10,4,False,,4,4,85,0,0,2,1,2,1,0,1,0,4,0,0
B,B,257,129,8,10,False,,12,3,242,0,0,7,0,0,2,0,1,0,3,0,0
B,B,257,129,7,10,False,B,8,2,247,0,0,5,1,1,2,0,0,1,4,1,0
B,A,168,84,9,10,False,,9,2,157,0,0,5,1,0,1,1,1,3,6,0,0
A,A,156,79,10,9,False,,10,3,142,0,0,5,0,0,0,2,0,1,3,0,0
B,A,120,60,7,10,False,,10,3,107,0,0,3,1,2,0,1,1,1,5,0,0
B,A,178,89,7,10,False,,10,3,165,0,0,6,1,1,0,1,0,0,2,0,0
A,B,228,114,10,6,False,,6,5,217,0,0,4,0,2,1,0,1,0,4,0,0
A,B,138,69,10,6,False,B,9,1,128,0,0,5,2,0,1,0,2,0,3,1,0
B,B,173,87,5,10,False,,4,7,161,0,0,5,0,1,1,2,1,0,5,0,0
B,B,173,87,6,10,False,,10,4,159,0,0,2,1,0,0,1,1,0,2,0,0
A,A,263,132,10,9,False,,6,5,252,0,0,4,0,2,2,0,1,0,5,0,0
B,A,172,86,6,10,False,,8,3,161,0,0,4,0,0,0,1,1,2,4,0,0
B,B,185,93,8,12,False,,9,5,170,0,0,7,1,0,1,1,1,1,4,0,0
B,A,136,68,6,10,False,,7,3,126,0,0,4,1,0,0,3,0,1,4,0,0
B,B,153,77,6,10,False,,11,0,141,0,0,5,0,0,0,3,0,1,4,0,0
B,B,253,127,9,12,False,,7,5,241,0,0,6,1,2,0,0,0,2,4,0,0
A,A,203,102,10,8,False,B,9,5,189,0,0,6,1,2,0,0,1,1,4,1,0
B,B,177,89,4,10,False,,9,2,164,0,0,7,0,3,1,1,0,1,6,0,0
B,A,174,87,6,10,False,,8,6,160,0,0,2,0,1,0,0,2,0,3,0,1
B,A,182,92,5,10,False,,8,4,170,0,0,7,0,2,3,1,0,0,6,0,0
B,B,202,102,8,10,False,,9,3,187,0,0,8,1,1,0,2,2,0,5,0,0
B,A,184,92,9,10,True,,9,2,173,0,0,3,1,1,0,2,0,2,5,0,0
B,B,186,94,5,10,False,B,5,7,173,0,0,5,1,1,0,1,1,1,4,1,0
B,A,202,101,7,10,False,,9,4,189,0,0,7,0,1,1,1,0,1,4,0,0
A,A,289,145,10,8,False,,9,6,274,0,0,6,0,1,0,0,1,0,2,0,0
B,A,172,87,9,10,False,,8,5,154,0,0,3,0,0,0,3,2,0,5,0,0
B,A,152,76,5,10,False,B,10,1,140,0,0,9,1,1,1,1,0,3,6,1,0
A,B,300,150,10,9,False,,8,8,284,0,0,9,2,0,1,0,0,2,3,0,0
A,B,264,132,10,7,False,,9,4,251,0,0,7,1,1,0,0,1,2,4,0,0
A,A,125,63,10,6,False,,8,3,114,0,0,4,2,0,1,1,1,1,4,0,0
A,B,176,88,10,7,False,,7,3,166,0,0,7,1,1,0,0,2,1,4,0,0
A,B,184,93,10,8,False,,5,7,169,0,0,6,0,0,0,2,1,1,4,0,0
A,A,163,82,10,9,False,,11,1,151,0,0,6,1,0,3,0,1,1,5,0,1
A,B,244,122,10,9,False,B,6,7,231,0,0,3,1,2,0,0,1,1,4,1,0
A,B,282,141,10,7,False,A|B,5,8,269,0,0,6,0,0,1,0,0,2,3,2,0
B,A,178,90,6,10,False,,6,3,169,0,0,7,0,1,2,1,1,2,7,0,0
A,A,239,120,10,9,True,,11,4,224,0,0,8,2,0,1,0,1,0,2,0,0
A,B,106,53,10,4,False,B,7,3,96,0,0,5,2,0,1,1,0,0,2,1,0
A,B,88,44,10,1,False,,6,3,79,0,0,6,1,1,2,0,1,0,4,0,0
B,A,116,59,4,10,False,,8,6,96,0,0,3,0,0,0,2,2,0,4,0,0
A,B,170,85,10,7,False,,9,3,157,0,0,6,1,0,3,1,0,0,4,0,0
B,B,181,91,8,10,False,,7,7,167,0,0,5,0,0,0,0,2,0,2,0,0
B,A,156,78,8,10,False,B,9,5,142,0,0,5,1,0,1,2,0,1,4,1,0
A,B,230,115,10,8,False,,10,5,215,0,0,8,0,1,0,0,1,0,2,0,0
B,B,154,78,6,10,False,,9,5,137,0,0,3,0,1,1,1,0,1,4,0,0
B,A,276,138,8,10,False,,4,6,266,0,0,8,0,2,3,0,0,0,5,0,0
A,A,197,99,10,6,False,,8,2,187,0,0,9,1,0,2,0,1,3,6,0,0
A,A,103,52,10,5,False,,7,3,93,0,0,3,1,1,1,0,1,0,3,0,0
B,A,284,142,8,10,False,,5,7,272,0,0,7,0,1,0,0,0,2,3,0,0
B,B,233,117,8,10,False,,6,4,219,0,0,2,0,0,0,1,2,1,4,0,0
B,B,219,110,9,10,False,,9,4,206,0,0,5,1,0,1,1,0,1,3,0,0
B,B,241,121,7,10,False,,6,8,227,0,0,4,0,1,0,2,1,1,5,0,0
A,A,137,69,10,8,False,B,10,3,124,0,0,5,2,1,0,0,0,0,1,1,0
A,B,254,127,10,9,False,,9,7,238,0,0,6,0,1,1,0,1,0,3,0,0
A,B,166,83,10,5,False,,7,3,156,0,0,3,1,0,0,0,2,2,4,0,0
B,B,257,129,9,10,False,B,8,3,246,0,0,5,1,0,2,1,1,1,5,1,0
A,B,188,95,11,9,False,,6,6,174,0,0,6,2,0,1,3,1,1,6,0,0
B,A,204,103,9,10,False,,10,3,186,0,0,8,0,0,0,2,0,2,4,0,0
B,B,131,66,6,10,False,B,4,7,118,0,0,6,1,1,1,1,1,1,5,1,0
B,B,217,109,9,10,False,,8,4,203,0,0,7,0,1,0,2,2,0,5,0,0
B,B,179,90,6,10,False,,9,4,165,0,0,6,0,0,0,1,1,1,3,0,0
A,B,186,93,10,5,False,,7,6,173,0,0,3,2,2,0,0,0,0,2,0,0
A,B,144,72,10,6,False,B,6,5,133,0,0,10,2,0,1,0,2,0,3,1,0
B,B,219,110,9,10,False,,7,4,208,0,0,7,0,0,2,1,1,0,4,0,0
A,A,73,37,10,1,False,,7,2,64,0,0,3,1,0,1,0,1,0,2,0,0
A,A,195,98,10,7,False,,7,5,183,0,0,7,3,1,0,0,1,0,2,0,0
B,B,193,97,6,10,False,B,8,5,180,0,0,8,1,1,1,0,0,1,3,1,0
B,A,194,98,5,10,False,,8,3,183,0,0,5,1,1,0,1,0,1,3,0,0
A,B,234,117,10,9,True,B,9,2,221,0,0,6,2,1,3,1,0,1,6,1,0
B,A,196,98,7,10,False,,9,1,186,0,0,6,2,0,2,1,2,0,5,0,0
A,B,128,64,10,8,False,B,13,1,114,0,0,7,1,0,1,0,0,0,1,1,0
B,A,176,88,5,10,False,B,8,3,165,0,0,7,1,2,1,1,0,0,4,1,0
B,B,218,110,7,10,False,,10,2,204,0,0,6,0,0,0,2,0,3,5,0,0
A,B,224,112,10,6,False,,8,6,210,0,0,5,1,1,1,0,0,1,3,0,0
A,B,336,168,10,6,False,B,3,6,327,0,0,6,0,1,1,0,3,2,7,1,0
A,A,135,68,10,4,False,A,9,3,117,0,0,5,1,0,1,1,1,0,3,1,0
B,B,267,134,8,10,False,,6,4,257,0,0,4,0,1,1,0,2,2,6,0,0
B,B,155,78,6,10,False,B,4,6,143,0,0,4,1,1,0,1,1,1,4,1,0
B,A,204,102,7,10,False,,9,6,189,0,0,6,0,0,3,0,0,0,3,0,0
B,A,206,103,8,10,False,,9,4,193,0,0,6,0,1,2,1,0,0,4,0,0
B,A,164,82,9,10,True,,6,7,151,0,0,4,1,1,1,1,0,0,3,0,0
A,B,112,56,10,3,False,B,3,3,106,0,0,4,2,1,2,1,1,0,5,1,0
A,B,164,82,10,6,False,,6,4,152,0,0,5,1,2,1,1,0,1,5,0,0
B,B,211,106,5,10,False,,4,12,190,0,0,6,0,2,1,1,0,1,5,0,0
B,B,141,71,7,10,False,,9,2,129,0,0,5,3,0,0,2,0,2,4,0,0
B,A,202,101,6,10,False,,6,6,190,0,0,5,0,0,1,1,3,0,5,0,0
B,A,172,87,6,10,False,B,6,2,164,0,0,6,1,1,1,1,1,1,5,1,0
A,B,176,88,10,9,False,,10,2,164,0,0,6,1,1,2,1,0,0,4,0,0
A,B,180,90,10,9,False,,12,4,163,0,0,4,2,0,0,1,1,0,2,0,0
B,A,128,64,3,10,False,,5,5,118,0,0,8,2,2,2,1,0,0,5,0,0
A,A,175,88,10,9,False,B,4,8,163,0,0,6,1,0,1,0,0,2,3,1,0
B,B,187,94,9,10,False,,10,2,173,0,0,5,1,2,0,1,0,1,4,0,0
A,A,205,103,10,9,False,B,8,5,192,0,0,5,0,2,0,0,0,1,3,1,0
B,B,201,101,5,10,False,,5,5,189,0,0,3,0,1,1,1,1,1,5,0,0
B,A,200,100,7,10,False,,3,9,188,0,0,4,2,1,1,1,0,1,4,0,0
A,B,132,66,10,5,False,,7,6,118,0,0,5,1,1,1,1,0,1,4,0,0
B,A,290,145,9,10,False,,4,9,277,0,0,5,0,0,1,1,2,0,4,0,0
A,B,174,87,10,7,False,,6,7,161,0,0,4,1,0,1,0,1,1,3,0,0
A,A,196,99,10,8,False,,9,3,182,0,0,4,0,0,1,2,0,1,4,0,0
B,B,159,80,7,10,False,,10,2,147,0,0,5,1,2,1,1,1,0,5,0,0
B,B,253,127,9,10,False,,7,4,240,0,0,7,1,0,1,1,0,2,4,0,0
B,B,241,121,8,10,False,,11,2,228,0,0,4,1,0,1,0,0,1,2,0,0
B,B,244,123,7,10,False,,8,6,228,0,0,6,0,0,0,1,0,1,2,0,0
B,B,231,116,7,10,False,A,11,6,214,0,0,4,0,1,0,0,0,1,2,1,0
A,B,174,87,10,5,False,,12,3,159,0,0,3,0,0,1,0,0,2,3,0,0
B,A,298,149,7,10,False,,8,2,288,0,0,5,0,0,2,0,0,3,5,0,0
A,A,211,106,10,7,False,,8,2,201,0,0,6,1,0,0,0,2,2,4,0,0
B,B,173,87,6,10,False,,9,3,160,0,0,4,0,0,3,1,0,1,5,0,0
B,A,224,112,8,10,False,,7,4,213,0,0,4,1,1,1,0,2,0,4,0,0
B,B,237,119,8,10,False,B,6,2,229,0,0,8,2,0,1,0,1,3,5,1,0
A,A,281,141,10,9,False,,7,8,266,0,0,5,0,1,1,0,1,1,4,0,0
B,B,219,110,8,10,False,,9,5,204,0,0,9,1,0,0,1,1,0,2,0,0
B,B,131,66,4,10,False,,6,6,116,0,0,2,0,1,1,1,1,1,5,0,0
A,A,251,126,10,9,False,,7,6,238,0,0,7,0,0,0,0,0,3,3,0,0
B,A,172,86,7,10,False,B,7,4,161,0,0,5,0,3,1,0,1,0,5,1,0
A,B,160,80,10,9,False,,10,5,143,0,0,6,1,0,0,1,2,0,3,0,0
B,B,143,72,6,10,False,,9,4,129,0,0,5,1,0,1,1,0,1,3,0,0
B,B,221,111,6,10,False,B,6,8,205,0,0,5,0,2,0,1,0,1,4,1,0
B,B,289,145,7,10,False,B,2,8,279,0,0,7,2,1,1,0,0,2,4,1,0
B,A,170,85,5,10,False,,8,5,157,0,0,4,0,1,1,1,0,1,4,0,0
B,A,174,87,5,10,False,B,5,6,163,0,0,8,2,0,2,1,0,1,4,1,0
B,B,164,83,6,10,False,,7,8,149,0,0,4,0,0,0,1,1,0,2,0,0
A,B,178,89,10,7,False,B,6,5,167,0,0,4,2,0,2,0,0,3,5,1,0
A,B,192,96,10,9,False,,4,5,183,1,2,3,2,0,0,0,1,1,2,1,0
B,B,209,105,8,10,True,,6,9,194,0,0,4,1,1,1,0,1,1,4,0,0
B,B,221,111,9,10,False,B,8,4,206,0,0,9,1,0,0,2,0,0,2,1,0
B,A,284,142,9,10,False,,10,5,269,0,0,6,1,0,0,0,1,1,2,0,0
A,A,97,49,10,1,False,,7,3,87,0,0,2,1,0,0,0,1,2,3,0,0
B,A,236,118,7,10,False,,7,4,225,1,2,6,0,1,1,0,2,0,5,0,0
B,B,165,83,8,10,False,A,8,1,154,0,0,8,1,1,2,1,2,1,7,1,0
B,A,266,133,8,10,False,,12,2,252,0,0,6,0,1,0,0,1,1,3,0,0
A,A,222,112,10,6,False,,6,7,207,0,0,6,0,0,2,1,0,2,5,0,0
B,A,156,78,9,10,False,B,4,5,147,0,0,5,2,0,0,2,0,2,4,1,0
B,B,157,79,7,10,False,,6,5,146,0,0,3,1,0,1,1,0,1,3,0,0
A,B,190,95,10,5,False,A,8,3,178,0,0,7,0,1,0,1,1,1,4,1,0
A,A,142,72,10,7,False,A,9,3,128,0,0,8,2,0,1,2,2,0,5,1,0
B,A,190,95,5,10,False,,5,4,181,0,0,4,0,2,0,1,0,2,5,0,0
B,A,220,110,9,10,False,B,10,1,209,0,0,8,1,1,1,0,1,1,4,1,0
B,B,167,84,5,10,False,,5,7,153,0,0,6,1,0,0,1,1,1,3,0,0
A,A,215,108,10,5,False,,9,4,202,0,0,3,2,0,0,0,1,1,2,0,0
B,A,114,58,5,10,False,B,8,2,103,0,0,4,2,1,0,3,1,0,5,1,0
A,B,162,81,10,5,False,,8,2,152,0,0,5,1,1,1,1,1,0,4,0,0
A,A,184,93,10,9,False,,3,7,169,0,0,5,0,0,1,2,1,1,5,0,0
B,A,154,77,5,10,False,,4,4,146,0,0,3,1,1,1,1,1,0,4,0,0
B,B,165,83,6,10,False,,11,1,150,0,0,4,0,1,2,1,0,0,4,0,0
A,B,168,84,10,8,False,,11,2,155,0,0,7,0,1,1,1,0,0,3,0,0
B,B,251,126,4,10,False,B,4,6,239,0,0,4,2,2,0,1,1,1,5,1,0
B,A,182,91,7,10,False,,6,6,166,0,0,5,0,1,1,2,0,0,4,0,0
A,A,168,85,10,8,False,,5,4,155,0,0,7,2,1,2,2,0,1,6,0,0
B,A,244,122,8,10,False,B,9,4,231,0,0,5,1,2,2,0,0,0,4,1,0
A,B,234,117,10,8,False,,6,7,221,0,0,7,0,1,1,0,0,0,2,0,0
A,A,285,143,10,8,False,,4,9,272,0,0,6,0,0,2,0,0,0,2,0,0
B,A,166,83,8,10,False,B,4,10,152,0,0,7,1,0,1,1,0,0,2,1,0
B,B,214,108,9,10,False,,10,2,200,0,0,5,0,1,0,2,1,0,4,0,0
B,B,160,81,5,10,False,B,8,5,147,0,0,10,1,0,1,1,0,0,2,1,0
B,A,208,105,8,10,False,,6,6,196,0,0,3,1,1,1,1,0,1,4,0,0
B,A,168,84,6,10,False,,8,7,151,0,0,5,1,0,0,0,0,1,1,0,0
B,A,222,111,6,10,False,,4,6,212,0,0,4,0,1,0,2,0,2,5,0,0
B,A,120,61,3,10,False,B,7,4,107,0,0,5,1,1,0,2,0,0,3,1,0
A,B,142,71,10,6,False,,4,5,133,0,0,6,1,0,2,2,2,1,7,0,0
B,A,154,78,6,10,False,,12,2,140,0,0,5,1,0,0,1,0,0,1,0,0
B,B,207,104,7,10,False,B,6,3,197,0,0,7,2,1,0,1,1,2,5,1,0
A,B,266,133,10,9,False,B,11,3,252,0,0,4,1,1,0,0,1,1,3,1,0
A,A,171,86,10,8,False,,8,3,160,0,0,5,2,0,1,2,0,2,5,0,0
A,B,152,76,10,4,False,,10,6,136,1,2,5,1,0,0,0,1,0,1,1,0
B,A,272,136,9,10,False,,7,5,260,0,0,6,0,0,1,1,1,1,4,0,0
A,A,125,63,10,3,False,,7,7,111,0,0,5,1,1,0,1,1,0,3,0,0
A,B,174,87,10,6,False,,7,2,165,0,0,5,0,3,2,1,1,0,7,0,0
B,B,202,102,7,10,False,,8,2,191,0,0,6,0,1,1,1,1,1,5,0,0
A,A,177,89,10,7,False,,12,0,165,0,0,6,2,1,2,0,0,1,4,0,0
B,A,96,49,5,10,False,,8,3,85,0,0,5,0,1,0,1,0,2,4,0,0
A,A,231,116,10,8,False,B,5,7,219,0,0,8,1,1,1,0,1,0,3,1,0
B,A,196,98,7,10,False,,9,3,184,0,0,3,1,0,0,0,2,2,4,0,0
A,A,177,89,10,7,False,,10,3,164,0,0,4,0,0,1,0,1,0,2,0,1
B,B,196,99,8,10,False,,8,6,179,0,0,8,0,0,0,1,0,2,3,0,0
B,A,222,111,9,10,False,B,10,2,210,0,0,4,1,0,1,0,0,2,3,1,1
B,A,270,135,9,10,False,,8,6,256,0,0,4,1,1,0,0,1,0,2,0,0
A,A,201,101,10,8,False,,6,8,187,0,0,3,1,0,0,0,0,1,1,0,0
A,B,150,75,10,6,False,,8,5,137,0,0,8,1,1,0,1,1,1,4,0,0
A,B,274,137,10,8,False,,9,8,257,0,0,6,0,0,0,0,1,1,2,0,0
B,B,152,77,6,10,False,B,3,10,138,0,0,6,1,0,0,2,2,0,4,1,0
B,B,248,125,9,10,False,,5,3,236,0,0,8,1,1,2,2,0,2,7,0,0
A,A,223,112,10,8,False,,8,4,211,0,0,6,0,1,2,0,1,1,5,0,0
A,B,160,80,10,4,False,,10,2,148,0,0,6,2,1,0,0,1,0,2,0,0
B,A,200,100,9,10,False,B,8,5,187,0,0,4,1,0,0,0,1,1,2,1,0
B,B,164,83,6,10,False,,10,2,152,0,0,7,0,1,0,2,1,0,4,0,0
A,A,175,88,10,5,False,,5,6,164,0,0,3,1,1,1,0,2,0,4,0,0
B,B,223,112,7,10,False,A,8,4,211,0,0,6,0,1,1,0,1,1,4,1,0
A,A,143,72,10,8,False,,7,3,133,0,0,7,2,0,1,1,1,1,4,0,0
B,A,194,98,7,10,True,,8,3,181,0,0,5,2,1,1,2,0,1,5,0,0
A,B,312,156,10,8,False,,6,3,303,0,0,8,1,1,2,1,1,1,6,0,0
A,B,204,103,10,9,False,B,7,7,188,0,0,5,1,0,0,1,0,0,1,1,0
B,B,191,96,9,10,True,,7,6,178,0,0,5,1,1,1,1,0,1,4,0,0
B,B,174,88,7,10,False,B,6,6,161,0,0,7,0,1,2,1,1,0,5,1,0
A,B,62,31,10,0,False,,5,2,55,0,0,2,1,0,1,0,1,0,2,0,0
B,B,167,84,7,10,False,,9,3,154,0,0,8,0,1,0,2,1,0,4,0,0
B,A,194,97,8,10,False,,8,2,184,0,0,3,1,0,0,1,2,3,6,0,0
A,B,180,91,10,8,False,,8,7,165,0,0,9,0,1,1,1,2,0,5,0,0
A,B,256,128,10,9,False,,9,4,243,0,0,5,0,0,1,0,0,1,2,0,0
B,B,203,102,5,10,False,B,7,5,189,0,0,8,0,1,0,2,2,0,5,1,0
B,A,146,73,8,10,False,,10,3,133,0,0,4,0,0,0,2,3,1,6,0,0
A,A,200,101,10,9,False,,6,4,187,0,0,5,1,2,0,3,1,0,6,0,0
B,A,182,91,7,10,False,,8,4,170,0,0,5,1,1,1,1,0,0,3,0,0
A,B,188,94,10,6,False,,5,6,177,0,0,7,1,1,2,0,1,2,6,0,0
A,B,270,135,10,7,False,,8,3,259,0,0,5,0,2,1,0,0,1,4,0,0
A,A,204,103,10,8,False,,7,3,192,0,0,6,0,1,1,3,0,1,6,0,0
B,B,169,85,6,10,False,,7,7,154,0,0,8,0,1,0,1,2,0,4,0,0
B,B,231,116,8,10,False,B,8,4,219,0,0,8,0,1,0,0,0,2,3,1,0
A,A,265,133,10,9,False,,10,5,250,0,0,5,0,0,0,0,2,1,3,0,0
A,A,208,105,10,7,False,,9,3,194,0,0,9,0,1,1,1,2,0,5,0,0
A,A,243,122,10,9,False,,5,6,230,0,0,5,0,0,1,1,1,2,5,0,0
B,A,172,86,6,10,False,,9,2,161,0,0,8,0,1,0,2,1,0,4,0,0
B,B,193,97,9,10,False,,11,1,180,0,0,6,1,0,1,2,0,1,4,0,0
A,A,207,104,10,8,False,,9,4,194,0,0,5,0,0,1,0,3,0,4,0,0
B,A,254,127,8,10,False,B,8,8,238,0,0,7,0,1,1,0,0,0,2,1,0
B,B,168,85,8,10,False,,9,1,155,0,0,7,0,1,1,2,1,0,5,0,0
A,A,71,36,10,0,False,,5,2,64,0,0,2,1,1,1,0,1,0,3,0,0
B,A,214,107,6,10,False,,13,2,199,0,0,8,0,0,0,0,2,0,2,0,0
B,A,204,102,2,10,False,B,4,2,198,0,0,6,2,0,2,2,1,1,6,1,0
B,B,220,111,9,10,False,,7,5,202,0,0,4,0,0,0,1,2,1,4,0,0
A,A,113,57,10,5,False,B,6,6,101,0,0,6,1,1,1,0,1,1,4,1,0
A,B,150,75,10,8,False,B,10,2,136,0,0,5,1,0,0,1,1,1,3,1,0
A,B,244,122,10,5,False,,7,8,229,0,0,5,1,1,1,0,0,0,2,0,0
A,B,90,45,10,3,False,,6,2,82,0,0,2,2,2,1,0,0,0,3,0,0
B,B,181,91,7,10,False,,9,3,168,0,0,5,0,1,1,1,0,1,4,0,0
A,B,202,101,10,9,False,,5,6,190,0,0,8,1,0,1,1,0,2,4,0,0
A,B,264,132,10,9,False,,11,4,249,0,0,4,0,0,1,0,1,1,3,0,0
B,B,275,138,8,10,False,,7,6,262,1,2,5,0,0,0,0,0,2,3,0,0
A,A,131,66,10,6,False,B,8,4,119,0,0,5,1,1,0,0,0,1,2,1,0
B,B,161,81,7,10,False,,8,2,151,0,0,6,2,0,1,0,2,1,4,0,0
A,A,191,96,10,7,False,,4,4,183,0,0,4,1,0,1,2,1,2,6,0,0
B,A,186,93,9,10,False,,8,2,176,0,0,7,2,1,0,1,1,1,4,0,0
B,B,229,115,5,10,False,,5,6,217,0,0,6,0,0,1,1,2,1,5,0,0
A,A,117,59,10,6,False,B,10,3,104,0,0,8,1,0,1,0,1,1,3,1,0
A,B,152,77,10,9,False,,6,6,137,0,0,8,1,0,1,2,0,0,3,0,0
A,A,171,86,10,6,False,,7,7,154,0,0,6,0,0,1,1,2,0,4,0,0
A,B,144,72,10,3,False,,5,8,131,0,0,5,1,1,0,0,2,1,4,0,0
B,B,273,137,8,10,False,B,8,3,262,0,0,9,0,1,1,1,0,1,4,1,0
A,A,221,111,10,9,False,,9,2,208,0,0,8,1,2,1,1,1,1,6,0,0
B,A,226,113,7,10,False,,6,8,212,0,0,5,0,0,0,2,1,1,4,0,0
B,A,186,93,8,10,False,,8,3,175,0,0,5,2,2,0,1,0,3,6,0,0
B,A,102,51,4,10,False,,9,2,89,0,0,4,0,0,0,1,1,2,4,0,0
A,A,211,106,10,7,False,,9,5,197,0,0,6,0,0,2,0,0,0,2,0,0
B,A,158,79,7,10,False,,10,3,145,0,0,8,0,2,1,2,0,0,5,0,0
A,A,93,47,10,2,False,,8,1,84,0,0,4,1,0,2,0,2,0,4,0,0
B,B,205,103,4,10,False,B,9,6,190,0,0,5,1,0,0,0,2,0,2,1,0
B,B,177,89,9,10,False,,14,1,157,0,0,4,0,0,0,2,1,1,4,0,0
A,A,261,131,10,9,False,,11,4,246,0,0,6,0,1,0,0,0,2,3,0,0
B,A,234,117,7,10,False,,8,4,222,1,2,6,0,0,0,1,1,1,3,1,1
B,A,142,71,5,10,False,B,8,2,132,0,0,5,1,1,2,2,0,0,5,1,0
A,B,224,112,10,8,False,,10,4,210,0,0,5,1,1,2,0,0,1,4,0,0
B,A,182,91,6,10,False,,7,3,172,0,0,8,0,0,1,1,1,2,5,0,0
B,B,169,85,4,10,False,,7,6,153,0,0,8,0,1,1,1,0,1,4,0,0
B,B,215,108,7,10,False,,7,2,206,1,2,6,1,1,1,0,1,0,4,0,0
A,B,162,81,10,2,False,,4,6,152,0,0,6,1,1,0,1,1,0,3,0,1
B,A,204,102,9,10,False,,10,3,191,0,0,6,1,1,0,0,0,2,3,0,0
B,B,229,115,8,10,False,B,7,5,217,0,0,4,0,3,0,0,0,0,3,1,0
A,B,136,68,10,8,False,,8,1,127,0,0,5,2,1,2,1,1,2,7,0,0
A,A,227,114,10,9,False,,5,5,217,0,0,4,1,2,1,0,1,2,6,0,0
A,A,189,95,10,5,False,,8,3,178,0,0,6,1,1,0,1,2,2,6,0,0
B,B,123,62,9,10,True,B,8,3,111,0,0,6,1,0,0,1,2,0,3,1,0
B,A,216,108,8,10,False,,5,6,205,0,0,5,1,1,1,1,0,0,3,0,0
A,A,161,81,10,7,False,,7,6,148,0,0,5,2,0,1,0,3,0,4,0,0
A,B,148,74,10,8,False,,8,4,135,0,0,8,1,1,2,4,0,0,7,0,0
A,B,116,58,10,2,False,,9,2,105,0,0,4,1,0,1,0,2,1,4,0,0
B,B,239,120,9,10,False,,11,4,222,0,0,7,0,1,1,1,0,1,4,0,0
B,A,208,105,9,10,False,,5,5,198,1,2,5,1,0,0,1,1,2,4,1,0
B,B,135,68,5,10,False,,9,3,118,0,0,5,1,1,1,1,0,1,4,0,0
B,B,265,133,8,10,False,,8,4,253,0,0,4,1,0,2,0,0,0,2,0,0
B,A,170,85,8,10,False,,9,3,158,0,0,6,2,0,0,2,0,1,3,0,0
B,A,280,140,9,10,False,,7,2,271,0,0,7,0,2,1,0,1,2,6,0,0
A,A,143,72,10,9,False,,6,5,128,0,0,4,1,1,2,2,0,1,6,0,0
B,A,132,67,8,10,False,,6,6,120,1,2,6,1,0,0,1,1,2,5,0,0
B,B,251,126,9,11,False,,7,4,240,0,0,6,1,4,1,0,0,0,5,0,0
A,B,208,104,10,9,False,,10,2,195,0,0,5,1,0,1,1,1,0,3,0,0
B,A,212,106,8,10,False,,7,3,202,0,0,7,0,1,0,0,0,2,3,0,1
A,A,141,71,10,6,False,,7,3,131,0,0,3,1,2,1,0,0,2,5,0,0
B,B,184,93,9,10,False,,6,5,169,0,0,8,0,0,2,2,1,1,6,0,0
B,B,203,102,8,10,False,B,6,7,190,0,0,5,1,0,1,0,1,0,2,1,0
A,A,307,154,10,8,False,B,3,6,298,0,0,4,1,2,1,0,1,1,5,1,0
A,B,188,94,10,9,False,,11,4,169,0,0,5,1,0,1,1,0,1,3,0,0
A,B,238,119,10,7,False,,8,4,226,0,0,6,0,0,1,0,0,3,4,0,0
A,A,281,141,10,9,False,,9,2,270,0,0,10,1,1,1,0,2,0,4,0,0
A,A,162,82,10,8,False,,10,7,142,0,0,6,0,2,0,2,1,0,5,0,0
B,B,215,108,9,10,False,A,8,4,203,0,0,6,0,1,0,0,2,1,4,1,0
B,B,243,122,9,10,False,,4,4,234,0,0,5,2,2,0,1,2,2,7,0,0
B,B,99,50,4,10,False,,6,5,86,0,0,5,0,0,1,1,1,0,3,0,0
B,A,138,69,9,10,True,,10,3,121,0,0,3,1,0,1,1,1,2,5,0,0
A,A,237,119,10,9,False,B,5,8,224,0,0,10,1,1,2,0,0,0,3,1,0
B,A,262,131,8,10,False,,10,2,250,0,0,7,0,1,0,0,1,2,4,0,0
B,A,218,110,9,10,False,,8,6,204,0,0,8,0,0,1,1,0,1,3,0,0
A,B,168,84,10,8,False,,8,6,153,0,0,4,1,1,0,1,0,1,3,0,0
A,B,272,136,10,8,False,,6,4,262,1,2,4,1,1,0,0,1,3,6,0,0
A,B,284,142,10,7,False,,7,5,272,0,0,6,0,2,0,0,0,2,4,0,0
A,B,204,102,10,7,False,B,11,2,191,0,0,5,1,0,0,0,0,1,1,1,0
B,A,162,81,6,10,False,A|B,8,4,150,0,0,6,0,2,1,1,0,0,4,2,0
B,A,254,127,7,10,False,,10,2,242,0,0,6,1,1,0,0,0,1,2,0,0
A,A,85,43,10,1,False,,10,0,75,0,0,4,1,0,1,0,0,2,3,0,0
B,B,190,96,9,10,False,,6,5,176,0,0,8,1,1,1,2,0,1,5,0,0
A,B,150,75,10,9,False,,10,3,135,0,0,6,1,0,0,2,1,0,3,0,0
A,A,205,103,10,7,False,,7,5,193,0,0,6,0,0,2,0,1,0,3,0,0
A,A,143,72,10,6,False,,6,8,129,0,0,3,2,2,0,1,0,0,3,0,0
B,A,168,84,6,10,False,,8,4,156,0,0,6,0,1,0,1,2,1,5,0,0
B,B,197,99,6,10,False,,8,4,182,0,0,6,0,0,2,2,0,0,4,0,0
A,B,214,107,10,9,False,,6,8,200,0,0,5,0,0,0,1,1,1,3,0,0
B,A,250,125,8,10,False,,7,3,240,0,0,5,0,2,0,0,1,2,5,0,0
B,A,264,132,7,10,False,,6,8,250,0,0,7,0,1,2,0,1,0,4,0,0
B,B,283,142,7,10,False,,5,7,271,0,0,8,0,1,2,0,1,0,4,0,0
B,B,245,123,9,10,False,,8,6,231,0,0,5,0,0,1,0,0,1,2,0,1
A,A,223,112,10,8,False,,10,3,210,0,0,5,0,1,1,0,0,2,4,0,0
B,A,186,93,6,10,False,,6,8,172,0,0,2,0,0,0,1,0,1,2,0,0
B,B,205,103,7,10,False,,7,3,192,0,0,2,0,0,2,1,2,1,6,0,0
B,B,211,106,9,10,False,,12,4,195,0,0,7,0,0,0,0,2,1,3,0,0
B,B,203,102,8,10,False,,6,10,187,0,0,8,1,0,1,1,1,1,4,0,0
B,B,235,118,6,10,False,B,5,6,224,0,0,6,0,2,2,1,1,0,6,1,0
A,B,120,60,10,5,False,,6,6,107,0,0,7,1,0,0,2,1,1,4,0,0
B,B,131,66,4,10,False,B,9,1,121,0,0,7,2,0,0,1,1,0,2,1,0
A,A,175,88,10,9,False,,10,1,162,0,0,7,1,0,0,1,0,1,2,0,0
B,A,186,93,5,10,False,,5,8,173,0,0,3,1,1,1,1,0,0,3,0,0
A,B,248,124,10,8,False,,6,7,235,0,0,7,1,1,1,0,2,0,4,0,0
B,A,192,97,5,10,False,B,7,2,183,0,0,6,0,1,0,2,0,2,5,1,0
B,B,180,91,9,10,False,B,8,5,165,0,0,7,1,0,0,2,0,0,2,1,0
A,A,127,64,10,7,False,B,10,3,114,0,0,4,2,1,2,0,1,0,4,1,0
A,B,212,106,10,8,False,,11,2,199,0,0,7,1,1,0,0,1,2,4,0,0
B,B,199,100,7,10,False,,6,7,185,1,2,7,0,0,0,1,1,0,3,0,0
A,A,113,57,10,4,False,B,7,4,102,0,0,6,1,0,1,0,0,1,2,1,0
A,B,188,94,10,7,False,,8,6,174,0,0,5,0,1,1,0,0,0,2,0,0
A,A,209,105,10,7,False,,4,10,195,0,0,1,0,0,1,0,1,1,3,0,0
B,B,185,93,5,10,False,,5,7,173,0,0,7,0,2,0,2,0,0,4,0,0
A,B,308,154,10,9,False,,8,4,296,0,0,7,0,0,0,0,3,1,4,0,0
B,A,198,100,7,10,False,,8,4,186,0,0,5,2,0,1,1,0,0,2,0,0
B,A,214,107,7,10,False,,9,3,202,0,0,9,0,1,0,1,1,2,5,0,0
A,A,160,81,10,8,False,,9,0,151,0,0,7,2,1,0,2,1,0,4,0,0
A,A,259,130,10,9,False,,9,6,244,0,0,8,1,0,1,0,0,0,1,0,0
A,A,123,62,10,3,False,,6,4,113,0,0,4,2,2,0,0,1,1,4,0,0
B,B,185,93,5,10,False,B,5,8,172,0,0,8,1,1,0,1,0,2,4,1,0
B,B,271,136,7,10,False,B,9,4,258,0,0,7,0,1,1,0,0,2,4,1,0
B,A,214,107,8,10,False,,5,4,205,1,2,6,1,0,1,1,2,2,7,0,0
B,B,262,132,9,10,False,,9,2,247,1,2,2,0,0,2,1,0,1,5,0,0
A,A,139,70,10,2,False,,7,3,129,0,0,4,1,1,1,0,1,0,3,0,0
B,A,188,94,7,10,False,B,8,9,169,0,0,4,0,0,2,0,1,0,3,1,0
A,A,293,147,10,7,False,A,5,5,283,0,0,10,1,2,0,0,1,0,3,1,0
A,B,264,132,10,9,False,,7,4,253,0,0,11,0,0,1,0,2,1,4,0,0
B,A,240,120,9,10,False,B,10,3,227,0,0,6,1,0,1,0,1,0,2,1,0
B,A,214,107,7,10,False,,7,7,200,0,0,3,1,1,0,0,1,0,2,0,0
A,B,162,81,10,5,False,,8,4,150,0,0,4,1,1,0,0,1,2,4,0,0
B,A,178,90,6,10,False,,6,3,167,0,0,6,0,0,2,3,2,3,10,0,0
B,B,231,116,8,10,False,,5,6,218,0,0,7,0,1,2,0,0,2,5,0,0
A,A,163,82,10,9,False,,10,4,149,0,0,5,1,0,1,1,0,0,2,0,0
A,B,212,107,10,6,False,,8,1,203,0,0,5,0,2,0,1,1,1,5,0,0
A,A,213,107,10,6,False,,10,2,201,0,0,5,1,0,3,0,0,1,4,0,0
A,B,230,115,10,9,False,,9,6,215,0,0,7,0,0,1,0,1,1,3,0,0
A,B,212,106,10,9,False,,9,4,198,0,0,9,1,1,0,1,1,1,4,0,0
A,B,264,132,10,9,False,,11,3,250,0,0,5,0,1,1,0,1,0,3,0,0
A,A,165,83,10,7,False,,11,3,151,0,0,3,0,0,1,0,1,0,2,0,0
A,A,93,47,10,4,False,,8,2,83,0,0,6,1,2,0,0,0,0,2,0,0
B,B,187,94,8,10,False,,7,4,173,1,2,5,0,0,1,1,1,1,5,0,0
A,B,280,140,10,8,False,,5,5,270,0,0,10,0,1,1,0,2,3,7,0,0
B,B,217,109,7,10,False,,6,4,207,0,0,6,1,2,3,0,1,0,6,0,0
A,A,183,92,10,6,False,,7,4,172,0,0,5,1,1,1,0,1,3,6,0,0
B,B,259,130,9,10,False,,10,3,246,0,0,4,0,0,2,0,1,1,4,0,0
A,B,218,109,10,8,False,,9,5,204,0,0,9,0,1,1,0,1,0,3,0,0
A,A,87,44,10,2,False,,9,3,75,0,0,2,2,0,1,0,1,0,2,0,0
A,B,232,116,10,9,False,,9,4,217,0,0,4,0,1,0,1,1,2,5,0,0
B,B,167,84,7,10,False,,7,5,153,0,0,5,0,1,0,1,0,1,3,0,0
B,A,228,114,6,10,False,,10,3,215,0,0,4,0,1,1,1,1,3,7,0,0
B,A,190,95,7,10,False,,7,3,178,0,0,6,0,0,0,3,1,1,5,0,0
B,A,170,85,9,10,True,B,3,3,164,0,0,4,1,1,1,0,4,0,6,1,0
B,A,176,88,6,10,False,,12,4,160,0,0,6,0,0,1,1,2,0,4,0,0
B,B,255,128,7,10,False,B,8,3,244,0,0,11,0,0,0,1,2,1,4,1,0
B,A,168,85,6,10,False,B,9,4,153,0,0,8,1,1,1,1,0,3,6,1,0
A,A,265,133,10,8,False,,3,8,252,0,0,3,0,1,0,1,3,0,5,0,0
A,A,301,151,10,9,False,,6,7,288,0,0,5,0,1,0,0,3,0,4,0,0
B,A,166,83,7,10,False,B,5,6,155,0,0,7,2,1,1,1,0,1,4,1,0
A,B,162,81,10,7,False,B,8,1,153,0,0,6,1,1,2,0,0,0,3,1,0
B,A,200,100,7,10,False,,8,4,188,0,0,4,0,1,0,0,0,2,3,0,0
A,A,201,101,10,9,False,,4,6,191,0,0,4,1,0,2,1,1,2,6,0,0
B,B,299,150,9,10,False,B,6,5,288,0,0,5,2,1,2,0,0,2,5,1,0
B,B,207,104,8,10,False,,7,3,194,0,0,8,0,1,1,2,1,1,6,0,0
B,B,169,85,9,10,False,,7,6,155,0,0,3,1,0,1,1,0,0,2,0,0
A,B,300,150,10,9,False,B,7,4,289,0,0,5,3,0,1,0,1,1,3,1,0
B,B,146,74,9,10,False,B,6,4,134,0,0,6,1,0,1,2,0,1,4,1,0
A,B,202,102,10,9,False,,5,4,191,0,0,7,0,0,1,3,1,0,5,0,0
B,A,212,106,8,10,False,,9,3,200,0,0,4,1,0,2,0,0,1,3,0,0
A,B,166,83,10,6,False,B,12,1,153,0,0,7,1,2,1,0,0,0,3,1,0
A,A,181,91,10,8,False,B,8,3,170,0,0,5,2,2,1,0,1,1,5,1,0
B,B,231,116,8,10,False,B,4,6,220,0,0,7,0,0,1,1,2,1,5,1,0
B,A,190,95,8,10,False,,7,3,180,0,0,5,0,0,1,3,1,0,5,0,0
A,A,127,64,10,4,False,,9,3,115,0,0,4,1,1,2,0,0,0,3,0,0
B,B,185,93,8,10,False,,11,3,171,0,0,4,0,0,1,0,0,0,1,0,1
B,B,233,117,7,10,False,,7,4,222,0,0,5,1,2,1,0,1,1,5,0,0
B,A,174,87,6,10,False,,8,5,161,0,0,4,1,1,0,2,1,1,5,0,0
B,A,232,116,9,10,False,,6,5,221,0,0,8,1,2,1,2,1,0,6,0,0
A,A,227,114,10,7,False,,7,2,218,0,0,5,0,2,2,0,0,0,4,0,0
A,B,150,75,10,8,False,,11,1,135,0,0,7,1,1,0,1,1,1,4,0,0
B,A,158,80,7,10,False,,7,3,148,0,0,6,1,0,1,2,1,0,4,0,0
A,B,264,132,10,8,False,B,4,4,256,0,0,5,2,1,4,1,0,0,6,1,0
A,A,253,127,10,8,False,,9,1,243,0,0,9,0,3,1,0,1,1,6,0,0
A,B,310,155,10,9,False,,2,3,305,0,0,9,0,1,3,0,2,3,9,0,0
B,A,200,100,9,10,False,B,11,4,185,0,0,5,0,1,0,0,3,0,4,1,0
B,A,196,98,9,10,False,,7,4,183,0,0,4,0,1,1,1,2,1,6,0,0
B,B,159,80,5,10,False,B,6,4,147,0,0,7,1,2,0,1,2,0,5,1,0
A,B,166,83,10,5,False,A,10,3,153,0,0,5,1,1,1,0,1,1,4,1,0
B,A,214,107,9,10,False,,7,4,198,0,0,7,2,0,0,2,2,0,4,0,0
B,B,257,129,8,10,False,,6,8,243,0,0,3,0,1,2,0,2,0,5,0,0
A,B,156,78,10,4,False,B,7,2,147,0,0,4,1,1,1,0,1,1,4,1,0
B,B,177,89,7,10,False,,7,5,164,0,0,6,0,1,1,1,0,0,3,0,0
B,B,194,98,7,10,False,,6,6,179,0,0,7,0,1,0,2,1,0,4,0,0
A,A,91,46,10,4,False,,11,2,78,0,0,2,1,0,1,0,1,1,3,0,0
A,A,149,75,10,6,True,,9,1,139,0,0,2,2,1,1,0,1,1,4,0,0
B,A,160,80,7,10,False,,9,3,148,0,0,5,0,0,3,1,1,0,5,0,0
B,A,152,76,4,10,False,,8,6,138,0,0,9,0,0,1,0,1,0,2,0,0
B,B,227,114,6,10,False,A,6,4,216,0,0,8,0,2,1,1,1,0,5,1,0
B,B,205,103,6,10,False,,11,2,189,0,0,3,0,0,1,1,1,1,4,0,1
B,A,212,106,7,10,False,,9,4,199,0,0,6,1,0,0,2,0,1,3,0,0
B,B,201,101,9,10,False,,8,7,184,0,0,3,0,1,1,1,0,0,3,0,0
A,A,99,50,10,1,False,,10,1,88,0,0,3,1,2,1,0,2,0,5,0,0
B,B,185,93,8,10,False,,8,2,174,0,0,5,0,0,2,2,0,1,5,0,1
A,A,167,84,10,7,False,,11,3,153,0,0,5,1,1,1,0,0,0,2,0,0
B,A,216,108,7,10,False,,6,3,207,0,0,5,2,1,3,1,0,1,6,0,0
B,A,192,96,9,10,False,,8,3,181,0,0,5,2,1,0,1,0,0,2,0,0
B,B,159,80,7,11,False,,12,2,141,0,0,5,1,1,0,1,0,0,2,0,0
B,B,221,111,7,10,False,,6,4,209,0,0,4,0,0,2,1,1,2,6,0,0
A,B,194,97,10,7,False,B,7,5,182,0,0,6,2,1,1,0,0,1,3,1,0
B,B,175,88,7,10,False,B,6,5,163,0,0,8,1,1,0,1,1,2,5,1,0
A,B,162,81,10,5,False,,9,5,148,0,0,7,1,1,1,0,2,1,5,0,0
A,B,242,121,10,8,False,,8,7,227,0,0,5,0,1,0,0,1,1,3,0,0
B,B,271,136,9,10,False,B,6,6,259,0,0,6,1,1,0,0,3,0,4,1,0
B,A,212,106,9,10,False,,5,7,200,0,0,5,1,0,1,1,0,0,2,0,0
B,A,240,120,8,10,False,,6,2,232,1,2,8,0,2,0,0,1,1,5,0,0
B,A,254,127,9,10,True,,8,5,241,0,0,6,2,0,1,0,1,2,4,0,0
B,A,168,84,6,10,False,,8,3,157,0,0,4,0,0,1,2,0,0,3,0,0
B,A,140,70,8,10,False,B,8,3,129,0,0,6,1,0,0,1,1,0,2,1,1
A,A,147,74,10,8,False,,10,3,134,0,0,5,1,1,0,1,0,0,2,0,0
B,B,194,98,6,10,False,,8,3,182,1,2,6,0,0,0,1,0,2,4,0,0
B,A,238,119,9,10,False,,12,3,223,0,0,8,0,2,0,0,0,0,2,0,0
A,B,198,99,10,8,False,,11,1,186,0,0,4,0,0,3,0,0,1,4,0,0
B,A,186,93,7,10,False,,9,7,170,0,0,8,0,0,0,0,3,1,4,0,0
B,A,112,56,8,10,False,,8,6,98,0,0,4,1,2,0,3,0,0,5,0,0
A,B,232,116,10,8,False,B,11,3,218,0,0,4,1,1,0,0,2,0,3,1,0
A,A,193,97,10,7,False,,8,1,184,0,0,4,1,0,1,0,3,1,5,0,0
B,A,210,105,6,10,False,,8,4,198,0,0,7,0,0,1,0,0,1,2,0,0
B,A,132,66,5,10,False,,9,2,121,0,0,4,1,1,0,1,0,1,3,0,0
B,A,174,87,9,10,False,,10,5,159,0,0,4,0,1,1,1,1,1,5,0,0
B,A,192,96,9,10,False,,8,3,178,0,0,6,0,1,0,2,0,2,5,0,0
B,A,174,87,5,10,False,,9,5,160,0,0,6,0,1,1,0,0,0,2,0,0
B,B,203,102,8,10,False,B,8,5,190,0,0,6,0,0,0,0,0,1,1,1,0
A,B,242,121,10,7,False,B,7,5,230,0,0,3,0,1,1,0,1,0,3,1,0
B,A,286,143,9,10,False,,8,3,269,0,0,5,0,1,1,0,1,1,4,0,0
A,A,173,87,10,9,False,,12,4,157,0,0,3,0,0,1,0,0,0,1,0,1
B,B,143,72,9,10,False,,10,3,129,0,0,6,1,1,1,1,0,0,3,0,0
B,A,192,96,9,10,False,,14,4,174,0,0,5,1,0,0,1,1,0,2,0,0
A,A,217,109,10,6,False,,5,9,203,0,0,7,0,0,2,0,2,1,5,0,0
B,B,206,104,8,10,False,,6,3,193,0,0,3,0,0,3,1,1,1,6,0,0
B,A,192,96,6,10,False,,5,6,181,0,0,4,0,2,1,1,0,1,5,0,0
A,A,229,115,10,8,False,,9,4,216,0,0,3,0,1,1,0,0,0,2,0,0
A,A,204,103,10,7,False,,5,6,189,0,0,4,0,1,1,1,0,2,5,0,0
B,B,174,88,8,10,False,,10,0,163,0,0,7,1,0,0,1,0,3,4,0,0
A,B,182,91,10,8,False,,5,7,168,0,0,3,1,0,2,1,1,0,4,0,0
B,B,225,113,8,10,False,B,7,4,214,0,0,8,0,2,0,0,1,0,3,1,0
B,A,158,80,9,10,False,,11,1,146,0,0,6,1,0,0,2,2,1,5,0,0
A,B,208,104,10,7,False,,6,5,197,0,0,7,1,1,1,0,2,1,5,0,1
A,B,246,123,10,6,False,,7,5,233,0,0,8,1,1,0,1,2,0,4,0,0
A,A,183,92,10,8,False,,4,8,171,0,0,6,1,2,0,2,1,1,6,0,1
A,A,231,116,10,8,False,B,10,3,218,0,0,5,0,1,1,0,1,0,3,1,0
A,A,317,159,10,7,False,,5,7,305,0,0,5,1,1,1,0,0,2,4,0,0
B,A,212,106,7,10,False,,6,4,202,0,0,6,1,0,0,0,3,1,4,0,0
A,B,220,110,10,8,False,,9,3,205,0,0,4,1,1,1,2,1,0,5,0,0
B,B,233,117,6,10,False,,5,6,221,0,0,5,0,1,1,1,0,2,5,0,0
B,B,183,92,7,10,False,,5,4,174,0,0,6,0,0,1,0,3,1,5,0,1
B,B,209,105,7,10,False,,9,1,194,0,0,5,0,0,0,2,1,1,4,0,0
B,A,204,102,8,10,False,,7,5,192,0,0,4,1,2,1,0,1,2,6,0,0
B,A,206,103,8,10,True,,7,3,196,0,0,8,1,1,1,2,0,1,5,0,0
B,A,126,63,5,10,False,,7,5,114,0,0,2,0,0,1,1,2,1,5,0,0
A,B,250,125,10,9,False,,10,3,237,0,0,4,1,0,2,0,0,2,4,0,0
B,A,204,102,7,10,False,,6,5,193,0,0,5,0,1,2,1,1,0,5,0,0
A,A,172,87,10,9,False,,9,3,160,0,0,5,1,1,1,2,1,1,6,0,0
A,A,229,115,10,9,False,,7,3,219,0,0,11,0,1,1,0,2,0,4,0,0
B,A,262,131,7,10,False,,7,7,248,0,0,7,0,1,1,0,0,0,2,0,0
B,A,146,74,5,10,False,B,5,4,137,0,0,5,1,1,1,2,0,1,5,1,0
A,B,214,107,10,7,False,B,9,2,203,0,0,5,1,1,0,0,2,1,4,1,0
B,A,226,113,5,10,False,B,7,5,214,0,0,6,1,2,1,0,0,1,4,1,0
B,B,209,105,9,10,False,,9,3,195,0,0,7,1,0,0,2,1,1,4,0,0
B,A,204,102,7,10,False,,6,9,189,0,0,10,0,1,0,3,0,0,4,0,0
A,A,207,104,10,7,False,,8,5,193,1,2,5,0,0,0,1,1,1,4,0,0
A,B,246,123,10,9,False,,8,3,235,1,2,4,1,1,0,1,0,2,4,1,0
A,A,137,69,10,9,False,,9,1,126,0,0,4,3,1,0,2,1,1,5,0,0
B,B,113,57,6,10,False,,7,0,104,0,0,3,1,0,2,1,0,1,4,0,1
A,B,220,110,10,9,False,,8,4,206,0,0,4,1,1,0,1,1,0,3,0,0
B,A,172,86,9,10,False,,9,3,157,0,0,3,0,1,1,2,1,1,6,0,0
B,A,252,126,5,10,False,,7,5,240,0,0,5,0,2,1,0,1,0,4,0,0
B,B,233,117,8,10,False,,7,2,223,0,0,5,2,3,1,1,1,1,7,0,0
B,A,200,100,6,10,False,B,10,1,189,0,0,5,0,2,0,0,0,1,3,1,0
A,A,153,77,10,8,False,,8,3,141,0,0,3,2,1,1,2,0,1,5,0,0
A,A,183,92,10,6,False,A,6,2,171,0,0,7,0,2,0,1,1,2,6,1,0
B,A,146,73,5,10,False,,9,3,134,0,0,6,0,0,0,1,2,1,4,0,0
A,B,112,56,10,3,False,B,6,8,98,0,0,5,1,0,0,0,1,0,1,1,0
A,A,213,107,10,8,False,,10,2,201,0,0,7,2,1,2,0,0,1,4,0,0
B,B,181,91,8,10,False,B,11,3,167,0,0,9,2,0,1,0,2,0,3,1,0
A,B,170,86,10,8,False,B,5,8,155,0,0,7,1,0,1,2,1,1,5,1,0
B,B,213,107,7,10,False,,10,2,201,0,0,6,0,1,1,0,0,2,4,0,0
A,A,157,79,10,8,False,B,7,5,145,0,0,2,1,0,1,0,0,1,2,1,0
B,A,98,50,4,10,False,B,8,2,86,0,0,2,1,0,0,1,0,0,1,1,0
A,A,213,107,10,7,False,,6,4,203,1,2,5,1,1,0,1,2,1,6,0,0
B,A,226,113,9,10,False,,8,3,215,0,0,5,1,1,1,0,0,1,3,0,1
B,A,244,122,8,10,False,,9,4,231,0,0,8,1,1,0,0,0,2,3,0,0
B,A,150,75,5,10,False,,7,7,136,0,0,5,0,0,0,1,1,2,4,0,0
A,A,239,120,10,8,False,B,7,4,228,0,0,10,1,1,0,0,1,1,3,1,0
B,A,234,117,9,10,False,,11,2,221,0,0,5,0,1,1,0,4,0,6,0,0
B,B,185,93,6,10,False,,9,3,172,0,0,3,1,0,2,1,2,0,5,0,0
A,A,225,113,10,8,True,,10,2,213,0,0,4,1,1,0,0,1,2,4,0,0
A,A,171,86,10,9,False,,9,4,158,0,0,5,1,0,0,1,0,0,1,0,1
B,B,186,94,6,10,False,,8,4,173,0,0,5,0,0,2,1,2,0,5,0,0
B,A,148,75,8,10,False,,11,1,131,0,0,4,0,0,0,2,1,0,3,0,0
B,A,174,87,4,10,False,B,9,3,162,0,0,7,1,0,1,0,1,2,4,1,0
B,B,207,104,9,10,False,B,6,5,196,0,0,6,1,1,1,0,1,0,3,1,0
B,A,206,103,8,10,False,,10,1,195,0,0,4,1,0,1,1,1,0,3,0,0
A,B,244,122,10,8,False,,7,8,229,0,0,4,0,1,1,0,1,0,3,0,0
A,B,220,110,10,8,False,,6,3,208,0,0,8,0,1,0,1,1,2,5,0,0
B,A,216,108,5,10,False,B,4,6,206,0,0,4,0,2,0,0,1,2,5,1,0
B,B,215,108,6,10,False,,10,4,197,0,0,6,0,0,0,1,0,1,2,0,0
B,A,208,104,4,10,False,,4,9,195,0,0,5,0,0,0,1,0,2,3,0,0
B,A,204,102,6,10,False,,10,3,191,0,0,3,0,0,0,1,1,2,4,0,0
B,A,218,109,7,10,False,A,7,3,208,0,0,7,2,2,1,0,0,0,3,1,0
A,A,239,120,10,9,False,,3,7,229,0,0,4,1,1,1,1,1,1,5,0,0
A,A,101,51,10,2,False,,8,3,90,0,0,5,1,0,0,0,2,1,3,0,1
B,A,148,74,7,10,False,,12,1,135,0,0,3,0,0,2,1,0,0,3,0,0
B,A,216,108,5,10,False,,9,1,206,0,0,3,1,2,1,0,1,0,4,0,0
B,A,202,102,7,10,False,B,5,6,191,0,0,6,0,2,2,1,1,0,6,1,1
B,A,132,66,7,10,True,,9,4,119,0,0,4,1,1,1,1,0,0,3,0,0
B,B,223,112,6,10,False,,11,2,210,0,0,4,0,1,1,0,1,2,5,0,0
B,B,221,111,9,10,False,,6,8,205,0,0,7,0,0,1,1,2,0,4,0,0
B,A,190,95,9,10,True,,9,3,178,0,0,7,1,0,1,1,2,0,4,0,0
B,A,108,54,5,10,False,,8,2,98,0,0,5,0,1,1,1,2,0,5,0,0
A,A,199,100,10,9,False,,9,3,187,0,0,4,1,0,1,1,2,0,4,0,0
B,A,114,58,6,10,False,B,9,3,102,0,0,6,1,0,0,2,1,0,3,1,0
B,A,188,95,8,11,False,,5,7,176,0,0,6,1,0,3,1,0,0,4,0,0
A,B,176,88,10,5,False,,6,5,165,0,0,3,0,0,1,2,0,3,6,0,0
B,A,210,105,8,10,False,,14,3,193,0,0,7,0,1,0,0,0,1,2,0,0
B,A,144,72,5,10,False,B,9,3,132,0,0,6,1,0,0,1,0,1,2,1,0
B,B,233,117,8,10,False,,11,2,219,1,2,8,0,0,0,1,0,1,3,0,0
B,A,262,131,9,10,False,,10,2,250,0,0,3,1,1,1,0,1,0,3,0,2
B,B,159,80,5,10,False,B,9,3,145,0,0,6,0,0,0,1,1,1,3,1,0
B,B,225,113,5,10,False,,9,3,213,0,0,5,0,0,1,0,2,1,4,0,0
B,A,216,109,8,10,True,,6,5,205,0,0,6,2,1,1,2,0,1,5,0,0
B,B,215,108,8,10,False,,9,6,200,0,0,3,0,1,1,0,1,0,3,0,0
A,B,234,117,10,9,True,,7,5,222,0,0,7,1,1,1,0,0,2,4,0,0
A,A,243,122,10,6,False,,6,3,233,0,0,7,0,2,1,1,1,0,5,0,0
A,A,287,144,10,9,False,,5,5,277,0,0,6,2,2,1,0,2,1,6,0,0
B,B,167,84,8,10,False,,6,4,155,0,0,4,1,0,2,2,2,0,6,0,0
A,A,143,72,10,4,False,,9,5,129,0,0,3,2,1,0,0,0,1,2,0,0
A,A,163,82,10,9,False,,8,8,144,0,0,6,2,0,0,2,1,0,3,0,0
A,A,205,103,10,9,False,,7,4,192,0,0,5,0,1,1,1,2,0,5,0,0
B,B,192,97,8,10,False,,7,5,178,0,0,6,0,0,0,2,0,1,3,0,0
A,A,207,104,10,6,False,,5,5,197,0,0,4,1,3,0,0,1,1,5,0,1
B,B,201,101,9,10,False,B,7,3,191,0,0,9,1,1,3,1,0,0,5,1,0
B,A,236,118,9,10,False,,6,6,224,1,2,6,1,1,2,0,0,1,5,0,0
B,B,179,90,6,10,False,,5,7,164,0,0,3,0,1,1,2,0,0,4,0,1
B,B,208,105,8,10,False,,9,4,192,0,0,8,0,1,0,2,0,1,4,0,0
B,B,213,107,9,10,False,,10,6,193,0,0,6,0,1,0,1,0,2,4,0,0
B,A,204,103,7,10,False,,8,5,191,0,0,7,0,0,1,1,0,2,4,0,0
A,A,105,53,10,3,False,,6,4,95,0,0,5,1,0,2,1,1,0,4,0,0
B,A,236,118,8,10,False,,7,3,224,0,0,2,2,0,1,1,1,1,4,0,0
B,B,190,96,7,10,False,,9,2,176,0,0,4,0,0,1,2,1,0,4,0,0
B,B,183,92,8,10,False,B,7,0,176,0,0,5,1,0,2,0,1,1,4,1,0
B,B,198,100,7,10,False,,6,7,184,0,0,6,0,0,1,1,3,0,5,0,0
B,A,186,94,6,10,False,,4,6,176,1,2,4,0,1,0,1,1,0,4,0,0
B,A,240,120,9,10,False,,9,4,227,0,0,3,1,0,0,0,2,1,3,0,0
B,B,159,80,9,10,False,,11,3,145,0,0,4,2,1,0,1,1,0,3,0,0
B,A,158,80,6,10,False,A,5,4,149,1,2,6,0,0,1,2,1,0,5,1,0
B,A,194,98,8,10,False,A,6,6,182,0,0,8,0,1,1,1,0,1,4,1,0
A,B,192,96,10,9,False,,5,7,178,0,0,6,1,0,0,2,1,2,5,0,0
B,A,188,94,7,10,False,,8,6,174,0,0,4,0,2,0,1,1,0,4,0,0
B,B,149,75,5,10,False,B,7,4,133,0,0,5,0,1,1,2,1,1,6,1,1
B,A,206,103,8,10,False,,8,4,194,0,0,6,1,2,0,0,0,0,2,0,0
A,B,240,120,10,8,False,,10,3,227,0,0,6,0,2,1,0,1,0,4,0,0
B,A,162,82,9,10,False,,10,1,148,0,0,7,0,0,0,2,1,1,4,0,0
A,B,204,102,10,9,False,,9,3,192,0,0,7,1,3,0,0,1,2,6,0,0
A,B,186,93,10,7,False,,13,1,172,0,0,4,1,1,1,0,0,1,3,0,0
B,A,178,89,7,10,False,,13,1,164,0,0,8,0,1,1,1,0,0,3,0,0
A,A,247,124,10,9,False,B,9,1,237,0,0,5,0,3,0,0,1,0,4,1,0
B,A,284,142,9,10,False,,8,6,270,0,0,8,1,2,2,0,0,0,4,0,0
B,A,164,83,6,10,False,,5,6,153,0,0,5,0,0,0,1,0,3,4,0,0
B,B,114,58,6,10,False,B,6,6,100,0,0,6,2,1,1,1,1,0,4,1,0
B,A,154,77,8,10,False,,5,5,144,0,0,3,1,2,1,2,1,0,6,0,0
B,A,176,88,8,10,False,,11,4,161,0,0,9,0,1,0,0,1,0,2,0,0
A,B,230,115,10,7,False,,9,6,215,0,0,3,0,0,1,0,1,1,3,0,0
B,B,245,123,8,10,False,B,6,6,233,0,0,8,0,0,0,0,2,1,3,1,0
B,A,134,67,9,11,False,,8,8,118,0,0,5,1,0,0,1,1,0,2,0,0
B,B,175,88,4,10,False,,8,3,160,0,0,6,0,1,1,2,2,0,6,0,0
B,B,233,117,7,10,False,,10,3,220,0,0,7,1,1,2,0,0,1,4,0,0
A,A,239,120,10,7,False,B,9,4,226,0,0,5,0,0,0,0,1,1,2,1,0
B,B,172,87,8,10,False,,9,5,156,0,0,7,0,2,0,1,1,0,4,0,0
A,A,169,85,10,7,False,,11,2,156,0,0,7,1,1,0,0,1,1,3,0,0
A,B,110,55,10,5,False,,9,4,96,0,0,5,1,1,1,1,1,1,5,0,0
A,B,106,53,10,5,False,,10,3,87,0,0,2,1,1,2,0,0,0,3,0,0
A,B,238,119,10,8,False,,7,6,225,0,0,4,2,0,0,0,1,1,2,0,0
A,A,183,92,10,6,False,,8,4,171,0,0,4,2,1,2,0,0,1,4,0,0
A,A,219,110,10,9,False,B,5,5,209,0,0,9,1,0,1,0,2,1,4,1,0
B,B,261,131,8,10,False,,8,6,247,0,0,8,0,1,1,0,0,0,2,0,0
B,A,308,154,9,10,False,,5,2,301,0,0,5,0,1,2,0,1,3,7,0,0
A,B,174,87,10,7,False,,6,3,165,0,0,3,0,2,2,1,1,0,6,0,0
A,A,219,110,10,8,False,,10,2,207,0,0,7,1,1,2,0,0,1,4,0,0
B,A,174,87,5,10,False,B,9,4,161,0,0,7,0,0,0,1,0,1,2,1,0
A,B,208,104,10,9,False,,12,3,193,0,0,5,0,2,1,0,0,0,3,0,0
B,B,202,102,7,10,False,,9,4,187,0,0,5,0,1,0,1,2,1,5,0,0
A,B,236,118,10,8,False,A,11,1,222,0,0,7,0,1,1,0,0,0,2,1,0
B,A,228,115,5,10,False,,10,4,214,0,0,5,0,0,0,1,1,0,2,0,0
B,B,207,104,7,10,False,,11,5,191,0,0,8,0,0,0,0,0,2,2,0,0
B,B,191,96,9,10,False,,9,3,175,0,0,9,1,0,2,1,1,0,4,0,0
A,B,132,66,10,4,False,,5,6,121,0,0,4,3,0,1,0,1,1,3,0,0
A,B,204,102,10,8,False,,7,6,191,0,0,5,0,1,0,0,2,0,3,0,0
B,A,98,50,8,11,True,B,8,3,87,0,0,3,2,0,0,2,1,1,4,1,0
B,B,181,91,7,10,False,,9,5,164,0,0,8,0,0,0,1,0,0,1,0,0
B,A,176,88,7,10,False,,15,1,160,0,0,7,0,1,1,1,0,0,3,0,0
B,B,145,73,9,10,False,,9,4,132,0,0,3,1,0,0,1,1,1,3,0,0
B,A,290,145,7,10,False,,7,7,276,0,0,9,0,0,1,0,1,1,3,0,0
B,B,289,145,7,10,False,B,5,9,275,0,0,4,0,2,0,0,0,1,3,1,0
A,B,246,124,10,7,False,,6,6,234,0,0,10,0,1,0,1,2,2,6,0,0
A,A,169,85,10,6,False,,10,4,155,0,0,6,2,0,0,0,0,2,2,0,0
B,B,189,95,9,10,False,,8,6,171,0,0,6,1,0,1,1,0,1,3,0,0
B,A,186,93,6,10,False,,10,1,175,0,0,6,2,1,1,0,1,0,3,0,0
B,A,168,85,5,10,False,,10,2,156,0,0,3,1,1,0,1,1,1,4,0,0
B,A,222,111,8,10,False,,10,5,207,0,0,8,0,1,0,0,0,2,3,0,0
B,B,211,106,7,10,False,,8,1,202,0,0,4,0,0,1,0,1,4,6,0,0
B,A,152,76,5,10,False,,8,4,140,0,0,4,1,1,1,2,1,0,5,0,0
B,B,119,60,5,10,False,B,7,4,108,0,0,4,1,0,0,2,1,0,3,1,0
B,A,214,107,6,10,False,,9,5,200,0,0,7,0,1,1,0,1,2,5,0,0
B,A,260,130,9,10,False,B,6,7,247,0,0,8,1,1,2,0,0,0,3,1,0
B,B,207,104,7,10,False,,12,3,191,0,0,7,0,0,0,1,1,0,2,0,0
A,A,267,134,10,9,False,,5,5,254,0,0,7,2,1,1,1,0,1,4,0,0
B,B,242,122,7,10,False,,5,7,229,0,0,5,0,0,1,1,2,1,5,0,0
A,A,209,105,10,7,False,,7,1,201,0,0,9,1,3,1,0,2,1,7,0,0
A,B,174,87,10,6,False,,5,6,163,0,0,7,2,1,1,0,0,1,3,0,0
B,A,172,86,7,10,False,,5,7,160,0,0,6,1,0,1,2,0,0,3,0,0
A,A,123,62,10,4,False,,6,4,113,0,0,6,1,0,4,0,1,1,6,0,0
B,A,206,103,7,10,False,,9,5,192,0,0,5,0,1,2,0,1,0,4,0,0
A,A,185,93,10,8,False,,10,2,171,0,0,9,0,0,1,2,0,2,5,0,0
B,B,144,73,9,10,False,,5,2,135,0,0,9,1,2,0,3,2,1,8,0,0
A,B,232,116,10,8,False,,6,6,220,0,0,7,2,1,1,0,0,1,3,0,0
B,B,221,111,7,10,False,,9,6,206,0,0,6,0,2,0,0,1,1,4,0,0
B,A,192,96,5,10,False,,9,1,182,0,0,3,2,2,0,2,1,0,5,0,0
B,B,165,83,6,10,False,,8,5,150,0,0,9,0,1,0,1,2,0,4,0,1
B,A,172,87,5,10,False,,8,7,157,0,0,5,0,1,0,1,1,1,4,0,0
A,B,214,108,10,7,False,,8,3,201,1,2,6,0,0,0,2,1,0,4,0,0
B,A,182,92,7,10,False,,8,3,171,1,2,8,1,0,1,1,0,1,4,0,0
B,A,188,95,8,10,False,,6,7,175,0,0,6,1,2,1,1,0,0,4,0,0
B,A,218,109,9,10,False,,9,4,205,0,0,6,1,1,1,0,0,0,2,0,0
A,B,258,129,10,7,False,,6,7,245,0,0,7,0,1,1,0,1,2,5,0,0
A,A,223,112,10,6,False,,9,5,205,0,0,4,0,1,0,0,0,1,2,0,1
B,B,207,104,8,10,False,,10,4,193,0,0,4,0,0,1,0,1,0,2,0,0
B,B,119,60,6,10,False,B,8,3,105,0,0,6,1,1,0,1,2,1,5,1,0
B,A,186,93,8,10,False,,5,6,171,0,0,7,1,0,1,2,1,1,5,0,0
A,A,171,86,10,5,False,,10,3,156,0,0,3,0,0,0,1,0,2,3,0,0
B,B,173,87,7,10,False,,8,3,159,0,0,5,0,1,2,2,0,0,5,0,0
B,A,172,86,7,10,False,,5,6,161,0,0,6,1,0,0,2,2,0,4,0,0
A,B,144,72,10,4,False,,10,2,132,0,0,4,1,1,2,0,1,1,5,0,0
B,A,142,71,5,10,False,,6,4,132,0,0,8,0,2,2,1,0,0,5,0,0
A,B,216,108,10,8,False,,10,1,205,0,0,6,0,3,0,0,0,0,3,0,0
B,A,150,75,4,10,False,,11,6,133,0,0,7,0,0,0,0,1,0,1,0,0
A,B,180,90,10,9,False,,6,3,168,1,2,7,1,1,0,3,0,1,6,0,0
B,A,248,124,8,10,False,,6,7,235,0,0,7,0,1,1,0,0,1,3,0,0
A,A,161,81,10,5,False,,6,4,151,0,0,8,2,2,1,0,1,1,5,0,0
B,A,192,97,6,10,False,,12,3,177,0,0,3,0,0,0,1,1,1,3,0,0
B,B,161,81,6,10,False,B,6,4,150,0,0,7,1,1,0,1,0,2,4,1,0
B,B,171,86,5,10,False,B,5,7,157,0,0,6,1,3,0,1,1,1,6,1,0
B,B,164,83,6,10,False,B,6,1,156,0,0,5,1,0,1,3,3,1,8,1,0
A,A,203,102,10,8,False,,10,1,192,0,0,8,0,2,0,0,2,1,5,0,0
B,A,196,99,9,10,False,,10,4,182,0,0,7,1,0,1,1,1,1,4,0,0
A,A,189,95,10,9,False,,2,7,180,0,0,7,1,2,1,1,1,1,6,0,0
A,B,140,70,10,8,True,,12,3,125,0,0,7,2,0,0,2,0,0,2,0,0
A,A,173,87,10,8,False,,7,5,161,0,0,3,1,0,0,2,1,2,5,0,0
B,B,185,93,8,10,False,,8,2,174,0,0,6,0,1,1,2,1,1,6,0,0
A,B,278,139,10,8,False,,5,11,262,0,0,8,0,0,1,0,0,2,3,0,0
B,A,196,98,5,10,False,,8,6,182,0,0,8,1,0,0,1,1,0,2,0,0
A,B,238,119,10,8,False,,10,3,225,0,0,5,0,1,1,0,2,0,4,0,0
B,A,168,84,6,10,False,,6,7,155,0,0,5,0,0,0,1,1,1,3,0,0
A,A,237,119,10,9,False,,8,3,226,1,2,7,0,0,1,0,0,0,2,0,0
B,A,144,72,6,10,False,,10,7,127,0,0,3,0,0,0,1,0,0,1,0,0
A,B,246,123,10,9,False,,11,3,232,0,0,4,0,2,0,0,0,0,2,0,0
A,A,137,69,10,6,False,B,6,2,129,0,0,4,2,2,1,0,0,0,3,1,0
B,B,279,140,8,10,False,B,4,6,269,0,0,7,1,0,1,0,1,1,3,1,0
A,B,122,61,10,4,False,,10,4,108,0,0,5,1,0,1,0,2,0,3,0,0
B,A,136,68,4,10,False,,10,2,124,0,0,5,0,1,1,1,1,0,4,0,0
A,A,207,104,10,8,False,,11,2,194,0,0,7,0,0,2,0,0,0,2,0,0
B,B,191,96,9,10,False,,9,1,178,1,2,6,0,0,0,3,1,1,6,0,0
B,B,247,124,8,10,False,,10,3,234,0,0,3,0,1,2,1,1,0,5,0,0
A,A,119,60,10,9,False,,6,5,108,0,0,5,1,0,0,2,2,0,4,0,0
B,A,108,55,5,10,False,B,7,3,98,0,0,4,1,2,0,2,1,0,5,1,1
A,B,132,66,10,8,False,,9,4,117,0,0,2,0,0,1,2,0,0,3,0,0
A,B,158,80,10,8,False,,6,5,147,0,0,5,0,1,1,2,1,0,5,0,0
A,B,240,120,10,5,False,,5,8,227,0,0,4,0,1,0,0,2,0,3,0,0
A,A,223,112,10,9,False,,6,6,209,0,0,7,0,1,0,1,1,2,5,0,0
B,B,166,84,7,10,False,,7,6,151,0,0,3,1,1,0,1,2,0,4,0,0
A,B,188,94,10,9,False,B,8,5,174,0,0,8,1,1,0,1,0,1,3,1,0
B,B,225,113,8,10,False,B,8,6,211,0,0,6,1,1,0,0,0,0,1,1,0
A,B,162,81,10,6,False,,5,5,152,0,0,2,2,1,1,2,1,0,5,0,0
B,B,149,75,7,10,False,,7,4,136,0,0,4,0,1,0,2,0,2,5,0,0
B,B,180,91,7,10,False,,9,2,167,0,0,6,0,0,0,3,0,2,5,0,0
A,A,309,155,10,8,False,,8,5,296,0,0,7,1,1,2,0,0,1,4,0,0
B,A,182,91,8,10,False,B,9,3,170,0,0,5,1,0,0,1,1,0,2,1,0
A,A,95,48,10,2,False,,7,5,83,0,0,4,1,0,0,0,0,1,1,0,0
B,B,171,86,6,10,False,B,6,5,159,0,0,2,1,0,1,1,1,0,3,1,0
B,B,249,125,7,10,False,A,7,8,234,0,0,7,1,0,1,0,1,2,4,1,0
A,B,226,113,10,6,False,,8,5,213,0,0,8,0,0,0,1,1,1,3,0,0
A,B,222,111,10,9,False,,7,6,206,0,0,7,1,0,0,1,2,0,3,0,0
B,B,184,93,7,10,False,B,9,3,170,0,0,3,1,1,0,1,1,0,3,1,0
A,A,145,73,10,9,False,,8,4,133,0,0,4,1,1,2,1,0,0,4,0,0
B,A,198,99,7,10,False,,8,2,188,0,0,7,0,0,0,2,2,1,5,0,0
B,A,194,97,8,10,False,B,7,6,181,1,2,5,1,0,0,0,1,0,2,1,0
B,A,162,81,5,10,False,,9,6,147,0,0,4,0,1,2,1,0,0,4,0,0
B,B,169,85,6,10,False,,6,5,158,1,2,4,1,1,2,0,0,1,4,1,0
A,B,248,124,10,8,False,,10,5,233,0,0,7,0,1,2,0,0,1,4,0,0
B,B,215,108,7,10,False,,7,4,203,0,0,5,1,1,2,1,2,1,7,0,0
A,B,178,89,10,6,False,,7,4,167,0,0,2,1,2,1,0,0,0,3,0,0
B,B,174,88,6,10,False,B,8,4,159,0,0,4,1,0,0,1,1,1,3,1,0
A,B,270,135,10,7,False,B,5,7,258,0,0,6,1,1,0,0,3,2,6,1,0
B,B,169,85,5,10,False,,7,8,152,0,0,5,0,0,0,1,0,2,3,0,0
B,A,212,106,5,10,False,,7,4,201,0,0,6,0,0,1,1,1,2,5,0,0
A,B,216,108,10,9,False,,8,3,201,0,0,7,1,0,2,1,0,1,4,0,0
A,B,188,94,10,8,False,,5,8,175,0,0,6,1,0,2,2,0,0,4,0,0
A,B,214,107,10,9,False,,10,4,200,0,0,6,0,0,1,1,0,2,4,0,0
B,B,187,94,8,10,False,,8,8,167,0,0,7,0,0,0,1,1,0,2,0,0
A,A,211,106,10,8,False,,3,12,195,0,0,6,1,1,1,1,0,1,4,0,0
A,B,220,110,10,6,False,,9,5,206,0,0,6,0,0,3,0,0,1,4,0,0
B,A,184,93,8,10,True,,11,2,171,0,0,8,1,0,0,1,1,1,3,0,0
A,A,169,85,10,8,False,,10,2,157,0,0,7,1,0,0,0,0,1,1,0,1
B,B,167,84,6,10,False,,4,6,154,0,0,5,1,0,0,2,1,1,4,0,0
A,B,112,56,10,3,False,,9,2,101,0,0,3,1,1,1,0,0,1,3,0,0
B,B,157,79,9,10,False,,9,3,142,0,0,6,2,0,0,2,0,1,3,0,0
A,B,162,82,10,7,False,,7,5,148,0,0,5,0,2,1,2,0,0,5,0,0
A,B,274,137,10,9,False,,6,6,262,0,0,7,0,1,1,0,2,2,6,0,0
A,A,151,76,10,6,False,,7,4,139,0,0,8,0,0,1,2,2,1,6,0,0
A,A,217,109,10,6,False,,11,5,199,1,2,5,1,0,0,0,0,1,2,0,0
A,B,230,115,10,8,False,,8,7,215,0,0,9,0,1,0,0,2,1,4,0,0
B,B,231,116,7,10,False,,9,2,220,0,0,5,0,0,0,0,0,3,3,0,1
A,B,220,110,10,8,False,,6,3,211,0,0,1,2,2,0,0,1,2,5,0,0
B,A,152,76,7,12,False,,9,6,137,0,0,6,2,0,0,1,2,0,3,0,0
B,B,181,91,8,10,False,,6,6,165,0,0,3,0,1,1,3,2,0,7,0,0
B,B,233,117,9,10,False,,7,4,220,0,0,4,0,2,1,1,0,1,5,0,2
B,B,167,84,9,10,False,B,8,1,157,0,0,8,2,1,0,2,0,2,5,1,0
B,B,180,91,6,10,False,,7,4,168,0,0,4,0,1,1,1,0,2,5,0,0
A,A,231,116,10,8,False,,9,2,220,1,2,6,2,1,1,0,1,0,3,1,0
B,A,202,101,8,10,False,B,9,2,191,0,0,8,0,0,1,0,1,1,3,1,0
B,A,220,110,6,10,False,,6,9,205,0,0,5,1,0,1,2,0,1,4,0,0
B,B,183,92,9,10,False,,9,1,171,0,0,7,1,2,1,2,0,0,5,0,0
B,B,235,118,7,10,False,,10,4,221,0,0,5,1,1,0,0,0,0,1,0,0
B,B,229,115,9,10,False,B,7,6,216,0,0,7,1,0,0,0,0,0,0,1,0
B,B,152,77,8,10,False,B,4,5,141,0,0,6,1,0,1,2,0,2,5,1,0
B,B,202,102,8,10,False,,5,8,184,0,0,5,1,1,0,2,0,0,3,0,0
A,B,222,111,10,8,False,,8,3,211,0,0,10,1,1,1,1,1,1,5,0,0
B,A,240,120,8,10,False,,12,5,223,0,0,8,1,1,1,0,1,1,4,0,0
A,B,204,102,10,5,False,,3,8,193,0,0,5,1,1,2,0,1,1,5,0,0
B,A,230,115,9,10,False,,8,1,221,0,0,5,1,1,2,0,1,0,4,0,0
B,A,222,111,8,10,False,B,6,4,212,0,0,6,0,0,1,0,0,1,2,1,0
B,A,212,106,7,10,False,,6,7,199,0,0,5,0,2,0,1,0,1,4,0,0
A,A,123,62,10,8,False,,6,2,110,1,2,3,2,0,0,2,1,0,3,1,0
A,B,190,95,10,7,False,,7,6,177,0,0,3,1,0,0,0,1,2,3,0,0
A,B,138,69,10,2,False,,7,4,127,0,0,3,1,1,1,1,1,0,4,0,0
B,B,196,99,6,10,False,,5,3,186,0,0,7,0,0,1,1,1,2,5,0,0
A,A,245,123,10,8,False,,9,4,232,0,0,8,0,0,0,0,1,1,2,0,0
B,A,168,84,7,10,False,,9,5,154,0,0,5,1,1,0,1,2,0,4,0,0
B,B,223,112,8,10,False,B,7,6,210,0,0,12,0,0,2,0,0,1,3,1,0
B,A,224,113,7,10,False,,11,3,210,0,0,7,0,0,0,1,1,1,3,0,0
B,B,259,130,9,10,False,,9,5,245,0,0,6,1,0,1,0,0,1,2,0,0
B,A,200,100,7,10,False,A,6,6,188,0,0,5,0,1,0,2,1,0,4,1,0
B,A,228,114,8,10,False,,8,4,216,0,0,5,0,0,1,1,1,1,4,0,0
B,A,110,56,7,10,False,,7,6,91,0,0,3,0,1,1,2,0,1,5,0,0
B,A,126,64,6,10,False,,8,2,112,0,0,4,2,1,1,2,0,1,5,0,0
A,B,188,94,10,8,False,,6,5,172,0,0,7,0,1,0,2,3,1,7,0,0
B,A,158,79,7,10,False,B,7,2,149,0,0,3,1,0,1,2,1,1,5,1,0
A,A,183,92,11,5,False,B,6,4,173,0,0,5,2,1,1,0,2,1,5,1,0
B,B,231,116,8,10,False,,6,6,217,0,0,7,3,0,1,1,1,1,4,0,0
B,B,273,137,6,10,False,,6,11,256,0,0,8,1,0,0,0,0,2,2,0,0
A,A,257,129,10,7,False,,7,7,243,0,0,7,0,0,0,0,1,2,3,0,0
A,B,174,87,10,9,False,B,6,4,161,0,0,5,1,2,1,1,0,1,5,1,0
B,A,138,70,6,10,False,B,5,5,128,0,0,3,1,0,1,3,1,1,6,1,0
A,B,124,62,10,7,False,,6,2,113,0,0,6,0,2,0,3,0,1,6,0,0
A,B,200,100,10,6,False,,8,4,188,0,0,4,1,1,1,0,0,0,2,0,0
A,A,215,108,10,8,False,,5,4,206,0,0,4,0,3,1,1,1,1,7,0,0
B,A,188,94,6,10,False,B,10,4,174,0,0,8,0,0,0,0,1,0,1,1,0
A,B,158,79,10,8,False,,8,1,149,0,0,3,2,1,1,1,1,0,4,0,0
B,A,218,109,7,10,False,B,10,5,203,0,0,10,2,1,1,0,0,0,2,1,0
A,B,106,53,10,3,False,,7,3,96,0,0,5,3,2,0,0,0,2,4,0,0
A,A,289,145,10,7,False,,4,6,279,1,2,8,0,1,1,0,1,0,4,0,0
A,B,244,122,10,7,False,,9,5,230,0,0,4,1,1,0,0,0,3,4,0,0
B,A,140,71,8,10,False,B,7,2,131,0,0,6,2,0,1,1,1,2,5,1,0
A,B,224,112,10,8,False,B,12,1,211,0,0,5,1,1,1,0,1,0,3,1,0
B,A,220,110,8,10,False,B,11,2,207,0,0,4,1,2,0,0,0,0,2,1,0
A,A,213,107,10,5,False,,5,5,203,1,2,5,1,2,0,0,1,2,5,1,0
B,B,141,71,6,10,False,B,9,3,126,0,0,5,1,3,1,2,0,0,6,1,0
B,A,198,99,8,10,False,,8,3,187,0,0,6,0,0,1,1,2,0,4,0,0
B,A,176,88,7,10,False,,9,2,165,0,0,3,2,0,0,1,0,0,1,0,0
A,B,166,83,10,7,False,B,10,5,151,0,0,5,1,0,0,0,2,0,2,1,0
B,B,195,98,5,10,False,B,6,7,182,0,0,8,0,0,1,0,1,0,2,1,0
B,B,245,123,8,10,False,,4,11,230,0,0,7,1,0,0,0,0,0,0,0,1
B,B,181,91,9,11,False,,6,5,167,0,0,6,1,0,0,2,1,2,5,0,0
A,B,186,93,10,5,False,A|B,6,6,174,0,0,4,2,1,2,0,0,0,3,2,0
A,A,229,115,10,8,False,,8,4,217,0,0,8,0,1,2,0,0,1,4,0,0
B,B,211,106,9,10,True,B,6,4,200,0,0,8,1,0,2,1,1,0,4,1,0
B,A,262,131,9,10,False,,13,0,249,0,0,7,0,0,2,0,1,1,4,0,1
B,A,170,85,6,10,False,,8,3,159,0,0,4,0,2,1,0,1,0,4,0,2
A,A,151,76,10,4,False,,9,3,139,0,0,6,1,1,1,1,1,1,5,0,0
B,A,102,51,5,10,False,,8,5,87,0,0,4,1,0,1,1,1,0,3,0,0
B,A,202,101,9,10,True,,11,2,189,0,0,4,1,0,1,1,0,1,3,0,0
B,B,235,118,9,10,False,B,8,3,224,0,0,6,1,0,1,0,0,2,3,1,0
B,B,243,122,6,10,False,B,7,3,233,0,0,6,0,1,2,0,1,1,5,1,0
B,A,190,95,7,10,False,B,7,7,176,0,0,5,1,1,1,1,1,0,4,1,0
B,B,187,94,8,10,False,,7,3,175,0,0,2,0,0,4,1,0,1,6,0,0
B,A,256,128,9,10,False,,8,6,242,0,0,4,0,0,2,0,0,0,2,0,0
A,B,80,40,10,2,False,,6,4,70,0,0,1,1,1,1,0,0,0,2,0,0
A,B,142,71,10,9,False,,5,2,133,0,0,5,1,1,1,2,2,1,7,0,0
B,A,196,98,7,10,False,,6,6,184,0,0,8,0,1,3,1,0,0,5,0,0
B,B,199,100,6,10,False,,6,6,185,0,0,8,0,0,0,1,3,0,4,0,0
B,B,205,103,7,10,False,,10,3,188,0,0,5,0,2,0,1,0,0,3,0,0
B,B,275,138,8,10,False,B,8,6,261,0,0,7,0,1,1,0,0,1,3,1,0
B,A,190,95,5,10,False,,8,7,175,0,0,3,0,0,0,0,1,0,1,0,0
B,A,158,79,7,10,False,B,5,7,145,0,0,5,0,0,0,2,3,0,5,1,0
B,B,161,81,6,10,False,,10,3,146,0,0,6,0,1,1,1,0,0,3,0,0
B,B,157,79,9,10,False,,8,6,142,0,0,3,1,0,1,1,1,0,3,0,0
A,B,296,148,10,9,False,,7,6,283,0,0,8,0,2,0,0,1,0,3,0,0
A,B,246,123,10,9,False,B,8,5,233,0,0,8,0,1,2,0,0,0,3,1,0
B,B,179,90,6,10,False,,7,3,167,0,0,5,0,1,1,1,2,1,6,0,0
B,B,255,128,5,10,False,B,4,8,243,0,0,10,2,0,0,1,1,2,4,1,0
B,B,93,47,4,10,False,,10,0,82,0,0,3,0,0,0,3,0,0,3,0,0
B,A,196,98,8,10,False,,9,4,183,0,0,4,2,2,0,0,0,1,3,0,0
B,A,248,124,9,10,False,,10,3,235,0,0,6,0,0,1,0,1,1,3,0,0
A,A,309,155,10,9,False,,12,2,295,0,0,9,0,1,1,0,1,1,4,0,0
A,B,178,89,10,7,False,,8,4,166,0,0,10,2,0,1,1,1,2,5,0,0
A,B,252,126,10,9,False,,8,1,243,1,2,7,0,2,1,0,0,1,4,1,2
A,A,145,73,10,4,False,,5,6,134,0,0,5,1,3,0,0,0,1,4,0,0
A,A,241,121,10,8,False,,10,2,228,0,0,6,0,2,2,1,0,0,5,0,0
B,A,318,159,9,10,False,A,3,8,307,0,0,5,0,2,1,0,0,1,4,1,0
B,B,246,124,8,10,False,,3,8,234,0,0,5,1,1,2,2,0,1,6,0,0
B,B,253,127,9,10,False,,6,6,241,0,0,7,2,2,0,1,1,1,5,0,0
B,B,133,67,6,10,False,,11,3,118,0,0,5,0,0,1,2,0,1,4,0,0
B,B,179,90,6,10,False,,6,5,166,0,0,7,0,0,0,1,0,3,4,0,0
B,A,252,126,9,10,False,B,8,4,240,0,0,6,0,1,1,0,0,1,3,1,0
B,A,292,146,8,10,False,,6,4,282,0,0,7,0,2,2,0,2,1,7,0,0
B,A,202,101,9,10,False,,6,4,192,0,0,6,1,0,1,2,1,1,5,0,0
B,A,220,110,5,10,False,,5,8,207,0,0,7,0,2,1,2,0,0,5,0,0
B,A,250,125,9,10,False,,9,5,236,0,0,6,1,2,0,1,0,0,3,0,0
B,B,251,126,9,10,False,,9,5,237,0,0,6,1,1,3,0,0,0,4,0,0
B,A,174,87,6,10,False,B,8,4,162,0,0,3,0,1,0,1,0,1,3,1,0
B,A,168,85,7,10,False,,10,3,155,0,0,5,0,1,0,2,1,1,5,0,0
B,A,198,99,9,10,False,,11,2,182,0,0,4,0,1,0,1,2,1,5,0,0
B,A,146,73,5,10,False,,11,2,133,0,0,3,0,0,1,0,1,2,4,0,0
A,B,280,140,10,8,False,,6,4,270,0,0,5,0,1,3,0,0,2,6,0,0
A,B,134,68,10,5,False,,9,3,122,1,2,2,1,1,1,1,2,0,6,0,0
B,B,221,111,6,10,False,,10,3,206,0,0,3,1,0,2,3,0,0,5,0,0
B,B,107,54,5,10,False,B,9,2,92,0,0,2,0,1,1,1,0,0,3,1,0
A,A,254,128,10,8,False,,5,4,243,0,0,5,1,2,0,2,0,2,6,0,0
A,B,164,83,10,7,False,,7,7,148,0,0,6,0,0,1,2,0,1,4,0,0
B,A,172,86,9,10,False,,9,4,159,0,0,7,0,1,0,1,1,0,3,0,0
B,B,170,86,7,10,False,,5,7,156,0,0,4,1,1,1,1,1,1,5,0,0
