vencedor_papel,primeiro_papel,turnos,rodadas,pontos_a,pontos_b,teve_comeback,juiz_papeis,atacar_principal,atacar_secundario,atacar_terciario,barragem_cadeia,barragem_profundidade_soma,colocar_local,evoluir,guardiao_Descanso,guardiao_Escudos,guardiao_Oprimidos,guardiao_Portais,guardiao_Restauracao,invocar_guardiao,invocar_juiz,invocar_mestre
B,A,178,89,8,10,False,,9,3,166,0,0,3,1,3,1,0,0,1,5,0,0
B,A,288,144,8,10,False,,8,5,275,0,0,8,0,1,0,0,1,2,4,0,0
A,B,170,85,10,9,False,,7,6,155,0,0,10,1,1,1,2,0,0,4,0,0
B,B,229,115,7,10,False,,7,5,217,0,0,5,1,0,1,0,1,2,4,0,0
B,A,230,115,8,10,True,B,12,2,216,0,0,7,1,1,2,0,0,0,3,1,0
A,B,144,72,10,3,False,,7,1,136,0,0,4,1,1,2,0,3,0,6,0,0
B,B,267,134,6,10,False,B,9,2,256,0,0,7,0,0,1,0,1,2,4,1,0
B,A,160,80,7,10,False,B,5,5,150,0,0,6,1,0,2,2,1,0,5,1,0
B,B,183,92,5,10,False,B,3,3,176,0,0,2,2,0,0,2,3,1,6,1,0
A,B,218,109,10,9,False,,5,6,207,1,2,5,0,2,1,0,1,0,5,0,0
B,B,207,104,5,10,False,,7,4,196,0,0,5,0,0,4,0,0,0,4,0,0
A,A,271,136,10,9,False,B,9,2,258,0,0,7,1,0,2,0,0,2,4,1,0
B,A,200,100,6,10,False,B,6,4,190,0,0,4,1,2,0,0,1,1,4,1,0
B,A,158,79,4,10,False,,6,4,148,0,0,7,2,1,0,0,1,3,5,0,0
A,B,208,104,10,9,False,,7,5,193,0,0,9,0,1,0,3,0,2,6,0,0
A,A,175,88,10,7,False,,6,8,161,0,0,4,3,0,0,0,1,2,3,0,0
B,B,199,100,6,10,False,,7,5,186,0,0,3,1,1,1,1,0,3,6,0,0
B,B,153,77,7,10,False,,9,4,138,0,0,2,0,0,1,1,0,1,3,0,1
A,B,242,121,10,8,False,,7,5,230,0,0,6,0,1,0,1,1,0,3,0,0
B,B,157,79,6,10,False,B,5,6,144,0,0,9,1,1,1,1,1,1,5,1,0
A,B,174,87,10,7,False,A,6,5,163,0,0,7,3,1,1,1,1,0,4,1,0
B,B,154,78,6,10,False,,12,2,137,1,2,6,1,0,0,1,0,0,2,0,0
A,A,111,56,10,3,False,,8,4,99,0,0,1,1,1,0,1,1,0,3,0,0
B,B,247,124,9,10,False,,7,5,235,0,0,7,1,0,0,0,0,2,2,0,0
A,B,198,100,10,9,False,,13,3,182,0,0,5,0,0,1,1,0,0,2,0,0
A,B,168,84,10,7,False,,13,4,151,0,0,3,0,1,0,0,0,0,1,0,0
B,A,194,97,6,10,False,B,5,6,183,0,0,6,0,0,1,1,1,2,5,1,0
B,A,194,98,9,12,False,,7,5,180,0,0,6,2,1,0,2,0,0,3,0,0
B,B,130,66,9,10,False,,10,2,116,0,0,3,0,1,0,2,1,1,5,0,0
B,B,136,69,7,10,False,B,5,7,120,0,0,7,1,1,0,3,0,1,5,1,0
A,B,224,113,10,5,False,,5,6,213,0,0,7,0,1,0,1,2,2,6,0,0
B,A,138,69,6,10,False,,8,4,126,0,0,5,0,2,0,1,1,0,4,0,0
A,B,152,76,10,9,False,,6,3,136,0,0,7,1,2,0,1,2,2,7,0,0
A,A,215,108,10,9,False,,12,1,202,0,0,7,0,2,1,0,0,0,3,0,0
B,B,209,105,9,10,False,,7,6,192,0,0,4,0,1,1,1,0,0,3,0,0
B,B,217,109,8,10,False,,7,4,205,0,0,6,1,1,0,1,4,0,6,0,0
B,B,162,82,9,10,False,,5,2,152,0,0,6,1,1,1,2,1,1,6,0,0
B,B,202,102,8,10,False,,11,1,189,0,0,5,1,1,1,1,1,0,4,0,0
B,B,315,158,7,10,False,B,6,5,304,0,0,5,1,0,1,0,1,1,3,1,0
B,B,217,109,7,10,False,,8,4,205,0,0,9,0,1,0,0,3,1,5,0,0
B,A,142,71,4,10,False,B,9,2,131,0,0,4,1,0,1,2,0,2,5,1,0
B,B,233,117,7,10,False,,6,4,222,1,2,7,1,0,2,1,1,1,5,1,0
B,A,208,104,8,10,False,B,6,4,198,0,0,4,1,1,1,1,0,0,3,1,0
B,B,273,137,7,10,False,A,7,2,262,0,0,6,0,3,2,1,0,0,6,1,0
A,A,241,121,10,9,False,,7,5,229,0,0,6,0,1,0,0,2,0,3,0,0
B,B,249,125,9,10,False,B,3,4,242,0,0,7,0,1,2,0,1,2,6,1,0
B,B,147,74,7,10,False,,7,6,133,0,0,7,1,0,1,1,1,0,3,0,0
B,B,234,118,7,10,False,,7,6,217,0,0,8,0,1,1,1,1,1,5,0,0
A,B,200,100,10,4,False,,7,1,192,0,0,5,0,1,1,0,2,2,6,0,0
A,A,169,85,10,7,False,,6,5,154,0,0,8,1,1,1,1,1,0,4,0,0
A,A,187,94,10,9,False,,5,8,173,0,0,4,1,0,0,2,1,1,4,0,0
B,B,205,103,7,10,False,B,10,4,187,0,0,8,1,1,0,0,1,1,3,1,0
B,B,227,114,7,10,False,,6,5,213,0,0,3,0,1,0,2,1,1,5,0,0
B,A,168,84,7,10,False,,6,7,155,0,0,5,0,0,1,1,2,0,4,0,0
B,B,172,87,8,11,False,,9,1,160,0,0,5,2,0,0,1,2,1,4,0,0
B,B,177,89,4,10,False,,7,6,162,0,0,5,1,2,0,1,0,0,3,0,0
A,A,155,78,11,8,False,,10,4,141,0,0,7,2,0,0,2,0,0,2,0,0
A,A,159,80,10,7,False,,6,7,144,0,0,4,1,1,2,1,0,2,6,0,0
B,A,128,64,2,10,False,,5,6,117,0,0,6,2,2,0,0,0,2,4,0,0
B,B,259,130,6,10,False,B,7,3,248,0,0,7,0,0,2,1,1,0,4,1,0
B,B,263,132,8,10,False,,8,5,250,0,0,5,0,1,1,0,1,1,4,0,0
B,B,189,95,6,10,False,,7,7,173,0,0,4,0,0,1,1,0,1,3,0,0
B,A,254,127,8,10,False,,9,3,242,1,2,4,0,0,1,0,1,1,3,1,0
B,B,204,103,8,10,False,,6,5,191,0,0,5,1,1,1,1,2,0,5,0,0
A,B,198,99,10,7,False,B,11,2,185,0,0,5,1,1,2,0,0,0,3,1,0
B,A,216,108,7,10,False,,9,5,202,0,0,5,1,0,0,0,1,2,3,0,0
B,B,183,92,7,10,False,,9,6,168,1,2,4,0,0,0,0,0,0,1,0,0
A,A,185,93,10,8,False,A,4,7,171,1,2,7,0,0,1,2,0,1,5,1,0
A,A,259,130,10,9,False,,5,5,249,0,0,3,1,1,0,1,1,1,4,0,0
B,A,208,104,5,10,False,B,5,4,199,0,0,9,0,0,1,0,3,2,6,1,0
A,B,276,138,10,9,False,,7,5,264,0,0,6,0,0,1,0,1,3,5,0,0
A,A,239,120,10,6,False,,8,4,227,0,0,6,0,0,1,0,1,2,4,0,0
B,A,220,110,9,10,False,,8,4,208,0,0,6,1,2,0,1,1,0,4,0,1
B,A,232,116,9,10,False,,9,3,220,0,0,6,0,0,2,1,2,1,6,0,0
A,B,210,105,10,8,False,,14,2,194,0,0,4,1,0,0,0,1,0,1,0,0
B,A,270,135,8,10,False,,8,2,260,0,0,6,0,1,0,0,3,2,6,0,0
B,A,138,69,5,10,False,,11,1,124,0,0,7,0,1,1,1,0,0,3,0,0
B,A,162,82,8,10,False,,9,1,152,0,0,6,1,1,2,1,0,0,4,0,0
B,B,243,122,9,10,False,B,8,5,230,0,0,8,1,1,0,0,2,1,4,1,0
B,A,208,104,8,10,False,,10,4,194,0,0,4,1,1,2,0,1,0,4,0,0
B,B,265,133,9,10,False,,11,3,251,0,0,5,1,0,0,0,0,1,1,0,0
B,A,220,110,7,10,False,,4,7,209,0,0,6,0,0,3,1,0,1,5,0,0
B,A,190,96,8,10,False,,8,6,176,0,0,5,0,1,1,1,0,1,4,0,0
B,B,223,112,7,10,False,,11,2,210,0,0,5,0,0,1,0,0,1,2,0,0
B,B,176,89,8,10,False,,10,4,162,0,0,5,0,0,2,1,1,0,4,0,0
A,B,148,74,10,8,False,,6,5,135,0,0,4,1,1,1,1,0,1,4,0,0
A,B,186,93,10,9,False,,8,3,175,1,2,4,0,1,2,0,0,1,5,0,0
B,B,279,140,8,10,False,,8,4,267,0,0,6,0,2,1,0,1,2,6,0,0
A,A,341,171,10,9,False,,8,2,331,0,0,5,1,1,2,0,1,0,4,0,0
A,B,172,86,10,6,False,,9,3,160,0,0,2,0,1,0,0,2,1,4,0,0
B,B,273,137,8,10,False,,10,1,262,0,0,8,0,1,1,0,1,1,4,0,0
B,B,208,105,6,11,False,,8,3,194,0,0,4,1,0,1,1,1,2,5,0,0
B,A,190,96,6,10,False,,9,2,179,0,0,4,0,0,1,1,0,1,3,0,0
B,A,250,126,7,10,False,,6,5,239,0,0,4,0,0,1,1,2,1,5,0,0
A,B,148,74,10,5,False,,8,3,137,0,0,7,2,1,1,1,0,2,5,0,0
A,B,230,115,10,9,False,A,10,1,219,0,0,7,0,1,2,0,1,0,4,1,0
B,B,143,72,7,10,False,,10,4,125,0,0,3,0,1,1,1,0,0,3,0,0
B,B,175,88,7,10,True,,3,8,162,0,0,4,2,1,2,1,0,1,5,0,0
A,A,131,66,10,6,False,,9,3,119,0,0,6,2,0,2,1,0,2,5,0,0
A,B,222,111,10,9,False,,9,4,209,0,0,4,0,0,0,0,2,1,3,0,0
A,B,244,122,10,6,False,,8,6,230,0,0,5,0,2,1,0,0,2,5,0,0
B,B,173,87,6,10,False,,6,5,159,0,0,5,0,0,1,1,2,1,5,0,0
B,B,174,88,7,10,False,,8,4,160,0,0,5,2,1,0,1,1,1,4,0,0
B,A,182,92,4,10,False,,6,5,171,0,0,3,0,2,3,1,0,0,6,0,0
A,B,190,95,10,8,False,,10,1,179,0,0,7,1,1,1,1,1,1,5,0,0
A,B,246,123,10,7,False,,8,7,231,0,0,6,1,3,0,0,0,0,3,0,0
B,A,202,101,8,10,False,,6,6,190,0,0,3,2,1,1,1,0,1,4,0,0
A,A,297,149,10,7,False,,8,8,281,0,0,7,0,0,2,0,0,0,2,0,0
B,B,129,65,8,10,False,,6,2,120,0,0,2,1,1,3,1,0,0,5,0,0
B,B,247,124,5,10,False,,4,9,234,0,0,2,2,0,1,0,0,1,2,0,1
B,B,188,95,5,10,False,B,7,6,174,0,0,6,0,0,1,1,1,2,5,1,0
B,A,168,84,6,10,False,,9,3,156,0,0,5,0,0,1,1,2,0,4,0,0
B,B,177,89,5,10,False,,6,4,166,0,0,3,0,1,1,1,3,0,6,0,0
B,B,153,77,8,10,False,,10,4,136,0,0,4,0,0,0,1,1,3,5,0,0
A,B,214,107,10,9,False,,9,2,203,0,0,8,0,1,0,0,3,1,5,0,0
B,A,242,121,8,10,False,,7,3,230,0,0,7,0,3,0,1,1,2,7,0,0
B,B,277,139,9,10,False,,6,7,264,0,0,9,0,0,0,0,0,4,4,0,0
B,A,212,106,7,10,False,,5,10,197,0,0,5,0,2,0,0,0,2,4,0,0
A,B,214,107,10,9,False,,11,4,199,0,0,4,0,1,0,0,0,0,1,0,0
B,A,206,103,7,10,False,,10,4,192,0,0,5,1,1,0,0,1,3,5,0,0
B,B,251,126,5,10,False,B,9,4,238,0,0,3,1,1,1,0,0,3,5,1,0
A,B,296,149,10,6,False,,2,7,287,1,2,6,1,0,2,1,1,0,5,0,0
B,A,206,103,7,10,False,B,7,3,196,1,2,5,1,0,1,0,0,1,3,1,0
A,A,269,135,10,9,False,B,6,6,257,0,0,9,0,1,1,0,0,2,4,1,0
A,A,229,115,10,7,False,,9,2,218,0,0,6,1,2,1,0,0,1,4,0,0
B,B,223,112,9,10,False,,5,7,207,0,0,5,0,2,1,1,0,1,5,0,0
A,A,225,113,10,9,False,,7,5,213,0,0,6,0,1,0,1,1,1,4,0,0
A,A,253,127,10,9,False,B,7,7,239,0,0,8,2,1,0,0,1,1,3,1,0
A,A,215,108,10,8,False,B,8,3,204,0,0,6,1,0,1,0,0,1,2,1,0
A,B,148,74,10,7,False,,6,9,131,0,0,6,1,0,1,1,1,1,4,0,0
B,B,263,132,9,10,False,,8,3,252,0,0,8,0,0,1,0,1,2,4,0,0
B,A,160,80,6,10,False,,8,2,150,0,0,7,1,0,2,2,0,0,4,0,0
A,A,172,87,10,8,False,,7,3,159,0,0,7,2,0,2,2,0,1,5,0,0
B,A,262,131,8,10,False,,10,2,250,0,0,5,0,1,2,0,1,0,4,0,0
B,B,275,138,9,10,False,,10,4,261,0,0,5,0,0,1,0,1,1,3,0,0
B,B,189,95,7,10,False,,6,6,172,0,0,8,1,1,0,1,1,1,4,0,0
B,A,182,92,7,10,False,,8,3,171,0,0,6,1,1,0,1,1,3,6,0,0
A,B,180,90,10,5,False,A,5,6,169,0,0,11,2,0,0,2,1,0,3,1,0
A,B,196,98,10,8,False,,11,2,183,0,0,9,0,2,1,0,0,1,4,0,0
B,B,149,75,6,10,False,,9,2,133,0,0,5,0,1,0,2,2,0,5,0,0
B,B,257,129,8,10,False,,6,5,242,0,0,5,0,1,1,0,2,1,5,0,0
A,A,223,112,10,7,False,,9,6,208,0,0,6,0,3,1,0,0,0,4,0,0
A,B,144,72,10,4,False,,7,3,134,0,0,5,2,0,2,0,2,1,5,0,0
B,A,152,77,5,10,False,,8,2,142,0,0,6,0,1,0,1,2,1,5,0,0
A,B,190,95,10,9,False,,5,2,181,0,0,8,1,1,2,1,0,2,6,0,0
A,A,227,114,10,6,False,,7,8,212,0,0,8,0,1,1,0,0,1,3,0,0
B,A,230,115,8,10,False,,8,4,218,0,0,5,0,1,0,2,1,0,4,0,0
A,A,233,117,10,6,False,,6,7,220,0,0,6,1,0,3,0,1,1,5,0,0
B,A,268,134,8,10,False,,7,6,255,0,0,6,0,0,1,0,0,2,3,0,0
A,A,163,82,10,6,False,,10,2,151,0,0,7,1,2,0,0,1,1,4,0,0
B,B,151,76,7,10,False,,11,4,134,0,0,4,2,1,0,2,0,0,3,0,0
B,B,231,116,8,10,False,,9,4,218,0,0,4,0,1,1,0,1,0,3,0,0
B,B,175,88,6,10,False,,7,5,162,0,0,5,1,0,1,1,2,0,4,0,0
B,B,216,109,5,10,False,,8,3,202,0,0,5,0,0,1,1,1,2,5,0,0
B,B,126,64,5,10,False,,9,2,114,0,0,6,0,2,0,2,0,0,4,0,0
A,B,144,72,10,4,False,,7,5,132,0,0,6,1,1,1,0,1,1,4,0,0
A,B,132,66,10,2,False,,10,2,120,0,0,6,1,1,1,0,0,1,3,0,0
B,A,160,80,6,10,False,,8,5,147,0,0,8,0,2,0,1,0,1,4,0,0
A,A,107,54,10,7,False,B,8,1,98,0,0,3,2,1,0,2,1,1,5,1,0
A,A,53,27,10,0,False,,6,3,44,0,0,2,1,0,1,0,0,0,1,0,0
A,A,289,145,10,9,False,B,10,4,275,0,0,6,1,1,1,0,0,1,3,1,0
B,B,229,115,8,10,False,,7,6,216,0,0,4,2,2,0,0,1,1,4,0,0
A,B,226,113,10,9,False,,6,6,214,0,0,5,1,1,1,2,1,1,6,0,0
B,B,189,95,5,10,False,,10,5,173,0,0,9,1,1,1,1,0,0,3,0,0
B,A,276,138,9,10,False,B,10,5,261,0,0,7,0,0,0,0,0,1,1,1,0
B,A,218,110,9,10,True,,7,2,209,0,0,9,1,1,1,1,0,4,7,0,0
B,B,197,99,7,10,False,,6,7,183,0,0,8,0,2,0,1,1,1,5,0,0
B,B,141,71,7,10,False,B,7,1,131,0,0,9,2,2,0,1,1,2,6,1,0
B,A,178,89,7,10,False,B,8,3,167,0,0,9,0,4,0,1,0,0,5,1,0
B,B,151,76,7,10,False,,10,3,135,0,0,4,0,1,3,1,0,1,6,0,0
B,A,180,90,5,10,False,,5,11,164,0,0,7,0,0,2,1,0,1,4,0,0
B,B,329,165,8,10,False,,5,7,317,0,0,6,0,0,0,0,1,1,2,0,0
B,B,237,119,9,10,False,,7,4,224,0,0,8,0,0,2,1,1,1,5,0,1
A,A,171,86,10,8,False,B,8,2,161,0,0,10,1,0,2,0,0,2,4,1,1
B,B,183,92,7,10,False,B,8,2,170,0,0,8,1,0,2,1,0,0,3,1,0
B,B,185,93,8,10,False,,6,3,173,1,2,4,0,1,0,2,1,2,7,0,0
A,A,243,122,11,8,False,,6,4,233,0,0,4,3,1,1,0,0,1,3,0,0
A,B,126,64,10,7,False,,5,8,113,0,0,6,1,0,1,2,0,0,3,0,0
A,B,134,67,10,3,False,B,6,6,122,0,0,4,2,2,0,0,0,0,2,1,0
B,B,183,92,8,10,False,,11,1,167,0,0,5,0,0,0,1,0,1,2,0,0
A,B,172,86,10,3,False,,7,5,160,0,0,6,1,0,2,0,2,0,4,0,0
A,B,176,89,10,6,False,,9,3,164,0,0,7,1,0,2,1,0,3,6,0,0
A,A,191,96,10,9,False,B,5,7,179,0,0,7,1,0,1,0,1,1,3,1,0
A,B,214,107,10,9,False,,4,5,203,0,0,6,1,1,2,1,2,1,7,0,0
B,B,247,124,7,10,False,,10,3,234,0,0,3,0,0,1,0,1,1,3,0,0
A,A,133,67,10,2,False,,5,5,123,0,0,6,1,0,0,1,1,1,3,0,1
A,B,136,68,10,7,False,B,12,1,121,0,0,5,2,0,1,1,0,0,2,1,0
B,A,206,103,8,10,False,,9,4,193,1,2,5,0,0,0,0,0,1,2,0,0
A,A,149,75,10,8,False,,6,9,134,0,0,7,1,0,1,1,0,1,3,0,0
A,B,108,54,10,4,False,,9,2,97,0,0,4,2,0,2,0,1,0,3,0,0
B,A,224,112,7,10,False,B,9,7,208,0,0,2,0,1,1,0,0,0,2,1,0
A,B,142,71,10,5,False,A,7,5,130,0,0,4,1,1,0,1,0,2,4,1,0
B,A,132,66,6,10,False,B,4,5,123,0,0,3,1,1,2,1,1,0,5,1,0
B,B,179,90,8,10,False,,8,6,164,0,0,6,1,0,0,1,1,1,3,0,0
B,A,184,92,8,10,False,B,4,5,175,0,0,5,2,0,2,0,0,1,3,1,0
B,A,240,120,8,10,False,,9,4,227,0,0,7,0,0,1,0,0,2,3,0,0
B,A,232,116,7,10,False,B,6,7,219,0,0,5,2,0,0,0,0,1,1,1,0
A,A,235,118,10,9,False,,3,6,225,0,0,6,0,1,1,2,0,1,5,0,0
B,A,134,68,5,10,False,B,7,2,125,0,0,5,0,0,1,2,2,1,6,1,0
B,B,160,81,7,10,False,A,8,3,145,0,0,2,1,0,0,3,2,0,5,1,0
B,B,169,85,5,10,False,,9,2,158,0,0,2,1,1,0,0,1,2,4,0,0
B,B,188,95,7,10,False,B,8,3,176,0,0,5,0,1,1,1,2,0,5,1,0
B,B,208,105,9,10,False,,6,6,193,0,0,4,1,0,1,1,1,2,5,0,0
B,A,234,117,8,10,False,,6,4,224,0,0,6,1,1,0,1,0,2,4,0,0
B,A,174,87,4,10,False,,8,2,164,0,0,5,0,1,2,1,1,1,6,0,0
B,A,168,84,9,11,False,B,8,5,155,0,0,3,2,0,1,1,0,0,2,1,0
A,B,204,102,10,7,False,B,4,6,194,0,0,5,2,0,2,0,0,2,4,1,0
B,B,222,112,8,10,False,,4,9,207,0,0,4,0,0,1,2,1,1,5,0,0
A,B,122,61,10,3,False,,8,6,108,0,0,4,1,2,0,0,0,0,2,0,0
A,B,134,67,10,4,False,,9,3,122,0,0,3,2,0,2,0,2,0,4,0,0
A,B,254,127,10,7,False,,10,6,238,0,0,6,0,0,0,0,1,0,1,0,0
B,A,258,130,8,10,False,,9,3,246,0,0,6,0,1,1,2,0,0,4,0,0
B,A,138,70,5,10,False,,11,3,124,0,0,4,1,0,1,1,1,0,3,0,0
B,A,222,111,9,10,False,,6,4,209,0,0,4,0,1,1,3,1,1,7,0,0
B,B,184,93,7,10,False,,6,7,170,0,0,7,1,1,1,2,0,0,4,0,0
B,A,224,112,8,10,False,B,7,4,213,0,0,6,0,0,1,1,1,0,3,1,0
B,B,243,122,8,10,False,,10,6,227,0,0,9,0,1,0,0,0,0,1,0,0
B,B,305,153,8,10,False,,8,2,295,1,2,6,0,3,2,0,0,0,6,0,0
B,A,164,82,6,10,False,,9,5,150,0,0,2,0,1,1,1,0,1,4,0,0
A,A,203,102,10,8,False,,9,3,191,0,0,7,1,0,0,0,1,2,3,0,0
A,A,233,117,10,9,True,,8,3,222,0,0,5,1,0,1,0,0,3,4,0,0
B,A,200,100,7,10,False,,12,4,184,0,0,3,0,2,1,0,0,1,4,0,0
B,B,285,143,8,10,False,,8,4,273,0,0,7,0,0,0,0,1,2,3,0,0
B,B,257,129,6,10,False,,6,3,248,0,0,3,0,1,3,0,1,0,5,0,0
B,B,156,79,7,10,False,,11,2,140,0,0,4,0,2,0,1,0,0,3,0,0
B,A,126,64,7,10,False,,9,7,110,0,0,5,0,0,0,2,1,0,3,0,0
B,A,184,92,8,10,False,,10,3,170,0,0,4,0,0,0,2,1,2,5,0,0
A,B,192,96,10,8,False,,9,2,180,0,0,7,1,1,1,1,1,0,4,0,0
A,B,232,116,10,6,False,B,7,6,219,0,0,3,3,0,1,0,1,1,3,1,0
B,A,208,105,6,10,False,,5,5,198,0,0,4,1,0,0,1,3,1,5,0,0
A,A,133,67,10,6,False,,9,3,121,0,0,4,1,1,2,0,0,1,4,0,0
A,B,204,102,11,7,False,,8,4,192,0,0,4,2,0,2,0,2,1,5,0,0
B,B,159,80,7,10,False,,10,1,147,0,0,8,0,1,1,1,0,1,4,0,0
B,B,175,88,8,10,False,,9,1,165,0,0,6,0,2,1,1,0,1,5,0,0
B,A,170,85,9,10,False,,7,5,158,0,0,6,1,2,1,1,1,0,5,0,0
B,B,96,49,4,10,False,B,9,1,78,0,0,4,1,1,0,1,0,0,2,1,0
B,B,191,96,7,10,False,,6,4,180,0,0,6,1,0,2,1,0,2,5,0,0
B,B,199,100,9,10,False,,8,3,184,0,0,10,2,1,2,1,0,1,5,0,0
B,A,202,101,8,10,False,,6,5,191,1,2,3,1,0,1,0,2,1,4,1,0
A,B,192,96,10,7,False,B,8,3,181,0,0,6,1,1,0,0,1,0,2,1,0
B,B,205,103,6,10,False,,6,6,193,0,0,3,0,2,1,0,1,0,4,0,0
A,A,135,68,10,6,False,,7,9,119,0,0,3,3,0,0,0,1,1,2,0,0
A,B,254,127,10,9,False,,11,4,239,0,0,6,0,0,2,0,1,1,4,0,0
B,B,190,96,7,10,False,,7,4,179,0,0,3,0,0,2,1,0,1,4,0,0
A,A,219,110,10,6,False,,10,2,207,0,0,8,1,2,1,0,1,0,4,0,0
A,B,288,144,10,6,False,,11,1,276,1,2,6,0,1,1,0,2,0,5,0,0
B,B,187,94,8,10,False,,12,3,172,0,0,3,1,0,0,0,0,2,2,0,0
A,A,137,69,10,7,False,,8,1,127,0,0,4,2,0,2,1,2,0,5,0,0
A,B,166,83,10,7,False,B,6,0,159,0,0,3,2,1,2,1,0,1,5,1,0
B,A,156,78,6,10,False,B,5,7,144,0,0,8,1,2,0,1,0,0,3,1,0
B,A,192,97,6,10,False,,9,4,179,0,0,4,1,0,2,1,0,0,3,0,0
B,B,207,104,7,10,False,,11,0,195,0,0,7,0,0,1,1,1,1,4,0,0
B,A,228,114,9,10,False,,9,5,214,0,0,5,0,0,1,0,0,1,2,0,0
B,A,170,85,8,10,False,B,8,5,157,0,0,7,1,0,1,0,1,0,2,1,0
B,B,175,88,6,10,False,,10,3,162,0,0,4,1,0,1,0,0,1,2,0,0
B,A,150,75,8,10,False,A|B,6,3,141,0,0,8,2,1,0,1,0,1,3,2,0
B,B,252,127,9,10,False,,5,7,239,0,0,6,0,1,1,2,1,0,5,0,0
B,B,181,91,9,10,False,,9,3,166,0,0,6,1,0,0,1,0,1,2,0,0
A,B,220,110,10,8,False,B,9,5,206,0,0,6,1,0,0,0,1,0,1,1,0
B,B,203,102,8,10,False,,5,8,187,0,0,5,0,1,1,1,0,0,3,0,0
A,B,246,123,10,9,False,,11,2,233,0,0,7,1,0,2,0,0,1,3,0,0
A,A,157,79,10,4,False,,9,3,145,0,0,6,1,2,1,0,0,0,3,0,0
B,A,278,139,9,10,False,,9,6,263,0,0,9,0,2,0,0,0,0,2,0,0
B,B,199,100,6,10,False,,10,2,187,0,0,7,0,1,1,1,1,0,4,0,0
A,B,214,107,10,7,False,,6,5,203,0,0,6,1,2,1,0,2,0,5,0,0
B,B,223,112,8,10,False,A,3,7,211,0,0,6,0,1,1,2,0,2,6,1,0
A,B,196,98,10,4,False,,8,2,186,0,0,4,2,2,0,0,0,1,3,0,0
B,A,268,134,9,10,False,,6,7,255,0,0,4,0,1,1,0,0,2,4,0,0
B,A,124,62,4,10,False,,8,3,113,1,2,5,1,0,0,1,0,0,2,0,0
A,A,135,68,10,7,False,,9,3,123,0,0,7,2,1,1,1,0,1,4,0,0
A,B,118,59,10,5,False,,10,3,105,0,0,4,1,2,0,1,2,0,5,0,0
B,B,178,90,7,10,False,B,4,4,168,0,0,8,1,0,2,3,0,1,6,1,0
B,A,296,148,8,10,False,B,6,5,285,0,0,11,0,0,1,0,2,1,4,1,0
B,B,131,66,9,10,False,B,9,5,114,0,0,5,1,2,0,3,0,0,5,1,0
B,B,172,87,9,10,False,,11,4,155,0,0,7,0,0,0,1,1,1,3,0,0
B,B,215,108,9,10,False,,12,2,199,0,0,5,1,1,0,0,0,0,1,0,0
A,B,154,77,10,6,False,,6,6,142,0,0,4,2,1,0,1,1,2,5,0,0
B,B,215,108,8,10,False,,9,3,202,0,0,4,0,1,0,1,0,1,3,0,0
A,A,100,51,10,4,False,,8,2,89,0,0,4,1,1,1,2,1,0,5,0,0
B,A,192,96,5,10,False,,11,2,179,1,2,5,1,0,1,2,0,0,4,0,0
B,A,222,111,6,10,False,,4,4,214,0,0,8,0,2,2,1,1,1,7,0,0
A,B,140,71,10,4,False,,9,4,127,0,0,5,0,0,2,1,0,0,3,0,0
B,A,162,81,8,10,False,,4,7,151,0,0,2,1,0,0,1,2,0,3,0,0
B,B,189,95,9,10,False,,6,6,172,0,0,4,0,1,0,2,2,0,5,0,0
A,A,221,111,10,7,False,,9,3,209,0,0,6,2,1,0,0,1,1,3,0,0
A,B,80,40,10,0,False,,6,3,71,0,0,3,1,0,0,1,0,0,1,0,0
B,A,252,126,9,10,False,,8,5,239,0,0,5,0,1,0,0,1,1,3,0,0
B,A,272,136,8,10,False,,4,10,258,0,0,8,1,1,0,0,0,2,3,0,0
B,A,242,121,6,11,False,,5,5,232,0,0,4,2,2,1,1,0,1,5,0,0
B,A,232,116,9,10,True,,4,7,221,0,0,6,1,0,1,1,1,0,3,0,1
B,A,184,92,6,10,False,,11,1,172,0,0,8,0,2,1,2,0,1,6,0,0
A,A,301,151,10,9,False,,7,6,288,0,0,4,1,1,1,0,1,0,3,0,0
B,B,167,84,7,10,False,,8,3,155,0,0,5,1,1,0,2,1,1,5,0,0
B,B,263,132,8,10,False,,5,8,248,0,0,5,0,2,1,1,0,1,5,0,0
B,B,215,108,8,10,False,,6,5,201,0,0,3,0,1,0,2,0,2,5,0,0
B,A,252,126,9,10,False,,7,2,243,0,0,7,0,1,3,2,1,1,8,0,0
A,B,182,91,10,6,False,,8,4,170,0,0,4,1,1,2,0,1,1,5,0,0
B,A,174,87,7,10,False,,7,6,161,0,0,6,0,0,1,2,0,1,4,0,0
A,A,237,119,10,8,False,,11,2,224,0,0,6,1,1,0,0,0,1,2,0,0
A,A,159,80,10,4,False,,7,6,146,0,0,7,1,0,0,0,0,2,2,0,0
B,A,126,63,7,10,False,,9,4,113,0,0,6,0,1,2,1,0,0,4,0,0
B,A,196,98,4,10,False,B,10,3,183,0,0,5,0,0,2,0,1,0,3,1,0
B,A,130,65,5,10,False,B,6,3,121,0,0,4,1,2,0,1,1,1,5,1,0
A,B,100,50,10,4,False,,12,5,83,0,0,4,1,0,0,0,0,0,0,0,0
B,A,202,101,7,10,False,,7,4,191,0,0,7,2,1,0,0,0,2,3,0,0
A,B,158,79,10,4,False,,10,3,145,0,0,4,1,0,0,0,2,1,3,0,0
B,A,200,100,4,10,False,,4,7,189,0,0,5,1,1,0,1,1,2,5,0,0
A,B,230,115,10,9,False,,8,4,214,0,0,7,0,1,1,1,1,1,5,0,0
A,A,196,99,10,7,False,,6,5,181,0,0,6,0,0,0,2,1,2,5,0,0
B,A,214,107,7,10,False,B,6,7,201,0,0,7,1,1,0,2,1,0,4,1,0
A,B,208,104,10,7,False,,10,2,196,0,0,6,2,0,0,0,1,1,2,0,0
B,B,237,119,6,10,False,B,4,7,225,0,0,3,0,0,1,1,1,1,4,1,0
B,A,140,70,6,10,False,,7,9,124,0,0,8,0,0,0,1,0,0,1,0,0
A,B,196,98,10,8,False,,6,3,187,1,2,5,1,0,1,1,1,2,6,0,0
B,A,176,89,6,10,False,,8,4,164,0,0,7,0,0,2,2,1,1,6,0,0
B,B,254,128,7,10,False,,7,7,239,0,0,7,0,1,0,1,0,0,2,0,0
B,A,224,112,6,10,False,B,8,2,214,0,0,3,1,1,1,1,1,1,5,1,0
A,B,222,111,10,9,False,,7,5,210,0,0,4,1,1,2,0,1,0,4,0,0
B,A,196,98,7,10,False,B,8,4,184,0,0,7,1,1,0,0,2,1,4,1,1
B,B,185,93,6,10,False,B,7,1,177,0,0,4,1,2,2,0,1,1,6,1,0
B,B,151,76,6,10,False,,5,10,133,0,0,4,0,0,0,2,0,2,4,0,0
B,B,232,117,9,12,False,,9,4,217,0,0,9,1,1,0,1,1,1,4,0,0
A,A,201,101,10,7,False,B,7,5,187,0,0,8,1,1,2,1,0,0,4,1,0
A,A,241,121,10,8,False,,8,2,231,0,0,5,1,0,2,0,1,1,4,0,0
B,A,304,152,8,10,False,,8,1,295,0,0,6,0,2,0,0,2,0,4,0,1
A,B,224,112,10,9,False,,7,6,206,0,0,6,1,2,0,1,1,0,4,0,0
A,B,178,90,10,6,False,,4,4,167,0,0,2,1,1,1,2,1,1,6,0,0
A,A,213,107,10,7,False,,8,3,202,0,0,3,2,1,0,0,2,3,6,0,0
B,B,173,87,5,10,False,,12,1,159,0,0,6,1,1,1,1,1,0,4,0,0
B,B,217,109,9,10,False,,4,7,206,0,0,6,1,1,0,0,1,2,4,0,0
B,A,214,107,5,10,False,,6,4,204,0,0,5,1,2,1,0,2,0,5,0,0
B,A,214,108,8,10,False,,8,2,204,0,0,6,0,1,3,1,0,1,6,0,0
B,B,172,87,9,10,False,,9,4,154,0,0,8,0,0,0,3,2,1,6,0,0
B,A,238,119,6,10,False,,9,3,226,0,0,7,0,3,1,0,1,0,5,0,0
A,A,257,129,10,7,False,,8,4,245,0,0,4,0,1,2,0,0,1,4,0,0
A,A,205,103,10,8,False,,7,4,194,0,0,9,1,2,1,0,2,1,6,0,0
B,B,199,100,6,10,False,,8,1,187,0,0,4,0,2,2,1,0,0,5,0,0
A,B,140,70,10,4,False,B,8,5,127,0,0,5,1,0,1,0,0,1,2,1,0
A,A,171,86,10,7,False,,6,4,159,0,0,4,3,1,1,2,1,0,5,0,0
B,B,180,91,7,10,False,,10,4,164,0,0,5,1,0,0,1,1,0,2,0,0
A,A,103,52,10,5,False,,4,4,95,0,0,4,2,2,1,0,2,1,6,0,0
A,A,229,115,10,7,False,,10,3,216,0,0,7,0,1,0,0,2,1,4,0,0
B,A,178,90,7,10,False,,12,4,162,0,0,4,0,2,0,1,0,0,3,0,0
A,A,170,86,10,6,False,,7,3,158,0,0,7,0,1,4,1,1,0,7,0,0
B,A,230,115,9,10,False,,13,4,213,0,0,6,1,0,0,0,0,0,0,0,0
B,B,231,116,8,10,False,,9,5,213,0,0,9,0,1,2,2,0,0,5,0,0
B,B,221,111,9,10,True,,7,5,209,0,0,6,1,2,0,0,0,1,3,0,0
B,A,222,112,8,11,False,,8,2,212,0,0,6,1,2,0,1,1,2,6,0,0
B,B,271,136,8,10,False,,8,1,262,0,0,5,0,2,3,0,1,1,7,0,0
B,A,198,99,9,10,True,,9,5,184,0,0,4,1,0,2,0,0,0,2,0,0
B,B,187,94,8,10,False,,10,2,175,0,0,7,0,0,1,2,0,2,5,0,0
A,A,133,67,10,4,False,,6,4,123,1,2,5,1,1,2,0,1,0,5,0,1
A,A,215,108,10,7,False,,7,3,205,0,0,7,0,0,0,0,1,2,3,0,1
B,B,193,97,8,10,False,,8,4,180,0,0,5,1,0,1,1,1,0,3,0,0
B,B,145,73,7,10,False,B,10,4,130,0,0,7,1,0,0,2,0,0,2,1,0
A,A,223,112,10,9,False,B,9,5,209,0,0,5,1,2,0,0,0,0,2,1,0
A,A,253,127,10,9,False,,8,8,237,0,0,5,1,0,0,0,0,1,1,0,0
B,B,193,97,5,10,False,B,6,5,178,0,0,9,0,1,1,1,0,1,4,1,0
B,B,214,108,8,10,False,,5,3,204,0,0,4,0,0,2,2,1,0,5,0,0
B,B,170,86,9,10,True,,7,2,160,0,0,6,1,1,2,1,1,1,6,0,0
B,B,277,139,9,10,False,,9,4,264,0,0,4,1,2,1,0,1,0,4,0,0
B,A,230,115,7,10,False,B,5,7,218,0,0,4,1,0,1,0,1,0,2,1,0
B,A,190,96,7,10,False,,8,7,175,0,0,3,0,0,0,1,2,0,3,0,0
A,A,185,93,10,8,True,B,9,1,175,0,0,5,1,0,1,0,2,1,4,1,0
B,B,197,99,9,10,False,,8,2,186,0,0,5,1,0,0,1,3,1,5,0,0
A,B,142,71,10,6,False,,5,3,131,0,0,4,1,1,1,2,1,1,6,0,0
B,B,157,79,7,10,False,,9,4,143,0,0,5,1,0,1,1,1,0,3,0,0
B,B,247,124,8,10,False,B,6,3,238,0,0,5,0,0,1,0,1,2,4,1,0
B,B,265,133,8,10,False,,5,7,252,0,0,8,0,1,0,1,1,1,4,0,0
B,B,164,83,5,10,False,,7,4,151,0,0,7,1,1,0,2,0,1,4,0,0
B,A,250,125,9,10,False,,8,3,239,1,2,7,1,0,0,1,0,1,3,0,0
B,A,128,64,7,10,False,,8,4,116,0,0,2,1,1,1,1,2,0,5,0,0
B,A,136,68,6,10,False,,9,6,119,0,0,5,0,0,0,1,1,1,3,0,0
A,A,241,121,10,5,False,B,5,6,229,0,0,5,0,1,1,1,1,0,4,1,0
B,B,212,107,8,10,False,,8,4,197,0,0,6,0,1,0,2,0,0,3,0,0
B,A,126,63,4,10,False,,9,3,114,0,0,6,1,1,0,0,1,0,2,0,0
B,B,184,93,9,10,True,,8,4,170,0,0,5,2,0,1,2,1,0,4,0,0
A,B,246,123,10,9,False,,10,4,231,0,0,2,1,0,0,1,0,0,1,0,0
B,A,276,138,9,10,False,,8,8,256,0,0,6,0,1,0,0,0,0,1,0,0
B,B,221,111,9,10,True,,4,8,209,0,0,6,1,1,0,0,1,1,3,0,0
B,A,178,89,7,10,False,,8,4,166,0,0,6,0,1,1,1,1,0,4,0,0
B,A,202,101,8,10,False,,6,6,190,0,0,4,1,0,0,1,1,1,3,0,0
B,A,202,101,8,10,False,,7,8,187,0,0,9,0,1,1,0,1,1,4,0,0
A,B,156,78,10,5,False,,7,7,142,0,0,4,2,1,1,1,0,0,3,0,0
A,A,165,83,10,6,False,,9,4,152,0,0,6,1,2,1,0,1,0,4,0,0
A,A,173,87,10,8,False,,10,3,160,0,0,4,1,1,1,1,1,0,4,0,0
B,A,242,121,7,10,False,B,7,5,230,0,0,6,0,0,1,0,1,0,2,1,0
B,B,273,137,7,10,False,,2,6,265,0,0,4,1,2,0,1,2,1,6,0,0
B,B,269,135,9,10,False,,8,8,253,0,0,7,0,2,0,0,0,0,2,0,0
A,B,134,67,10,3,False,,6,6,122,1,2,6,1,0,0,1,2,1,4,1,0
B,A,174,87,5,10,False,,7,2,165,0,0,5,0,0,3,1,2,1,7,0,0
A,B,164,82,10,9,True,B,7,5,152,0,0,6,2,1,1,0,0,0,2,1,0
B,B,271,136,7,10,False,,7,5,259,0,0,5,1,3,1,0,0,0,4,0,0
B,B,203,102,8,10,False,,5,7,190,0,0,4,0,1,1,3,0,0,5,0,0
B,A,250,125,8,10,False,,4,7,239,0,0,6,1,2,1,0,0,2,5,0,0
B,B,167,84,6,10,False,,4,5,157,0,0,4,1,2,3,1,0,0,6,0,0
B,B,189,95,6,10,False,,7,8,174,0,0,5,1,1,2,0,1,0,4,0,0
B,A,206,103,9,10,False,,11,2,193,0,0,4,1,1,0,1,1,1,4,0,0
A,B,176,88,10,5,False,,9,1,166,0,0,6,2,0,3,0,1,1,5,0,0
B,B,231,116,7,10,False,,8,5,218,0,0,3,0,1,2,0,1,0,4,0,0
B,B,183,92,8,10,False,,5,8,170,0,0,4,2,0,0,1,1,2,4,0,0
B,B,157,79,5,10,False,,6,6,143,0,0,6,0,0,0,2,1,2,5,0,0
A,B,240,120,10,7,False,,11,2,227,0,0,6,0,0,1,0,0,1,2,0,0
B,A,238,119,8,10,False,B,5,4,229,0,0,9,2,1,0,0,1,2,4,1,0
B,A,194,97,5,10,False,B,8,3,183,0,0,6,0,1,1,2,0,1,5,1,0
B,A,210,105,6,10,False,,11,8,191,0,0,7,0,0,0,0,0,0,0,0,0
A,B,144,72,10,5,False,A|B,4,6,134,0,0,6,2,1,0,0,1,2,4,2,0
B,A,176,88,8,10,False,,10,4,162,0,0,6,0,0,1,1,2,1,5,0,0
B,A,198,99,8,10,False,B,7,3,188,0,0,6,1,1,2,0,1,0,4,1,0
A,A,315,158,10,9,False,,8,6,301,0,0,6,0,0,1,0,1,0,2,0,0
B,B,167,84,6,10,False,,6,7,154,0,0,3,2,1,1,1,0,2,5,0,0
A,B,76,38,10,2,False,,5,4,67,0,0,2,1,0,0,0,2,2,4,0,0
B,A,210,105,8,10,False,,11,2,197,0,0,6,0,0,1,0,2,1,4,0,0
B,B,141,71,6,10,False,,9,7,125,0,0,5,0,0,1,0,0,1,2,0,0
B,B,201,101,9,10,False,,10,2,189,0,0,7,0,0,0,0,2,2,4,0,0
B,A,212,107,6,10,False,,4,8,200,0,0,5,0,1,0,1,1,2,5,0,0
A,B,106,53,10,1,False,,7,5,94,0,0,4,1,1,0,0,1,1,3,0,0
B,A,168,84,6,10,False,,8,6,154,0,0,5,0,0,0,1,1,1,3,0,0
A,B,264,132,10,9,False,B,7,3,254,0,0,8,0,1,0,0,4,0,5,1,0
A,B,218,110,10,8,False,,3,9,206,0,0,5,1,1,0,1,3,0,5,0,0
B,B,189,95,7,10,False,,9,2,177,0,0,5,1,1,0,1,1,0,3,0,0
B,B,176,89,6,10,False,,9,5,161,0,0,6,0,1,1,1,0,0,3,0,0
B,B,212,107,6,10,False,,7,5,199,0,0,8,0,0,0,1,1,0,2,0,0
A,B,136,68,10,5,False,,9,3,124,0,0,7,1,1,1,0,0,2,4,0,0
A,B,170,85,10,6,False,B,5,4,161,0,0,5,2,0,3,1,0,1,5,1,0
A,A,269,135,10,7,False,,8,4,257,0,0,8,1,1,2,0,0,0,3,0,0
A,B,170,85,10,3,False,,7,0,163,0,0,4,2,0,2,1,0,2,5,0,1
B,A,198,100,7,10,False,,9,1,188,0,0,7,1,0,1,1,1,2,5,0,0
B,A,242,121,6,10,False,,7,3,232,0,0,7,0,1,3,0,1,0,5,0,0
A,B,90,45,10,0,False,,5,7,78,0,0,2,1,2,0,0,0,1,3,0,0
B,B,139,70,5,10,False,B,5,5,125,0,0,5,1,0,0,1,2,2,5,1,0
B,A,128,64,6,10,False,,10,3,115,0,0,3,0,0,1,1,0,1,3,0,0
B,A,176,88,8,10,False,B,7,3,165,0,0,3,3,0,1,2,1,1,5,1,0
B,B,245,123,7,10,False,B,8,7,230,0,0,6,0,0,2,0,0,0,2,1,0
B,B,273,137,8,10,False,B,7,6,260,0,0,8,0,1,1,0,0,0,2,1,0
B,B,229,115,9,10,False,,9,5,215,0,0,6,0,3,0,0,1,1,5,0,0
B,B,301,151,9,10,False,B,8,5,288,0,0,11,0,0,1,0,0,1,2,1,0
B,A,168,85,8,10,False,,8,2,155,0,0,4,0,1,0,3,0,2,6,0,0
B,A,162,81,8,10,False,,6,2,154,0,0,6,1,1,1,2,2,0,6,0,0
A,A,217,109,10,7,False,,7,5,205,0,0,6,1,1,0,0,1,2,4,0,0
A,A,115,58,10,7,False,,7,1,107,0,0,5,2,1,0,1,2,1,5,0,0
B,A,160,81,7,10,False,,7,6,147,0,0,5,1,0,1,2,1,1,5,0,0
A,A,233,117,10,8,False,,5,7,221,0,0,4,0,2,0,0,2,1,5,0,0
A,A,229,115,10,7,False,,12,3,214,0,0,2,0,1,0,0,1,0,2,0,0
B,A,220,111,8,10,False,,9,3,208,0,0,7,0,0,2,1,0,1,4,0,0
B,B,169,85,9,10,False,,7,2,160,0,0,9,1,0,3,1,2,1,7,0,0
A,A,229,115,10,9,False,,8,6,215,0,0,6,0,1,0,0,2,1,4,0,0
A,B,282,141,10,9,False,B,7,5,270,0,0,7,1,1,2,0,1,0,4,1,0
A,B,238,119,10,9,False,,9,5,224,0,0,7,0,1,0,0,0,2,3,0,0
A,B,146,73,10,5,False,,9,3,134,0,0,3,1,1,0,1,0,1,3,0,0
A,A,105,53,10,2,False,B,6,4,95,0,0,6,1,0,0,0,1,2,3,1,0
B,B,214,108,9,10,False,,9,5,197,0,0,9,0,1,1,1,0,0,3,0,0
B,A,220,110,9,10,False,A,5,3,212,0,0,5,1,1,1,1,2,1,6,1,0
B,A,240,120,8,10,False,,8,7,225,0,0,5,0,2,0,1,1,0,4,0,0
A,B,252,126,10,8,False,,4,7,241,0,0,5,0,1,3,0,1,0,5,0,0
A,B,206,103,10,9,False,B,9,4,193,0,0,4,1,0,1,1,1,1,4,1,0
B,B,184,93,7,10,False,,7,4,169,0,0,8,1,1,0,2,1,1,5,0,0
B,B,179,90,9,10,True,A|B,6,3,167,0,0,5,2,0,1,1,0,1,3,2,0
A,A,127,64,10,6,False,B,9,6,112,0,0,4,2,1,0,1,0,1,3,1,0
A,A,95,48,10,1,False,,3,3,89,0,0,2,1,2,2,1,0,0,5,0,0
A,A,211,106,10,5,False,,6,7,198,0,0,6,1,0,1,0,1,1,3,0,0
B,B,225,113,7,10,False,,10,3,211,0,0,3,0,2,0,1,0,1,4,0,0
A,B,262,131,10,8,False,,9,3,250,0,0,5,0,1,1,0,1,2,5,0,0
A,B,224,112,10,7,False,,12,5,207,0,0,6,0,0,0,0,0,0,0,0,0
A,B,174,87,10,6,False,,10,1,163,0,0,4,1,1,1,0,0,2,4,0,0
A,A,137,69,10,3,False,,10,6,121,0,0,6,1,0,0,0,0,0,0,0,0
B,B,213,107,8,10,False,,8,4,201,0,0,4,1,1,1,0,1,0,3,0,0
B,A,206,103,8,10,False,,10,4,192,0,0,6,1,1,0,1,0,2,4,0,0
B,A,228,114,8,10,False,,7,8,213,0,0,6,0,1,0,1,1,1,4,0,0
A,B,246,123,10,8,False,,9,8,229,0,0,5,0,0,1,0,0,0,1,0,0
B,B,175,88,5,10,False,,3,4,167,0,0,6,1,2,1,2,1,1,7,0,0
A,B,160,80,10,4,False,,8,4,148,1,2,5,1,1,0,0,0,1,3,0,0
A,B,270,135,10,7,False,A,5,6,259,0,0,6,1,2,1,0,1,0,4,1,0
A,B,144,72,10,7,False,,12,0,132,0,0,4,1,0,0,2,0,1,3,0,0
A,A,57,29,10,0,False,,8,1,48,0,0,3,1,0,0,0,0,0,0,0,0
A,B,112,56,10,2,False,,4,7,101,0,0,5,1,0,2,0,3,0,5,0,0
A,A,215,108,10,8,False,,8,2,205,1,2,2,1,0,0,0,1,1,2,1,0
B,A,196,99,7,10,False,,6,10,180,0,0,4,0,0,1,1,0,0,2,0,0
B,B,147,74,6,10,False,B,8,3,132,0,0,6,0,0,1,2,0,2,5,1,0
A,B,140,70,10,3,False,,7,6,127,0,0,4,2,2,0,0,0,2,4,0,0
B,A,148,74,6,10,False,,3,7,136,0,0,5,1,1,1,1,2,1,6,0,0
A,B,254,127,10,7,False,,7,3,244,0,0,9,0,2,2,0,1,1,6,0,0
B,B,213,107,9,10,False,,9,4,200,0,0,7,1,0,1,1,2,0,4,0,0
B,A,208,105,5,10,False,,9,4,195,0,0,5,0,1,1,1,1,0,4,0,0
B,B,207,104,8,10,False,,10,2,195,0,0,9,1,1,0,0,2,0,3,0,0
B,B,179,90,4,10,False,,11,1,166,0,0,2,0,0,1,1,0,1,3,0,0
A,B,220,110,10,9,False,,9,3,208,1,2,4,1,0,2,0,0,1,3,1,0
B,B,142,72,6,10,False,,9,2,126,0,0,9,0,2,2,1,0,0,5,0,0
B,B,233,117,9,10,False,,9,5,219,0,0,6,0,1,0,0,1,2,4,0,0
A,A,219,110,10,9,False,,8,3,208,0,0,6,1,1,1,0,1,2,5,0,0
B,B,179,90,5,10,False,B,11,3,165,0,0,6,0,1,1,0,0,1,3,1,0
A,B,260,130,10,9,False,,7,4,249,0,0,5,0,2,0,0,2,2,6,0,0
B,A,260,130,6,10,False,,8,5,247,1,2,10,0,1,1,0,0,0,3,0,0
A,B,178,90,10,9,False,,8,3,163,0,0,4,0,1,0,3,0,2,6,0,0
A,A,193,97,10,5,False,,7,4,182,0,0,4,1,2,2,0,0,0,4,0,0
A,A,225,113,10,6,False,,8,1,215,0,0,5,0,3,1,1,1,1,7,0,0
A,B,262,131,10,8,False,,4,8,250,0,0,4,0,1,2,0,1,0,4,0,0
A,B,260,130,10,8,False,,8,5,247,0,0,5,1,2,1,0,0,1,4,0,0
B,A,258,129,8,10,False,,6,6,246,0,0,9,2,1,0,0,1,1,3,0,0
B,A,216,109,8,10,False,,7,4,205,0,0,3,0,1,1,1,0,0,3,0,0
B,A,202,101,9,10,False,,10,5,187,0,0,7,0,0,1,1,1,0,3,0,0
A,B,230,116,10,9,False,,6,6,218,0,0,7,1,1,1,1,1,0,4,0,0
B,A,258,129,8,10,False,B,8,5,245,0,0,7,2,1,0,0,1,1,3,1,0
B,B,275,138,8,10,False,,5,6,264,0,0,7,1,0,2,0,0,2,4,0,0
A,B,248,124,10,9,False,B,7,5,236,0,0,6,1,1,0,0,1,2,4,1,0
B,B,200,101,7,10,False,,10,1,187,0,0,5,0,0,2,1,2,0,5,0,0
A,B,182,91,10,6,False,,11,3,168,0,0,6,0,0,1,0,0,2,3,0,0
A,A,149,75,10,7,False,B,8,3,138,0,0,5,2,2,0,2,1,0,5,1,0
B,A,200,101,9,10,False,,7,7,186,0,0,4,3,0,0,1,0,0,1,0,0
B,A,224,112,7,10,False,,10,3,211,0,0,6,1,2,0,0,0,1,3,0,0
B,A,148,75,7,10,False,B,7,4,137,0,0,7,2,0,1,1,1,0,3,1,0
A,A,181,91,10,4,False,A,5,6,170,0,0,5,1,2,0,0,2,1,5,1,0
B,A,250,125,9,10,False,,7,0,243,0,0,6,1,1,1,1,3,0,6,0,0
B,A,222,111,8,10,False,B,9,3,210,0,0,2,2,0,1,0,1,1,3,1,0
A,A,265,133,10,9,False,,9,2,254,0,0,4,3,0,2,0,0,1,3,0,0
A,B,152,77,10,9,False,,3,6,139,0,0,8,1,2,1,2,1,0,6,0,0
A,B,108,54,10,3,False,,12,2,94,0,0,4,1,0,0,0,1,0,1,0,0
B,B,170,86,6,10,False,,8,5,154,0,0,4,0,1,1,3,0,1,6,0,0
B,A,170,86,4,10,False,B,8,5,157,0,0,4,0,1,0,1,1,2,5,1,0
B,B,281,141,6,10,False,,10,5,266,0,0,4,0,2,0,0,0,1,3,0,0
B,A,234,117,7,10,False,,7,5,222,0,0,6,0,0,2,0,0,0,2,0,0
B,B,217,109,7,10,True,B,4,4,209,0,0,6,2,0,1,1,2,1,5,1,0
B,A,228,114,7,10,False,,4,7,217,0,0,3,0,1,2,1,2,0,6,0,0
A,A,147,74,10,3,False,,6,7,134,0,0,2,2,0,0,0,0,1,1,0,0
A,A,203,102,10,8,False,,6,5,192,0,0,5,0,2,0,1,2,0,5,0,1
A,B,222,111,10,6,False,,8,2,212,0,0,4,0,2,1,1,1,1,6,0,0
B,B,199,100,9,10,False,,9,5,185,0,0,4,0,0,0,0,2,1,3,0,0
A,A,243,122,10,6,False,,5,5,233,0,0,8,0,2,2,0,0,1,5,0,0
B,A,164,83,6,10,False,,7,1,156,0,0,5,0,1,2,1,2,0,6,0,0
B,A,210,105,9,10,False,,10,4,196,0,0,5,1,1,0,1,0,1,3,0,0
B,B,193,97,7,10,False,,10,4,179,0,0,7,0,0,2,1,0,1,4,0,0
B,A,180,90,6,10,False,,6,4,170,0,0,10,1,0,1,2,1,1,5,0,0
B,B,183,92,8,10,False,,7,5,170,0,0,6,1,0,1,1,1,1,4,0,0
B,B,197,99,8,10,True,,10,4,183,0,0,6,2,1,1,0,0,0,2,0,0
B,B,107,54,2,10,False,B,7,3,96,0,0,5,1,1,0,1,3,0,5,1,0
B,A,124,62,5,10,False,B,6,4,114,0,0,5,1,1,1,2,2,0,6,1,0
B,B,211,106,7,10,False,,7,7,195,0,0,6,0,0,3,1,0,0,4,0,0
B,B,203,102,9,10,False,,12,0,188,0,0,7,0,1,0,1,0,2,4,0,0
B,B,155,78,6,10,False,,8,4,141,0,0,4,1,0,0,1,1,0,2,0,0
B,A,92,47,2,10,False,B,8,4,80,0,0,7,1,0,0,1,0,2,3,1,0
A,B,204,103,10,8,False,,7,2,191,1,2,6,0,0,0,2,2,1,6,0,0
B,A,256,128,9,10,False,,5,8,243,0,0,6,0,0,1,0,2,0,3,0,0
B,A,170,85,8,10,False,,11,4,155,0,0,7,1,2,1,1,1,0,5,0,0
B,A,174,87,8,10,False,,12,1,161,0,0,5,0,0,2,1,1,0,4,0,0
B,A,166,83,6,10,False,,11,4,151,0,0,4,0,2,1,0,0,0,3,0,0
B,B,285,143,9,10,False,B,6,7,272,0,0,5,0,0,1,0,2,1,4,1,0
B,B,259,130,7,10,False,,6,8,245,0,0,9,0,1,0,0,0,1,2,0,0
B,B,161,81,5,10,False,,6,5,149,0,0,3,0,0,1,3,0,1,5,0,0
B,A,212,106,7,10,False,,7,6,199,0,0,4,1,2,1,0,1,1,5,0,0
A,B,180,90,10,8,False,A|B,10,2,168,0,0,6,0,0,1,1,0,0,2,2,0
B,B,177,89,8,10,False,B,5,4,163,0,0,8,1,1,1,2,1,1,6,1,0
B,A,212,106,5,10,False,,7,5,200,0,0,7,0,2,1,1,1,1,6,0,0
B,A,228,115,6,10,False,,7,4,217,0,0,5,0,3,1,2,1,0,7,0,0
A,B,166,83,10,3,False,,9,6,151,0,0,1,1,0,1,0,0,0,1,0,0
B,B,239,120,6,10,False,,8,3,228,1,2,7,0,2,0,0,0,1,4,0,0
B,B,213,107,6,10,False,B,6,4,203,0,0,8,0,0,2,1,2,0,5,1,0
B,A,192,96,9,10,False,B,8,5,179,0,0,2,1,0,0,1,3,1,5,1,0
B,A,236,118,9,10,False,,7,6,223,0,0,7,0,1,1,0,0,2,4,0,0
A,B,206,103,10,7,False,B,6,7,193,0,0,6,1,0,2,0,0,1,3,1,0
B,A,126,63,6,10,False,,9,6,111,0,0,8,0,1,0,2,0,0,3,0,0
A,B,186,94,10,9,False,,7,5,172,0,0,8,0,1,1,3,0,1,6,0,0
B,B,251,126,8,10,False,,6,7,238,0,0,8,0,2,0,0,1,1,4,0,0
B,B,277,139,7,10,False,B,8,6,263,0,0,7,0,1,1,0,1,1,4,1,0
B,A,202,101,7,10,False,B,5,6,191,0,0,9,0,1,0,1,3,0,5,1,0
B,A,212,106,5,10,False,B,7,7,198,0,0,3,0,0,2,0,1,0,3,1,0
B,B,217,109,6,10,False,,11,2,204,0,0,7,0,1,1,0,1,1,4,0,0
B,A,154,77,8,10,False,,7,6,141,0,0,6,0,0,2,1,0,0,3,0,0
B,A,134,67,5,10,False,,9,2,121,0,0,5,0,0,1,0,3,0,4,0,0
B,A,214,107,8,10,False,,9,1,204,1,2,7,0,1,2,0,0,0,4,0,0
A,B,218,109,10,8,False,,10,3,205,0,0,4,1,0,1,0,1,1,3,0,0
B,B,159,80,7,10,False,,8,3,145,0,0,6,0,0,0,1,1,1,3,0,0
B,A,140,71,5,10,False,B,10,2,128,0,0,7,0,2,0,2,0,0,4,1,0
A,B,210,105,10,6,False,,6,6,198,0,0,6,0,1,1,1,0,1,4,0,0
B,A,132,66,7,10,False,,8,2,122,0,0,5,0,1,2,2,1,0,6,0,0
B,A,196,98,6,10,False,,10,4,182,0,0,4,2,0,0,0,1,1,2,0,0
B,A,232,116,9,10,False,,8,7,217,0,0,6,0,2,0,0,0,1,3,0,0
B,A,190,96,9,10,False,,10,3,177,0,0,4,1,1,0,1,0,1,3,0,0
A,B,276,138,10,9,False,,9,3,264,0,0,9,0,1,1,0,1,1,4,0,0
B,B,251,126,8,10,False,,7,5,237,0,0,5,0,1,2,0,0,1,4,0,0
B,A,76,39,4,10,False,,8,1,67,0,0,3,0,0,0,1,1,0,2,0,0
B,B,157,79,5,10,False,,8,5,142,0,0,7,0,0,1,2,1,0,4,0,0
B,B,142,72,4,10,False,B,6,5,128,0,0,5,1,2,0,2,0,0,4,1,0
B,A,168,84,8,10,False,B,8,5,155,0,0,6,1,0,1,1,0,1,3,1,0
A,B,188,94,10,8,False,,8,4,174,0,0,6,2,2,1,2,0,0,5,0,0
B,A,152,77,7,10,False,,10,3,139,1,2,6,1,1,0,1,0,1,3,1,0
A,A,273,137,10,8,False,,10,1,262,0,0,6,0,1,1,0,0,1,3,0,0
A,B,168,84,10,6,False,B,4,4,160,1,2,6,1,2,0,1,1,0,5,1,0
A,A,187,94,10,7,False,,7,6,173,0,0,7,0,0,1,1,1,0,3,0,0
B,B,167,84,6,10,False,B,8,3,154,0,0,7,1,0,0,1,1,1,3,1,0
B,A,174,87,4,10,False,,8,7,159,0,0,5,2,1,0,0,1,1,3,0,0
B,A,212,106,5,10,False,,5,8,199,0,0,7,0,2,1,1,1,0,5,0,0
B,B,225,113,7,10,False,,9,4,212,0,0,6,2,3,0,0,0,0,3,0,0
B,B,147,74,9,10,False,B,7,9,130,0,0,7,0,0,0,1,1,0,2,1,0
B,B,119,60,8,10,False,,9,2,108,0,0,4,1,1,1,1,0,1,4,0,0
B,B,249,125,6,11,False,,6,5,235,0,0,5,1,3,0,1,0,1,5,0,0
B,B,243,122,9,10,False,B,9,5,229,0,0,6,0,1,1,0,0,2,4,1,0
A,B,168,84,10,6,False,,7,6,155,0,0,8,2,3,1,0,0,0,4,0,0
A,A,187,94,10,6,False,,7,7,173,0,0,9,0,2,2,0,0,0,4,0,0
A,A,165,83,10,9,False,,7,7,151,0,0,5,2,0,1,1,0,1,3,0,0
B,A,222,111,7,10,False,,8,9,205,0,0,7,0,0,0,1,0,0,1,0,0
A,A,137,69,10,3,False,,7,6,124,1,2,5,1,1,0,0,0,1,3,0,0
B,A,256,128,6,10,False,,7,4,245,0,0,8,1,1,2,1,0,1,5,0,0
B,A,286,143,9,10,False,,7,6,273,0,0,3,0,1,1,0,0,2,4,0,0
B,B,231,116,9,10,False,,7,5,215,0,0,7,0,2,1,1,0,0,4,0,0
B,B,179,90,6,10,True,,7,4,166,0,0,8,2,1,1,1,0,2,5,0,0
A,B,230,115,10,8,False,,12,1,217,0,0,2,0,1,0,0,2,0,3,0,0
B,B,171,86,5,10,False,B,8,6,155,0,0,5,1,1,0,2,1,0,4,1,0
A,B,164,83,10,9,False,,10,0,153,0,0,6,1,0,1,2,0,2,5,0,0
B,B,186,94,7,10,False,,8,1,176,0,0,4,1,1,0,2,1,2,6,0,0
A,B,220,110,10,5,False,,7,4,209,0,0,7,1,1,2,0,1,0,4,0,0
B,A,200,100,6,10,False,B,5,4,188,0,0,5,0,1,1,2,0,2,6,1,0
A,B,126,63,10,5,False,,8,5,113,0,0,5,2,0,2,0,4,0,6,0,0
A,B,214,107,10,8,False,,8,7,199,0,0,7,1,1,0,0,0,1,2,0,0
A,A,197,99,10,4,False,,5,8,184,0,0,9,0,0,2,0,1,0,3,0,0
B,A,164,82,8,10,False,,8,7,149,0,0,6,1,0,1,1,0,0,2,0,0
A,A,137,69,10,5,False,,11,2,124,0,0,7,1,0,2,0,2,1,5,0,0
B,A,204,102,5,10,False,,9,3,192,0,0,7,0,1,1,0,0,3,5,0,0
A,A,176,89,10,9,False,B,5,1,168,0,0,8,1,1,1,2,2,1,7,1,0
B,A,126,64,5,10,False,,7,5,114,0,0,3,0,0,1,1,0,1,3,0,0
B,B,163,82,6,10,False,,7,4,151,0,0,3,1,0,0,1,0,2,3,0,0
A,B,210,105,10,8,False,,9,8,193,0,0,7,2,1,0,0,0,0,1,0,0
A,B,308,154,10,9,False,,8,3,297,1,2,8,1,2,1,0,0,2,5,1,0
A,A,181,91,10,9,True,B,9,4,166,0,0,9,2,1,0,2,0,0,3,1,0
A,B,242,121,10,7,False,B,8,5,229,0,0,5,0,0,1,1,0,0,2,1,0
A,B,238,119,10,9,False,,8,4,226,0,0,8,0,1,2,0,1,0,4,0,0
A,B,194,97,10,7,False,,7,5,182,0,0,6,1,2,1,1,0,1,5,0,0
A,B,204,102,10,8,False,,11,1,192,0,0,7,0,2,1,0,0,2,5,0,0
B,B,147,74,7,10,False,B,9,3,133,0,0,7,1,1,0,1,0,1,3,1,0
A,A,203,102,10,7,False,,7,7,187,0,0,4,0,2,0,0,0,1,3,0,0
B,B,235,118,6,10,False,,11,2,221,0,0,6,0,0,1,1,0,0,2,0,0
B,A,246,124,9,10,False,,5,7,234,0,0,5,1,0,1,1,0,1,3,0,0
A,B,134,68,10,6,False,B,5,4,125,0,0,5,1,1,0,1,0,2,4,1,0
A,B,154,77,10,5,False,B,6,2,146,0,0,5,2,2,1,0,0,1,4,1,0
A,B,154,77,10,7,False,,4,4,145,0,0,4,1,0,1,3,1,1,6,0,0
B,A,190,95,8,10,False,,7,4,179,0,0,5,0,2,1,1,2,0,6,0,0
B,B,185,93,8,10,False,,10,5,169,0,0,5,0,0,2,1,0,1,4,0,0
B,A,160,80,4,10,False,,9,5,146,0,0,5,0,1,1,1,0,1,4,0,0
B,B,158,80,8,10,False,B,5,8,143,0,0,8,1,0,0,1,1,1,3,1,0
B,B,195,98,7,10,False,,11,3,178,0,0,5,0,1,0,1,0,1,3,0,0
B,A,138,70,7,10,False,,4,9,125,0,0,6,1,0,2,2,1,1,6,0,0
A,A,173,87,10,8,False,,7,2,162,0,0,7,1,2,0,2,1,1,6,0,0
B,B,137,69,4,10,False,,4,3,128,0,0,3,0,0,1,3,0,1,5,0,0
B,A,62,31,1,10,False,,7,0,55,0,0,2,1,0,0,0,0,0,0,0,0
B,B,191,96,8,10,False,,8,5,175,0,0,5,1,0,1,1,0,2,4,0,0
B,A,152,76,5,10,False,,6,6,140,0,0,5,1,1,1,0,1,1,4,0,0
B,B,221,111,8,10,False,,10,6,205,0,0,5,0,0,0,0,0,0,0,0,0
B,A,262,131,7,10,False,A,4,7,251,0,0,6,0,0,3,0,0,1,4,1,0
B,B,191,96,7,10,False,,8,3,180,0,0,5,1,1,1,1,1,1,5,0,0
B,A,180,90,6,10,False,,7,6,167,0,0,8,0,0,1,1,0,1,3,0,0
B,B,162,82,7,10,False,,9,2,150,0,0,6,0,1,1,1,1,0,4,0,0
A,A,311,156,10,9,False,B,9,7,295,0,0,8,0,0,0,0,0,0,0,1,0
B,B,199,100,7,10,False,,6,7,186,0,0,5,0,2,0,0,2,0,4,0,0
B,B,232,117,7,10,False,,11,3,216,0,0,6,0,0,2,1,1,1,5,0,0
B,A,270,135,8,10,False,,5,8,257,0,0,9,0,2,1,0,0,1,4,0,0
B,B,237,119,8,10,False,,10,2,225,0,0,5,1,1,1,0,1,1,4,0,0
A,B,112,56,10,5,False,B,7,3,102,0,0,4,2,0,0,1,1,0,2,1,0
B,B,289,145,8,10,False,,12,2,275,0,0,6,0,1,1,0,1,1,4,0,0
B,B,248,125,8,10,False,,9,3,235,0,0,5,0,0,1,1,0,2,4,0,0
B,B,251,126,9,10,False,,7,4,240,0,0,6,0,1,2,0,2,0,5,0,0
B,A,126,63,7,10,False,,8,5,110,0,0,7,0,1,1,2,0,0,4,0,0
A,A,85,43,10,5,False,,3,8,74,0,0,7,2,0,1,1,0,0,2,0,0
A,A,151,76,10,7,False,,9,5,137,0,0,4,1,0,0,1,1,1,3,0,0
B,A,282,141,7,10,False,,6,9,267,0,0,6,0,1,1,1,0,1,4,0,0
B,B,167,84,8,10,False,,8,2,156,0,0,8,1,1,0,1,1,0,3,0,1
A,A,167,84,10,7,True,B,5,5,157,0,0,8,2,1,3,0,1,0,5,1,0
B,A,190,95,8,10,False,,7,4,179,0,0,7,1,0,2,0,1,0,3,0,0
A,A,151,76,10,8,False,,7,4,140,0,0,6,2,0,0,1,1,0,2,0,0
B,A,244,123,8,10,False,,7,7,230,0,0,8,0,0,1,1,2,0,4,0,0
B,B,204,103,7,10,False,,8,6,189,0,0,6,0,1,1,1,0,1,4,0,0
A,B,200,100,10,8,False,B,8,6,186,0,0,6,0,3,1,0,0,0,4,1,0
A,B,146,73,10,9,False,,11,1,131,0,0,7,2,0,1,1,2,0,4,0,0
B,B,161,81,5,10,False,,7,0,151,0,0,8,1,2,1,1,1,1,6,0,0
B,A,226,113,5,10,False,,9,2,215,0,0,5,0,1,0,1,0,2,4,0,0
A,A,241,121,10,9,False,,8,5,226,0,0,7,1,1,0,0,1,1,3,0,0
B,B,236,119,8,10,False,B,6,7,218,0,0,9,0,0,0,1,1,1,3,1,0
B,B,167,84,6,10,False,B,7,5,154,0,0,8,1,2,0,1,0,1,4,1,0
B,B,243,122,8,10,False,,12,2,229,0,0,6,1,0,1,0,1,0,2,0,0
A,B,140,70,10,8,False,,9,0,129,0,0,6,1,2,1,1,0,1,5,0,0
B,B,311,156,9,10,False,,10,5,296,0,0,7,0,1,0,0,2,0,3,0,0
B,B,235,118,9,10,False,,13,2,220,0,0,9,0,1,0,0,0,1,2,0,0
A,A,245,123,10,9,False,B,9,3,233,0,0,7,0,2,0,0,1,0,3,1,0
B,A,162,81,6,10,False,,9,6,147,0,0,10,0,2,0,1,1,1,5,0,0
B,B,225,113,5,10,False,,7,3,215,0,0,7,0,1,1,0,3,1,6,0,0
B,B,180,91,6,10,False,,7,5,168,0,0,5,0,0,1,1,1,0,3,0,0
A,B,134,68,10,7,False,B,4,5,124,0,0,9,2,0,1,3,2,0,6,1,0
A,A,293,147,10,8,False,,7,4,282,0,0,3,1,2,2,0,2,0,6,0,0
B,A,228,114,8,10,False,,9,3,216,0,0,6,0,3,0,0,0,1,4,0,0
B,B,169,85,7,10,False,,7,3,155,0,0,8,0,0,1,3,1,0,5,0,1
B,B,277,139,8,10,False,,5,4,268,1,2,6,1,2,1,1,0,1,6,0,0
B,A,104,52,3,10,False,,9,3,92,0,0,4,1,0,0,1,1,1,3,0,0
B,B,154,78,5,10,False,,8,1,144,0,0,6,0,2,0,2,1,0,5,0,1
A,A,153,77,10,6,False,,9,2,142,0,0,9,1,0,2,0,2,0,4,0,0
B,B,173,87,8,10,False,,11,4,158,0,0,6,0,1,1,0,0,2,4,0,0
B,B,187,94,6,10,False,B,6,7,174,0,0,7,0,0,2,0,1,1,4,1,0
B,A,138,69,8,10,False,,10,4,121,0,0,6,0,2,0,2,0,0,4,0,0
A,B,234,117,10,8,False,,8,5,221,0,0,7,0,1,1,0,2,1,5,0,0
B,B,229,115,9,10,False,,5,7,217,0,0,4,0,2,0,1,1,1,5,0,0
B,B,192,97,8,10,False,,9,6,174,0,0,4,0,1,1,1,0,2,5,0,0
A,B,188,94,10,9,False,,12,2,174,0,0,7,0,0,0,0,1,1,2,0,0
B,A,180,90,5,10,False,,6,3,171,0,0,4,0,1,2,0,1,2,6,0,0
B,B,172,87,9,10,False,B,6,4,161,0,0,10,2,1,2,2,0,0,5,1,0
B,A,160,80,8,10,False,,7,4,145,0,0,5,1,0,1,2,1,1,5,0,0
B,A,276,138,9,10,False,,2,10,263,0,0,5,0,1,1,1,1,2,6,0,0
B,B,183,92,6,10,False,,8,4,170,0,0,6,0,0,1,2,1,1,5,0,0
B,B,117,59,6,10,False,,9,3,104,0,0,2,1,0,0,1,0,1,2,0,0
B,A,188,94,7,10,False,,7,3,178,0,0,7,0,3,2,1,0,1,7,0,0
B,A,160,80,5,10,False,,7,6,147,0,0,6,1,1,0,1,1,0,3,0,0
B,A,162,81,7,10,False,,9,4,149,0,0,6,3,2,0,0,1,0,3,0,0
B,A,160,80,7,10,False,,9,0,151,0,0,7,1,2,2,1,0,0,5,0,0
B,B,251,126,9,10,False,,8,4,239,0,0,5,1,1,0,0,1,2,4,0,0
A,A,191,96,10,9,False,,6,7,174,0,0,5,2,1,1,0,1,1,4,0,0
B,A,176,89,7,10,False,,5,4,167,0,0,4,0,0,1,1,2,1,5,0,1
A,A,103,52,10,1,False,,6,5,92,0,0,3,1,1,0,0,1,0,2,0,0
A,B,234,117,10,9,False,,4,5,222,0,0,7,0,1,1,2,2,1,7,0,0
B,A,180,91,6,10,False,,8,4,168,0,0,5,0,2,0,2,1,0,5,0,0
A,A,277,139,10,9,False,,8,0,269,0,0,9,1,2,0,0,0,3,5,0,0
B,A,226,113,5,10,False,,6,6,214,0,0,6,2,0,1,1,1,0,3,0,0
B,A,124,62,3,10,False,B,5,3,116,0,0,5,2,1,1,0,2,0,4,1,0
B,A,186,93,8,10,False,,8,5,173,0,0,6,1,2,0,1,0,0,3,0,0
B,A,124,62,5,10,False,B,6,3,111,0,0,7,2,0,1,1,0,3,5,1,0
B,B,209,105,7,10,False,,6,8,191,0,0,4,0,1,1,1,0,1,4,0,0
A,A,99,50,10,2,False,,10,2,87,0,0,5,1,0,1,0,0,1,2,0,0
B,B,235,118,7,10,False,,7,6,222,0,0,6,1,0,1,0,1,1,3,0,0
A,B,174,87,10,6,False,,12,0,162,0,0,3,0,0,2,0,1,0,3,0,1
A,B,214,107,10,9,False,,12,2,200,0,0,8,0,2,0,0,0,1,3,0,1
B,A,204,102,9,10,False,,15,2,187,0,0,7,0,1,0,0,0,0,1,0,0
A,B,190,95,10,5,False,,4,8,176,0,0,7,0,1,0,2,1,1,5,0,0
B,A,192,96,8,10,False,,8,0,181,0,0,5,0,0,1,3,1,2,7,0,0
B,A,216,108,6,10,False,,6,7,203,0,0,4,1,0,0,1,1,1,3,0,0
B,A,158,79,8,10,False,B,11,3,144,0,0,5,2,0,0,0,1,2,3,1,0
B,A,186,94,7,10,False,,8,2,173,0,0,4,0,0,2,2,1,1,6,0,0
B,B,223,112,9,10,False,B,5,6,212,0,0,6,1,1,1,0,2,0,4,1,0
B,B,231,116,7,10,False,,10,4,217,0,0,5,0,0,1,1,0,0,2,0,0
B,A,246,123,9,10,False,,6,3,237,0,0,4,0,0,1,1,1,2,5,0,0
B,A,176,88,7,10,False,,11,0,165,0,0,4,0,0,0,2,0,1,3,0,0
A,B,260,130,10,7,False,,8,3,249,0,0,9,0,0,1,0,1,1,3,0,0
A,B,172,87,10,8,False,,7,1,160,0,0,8,0,0,1,2,0,3,6,0,1
B,A,248,124,6,10,False,,9,2,237,0,0,6,0,1,2,0,1,1,5,0,0
B,A,214,107,8,10,False,,3,9,202,0,0,5,1,0,0,1,1,1,3,0,0
A,A,165,83,10,6,False,B,7,4,154,0,0,7,1,1,1,0,1,0,3,1,0
B,A,224,112,8,10,False,,9,2,213,0,0,6,0,1,1,0,3,0,5,0,0
B,B,228,115,6,10,False,,12,1,214,0,0,4,1,0,1,1,0,1,3,0,0
B,A,202,102,7,10,False,,7,1,194,0,0,4,0,1,1,1,1,1,5,0,0
B,B,127,64,6,10,False,B,8,3,114,0,0,4,1,0,1,1,1,0,3,1,0
A,B,190,95,10,7,False,,4,8,178,0,0,5,1,1,2,0,1,0,4,0,0
B,A,192,96,4,10,False,B,7,5,180,0,0,7,0,0,0,1,0,2,3,1,0
A,B,152,76,10,3,False,,9,3,140,0,0,6,1,1,1,0,2,0,4,0,0
A,A,211,106,10,8,False,B,9,2,200,0,0,8,1,0,2,0,1,2,5,1,0
A,A,237,119,10,6,False,,6,5,226,0,0,5,0,1,1,0,0,1,3,0,0
B,B,168,85,6,10,False,,5,4,158,0,0,7,0,1,1,2,0,0,4,0,0
B,B,168,85,6,10,False,,11,2,154,0,0,4,0,0,0,2,0,0,2,0,0
B,B,199,100,8,10,False,,5,7,185,0,0,8,1,0,0,1,1,1,3,0,0
A,B,180,90,10,6,False,,9,2,169,0,0,2,0,2,1,1,1,0,5,0,0
B,B,193,97,8,12,False,,8,3,181,0,0,3,1,0,2,1,1,0,4,0,0
B,A,160,80,6,10,False,,10,4,146,0,0,3,0,1,1,0,0,3,5,0,0
B,A,156,78,4,10,False,,6,6,144,0,0,7,0,1,1,1,1,1,5,0,0
A,A,167,84,10,5,False,,6,5,156,0,0,6,2,1,0,0,0,1,2,0,0
A,B,234,117,10,8,False,,7,5,222,0,0,9,0,0,0,0,1,2,3,0,0
B,B,257,129,7,10,False,,4,7,244,0,0,5,0,1,0,1,0,3,5,0,0
B,A,132,67,6,10,False,,8,4,120,0,0,4,1,1,0,1,2,0,4,0,0
B,B,210,106,9,10,False,,5,6,197,0,0,7,0,2,1,2,0,2,7,0,0
B,A,228,114,7,10,False,,5,6,217,0,0,4,0,2,1,1,1,0,5,0,0
B,A,220,110,9,10,False,,5,4,211,0,0,8,0,3,0,0,0,1,4,0,0
B,B,275,138,9,10,False,,6,6,263,0,0,5,1,0,0,0,3,0,3,0,0
B,A,222,111,8,10,False,,6,3,213,0,0,6,1,0,2,1,2,1,6,0,0
B,B,253,127,8,10,False,B,7,2,244,0,0,7,1,1,2,0,1,0,4,1,0
B,B,145,73,6,10,False,B,7,4,134,0,0,4,2,2,0,1,1,0,4,1,0
A,A,243,122,10,7,False,,9,5,229,0,0,4,0,0,1,0,1,0,2,0,0
B,A,182,92,6,10,False,,11,6,165,0,0,4,0,0,0,1,0,1,2,0,0
B,B,163,82,6,10,False,,8,2,147,0,0,4,2,1,0,1,1,1,4,0,0
B,A,204,102,6,10,False,,7,6,191,0,0,4,0,0,0,1,1,1,3,0,0
B,A,158,80,7,10,False,,11,3,144,0,0,6,0,0,0,2,0,0,2,0,0
B,A,210,105,7,10,False,,6,5,199,0,0,8,0,2,0,1,0,2,5,0,1
A,B,208,104,10,8,False,,7,6,195,0,0,5,1,0,2,0,2,0,4,0,0
A,B,236,118,10,7,False,,5,5,226,0,0,2,1,0,0,0,2,1,3,0,0
B,B,231,116,4,10,False,,7,4,220,0,0,6,0,2,1,0,0,1,4,0,0
B,A,200,100,6,10,False,,10,1,189,0,0,5,1,0,1,1,0,2,4,0,0
B,B,171,86,9,10,True,,6,6,158,1,2,8,2,1,1,1,0,0,3,1,0
A,B,150,75,11,4,False,,5,5,140,0,0,5,3,2,1,0,2,0,5,0,0
B,B,208,105,8,12,False,B,4,9,191,0,0,7,2,1,0,3,0,0,4,1,1
B,A,156,79,8,10,False,,10,4,141,0,0,6,0,1,2,2,0,0,5,0,0
B,B,271,136,7,10,False,,2,10,259,0,0,4,0,1,2,1,1,2,7,0,0
B,A,192,96,8,10,False,B,4,7,181,0,0,6,1,1,2,1,1,0,5,1,0
A,A,197,99,10,9,False,,9,5,181,0,0,8,1,0,0,1,1,0,2,0,0
A,A,135,68,10,7,True,B,7,6,122,0,0,6,1,0,0,0,1,1,2,1,0
A,B,188,94,10,8,False,,8,6,174,0,0,6,1,1,1,0,0,1,3,0,0
A,A,169,85,10,5,False,,8,4,157,0,0,7,1,0,2,0,2,0,4,0,0
A,A,193,97,10,7,False,,8,4,181,0,0,8,1,1,0,0,2,0,3,0,0
B,A,182,91,6,10,False,,7,2,173,0,0,4,0,0,1,2,1,1,5,0,0
A,B,170,85,10,5,False,,8,5,157,0,0,3,1,1,0,0,1,1,3,0,0
B,B,101,51,3,10,False,,10,3,88,0,0,3,1,0,0,0,2,0,2,0,0
A,A,105,53,10,6,False,B,11,1,93,0,0,6,2,1,1,0,1,0,3,1,0
A,B,104,52,10,2,False,,7,7,90,0,0,2,1,0,1,0,1,1,3,0,0
A,A,202,102,10,9,False,,7,6,186,0,0,6,0,0,0,1,0,2,3,0,0
B,B,161,81,5,10,False,,6,4,149,0,0,4,0,1,1,1,1,0,4,0,0
B,B,257,129,9,11,False,,7,6,241,0,0,6,1,0,2,1,0,1,4,0,0
A,B,218,109,11,8,False,,7,2,209,0,0,3,3,0,0,2,2,1,5,0,0
B,A,138,69,6,10,False,,9,2,127,0,0,6,1,1,0,1,0,0,2,0,0
B,B,185,93,7,10,False,B,5,5,174,0,0,3,1,1,1,1,1,1,5,1,1
A,A,137,69,10,6,False,,5,3,129,1,2,5,1,1,1,1,1,1,5,1,0
A,B,172,87,10,7,False,,7,5,158,0,0,5,1,1,1,2,1,0,5,0,0
A,A,257,129,10,8,False,,9,7,241,0,0,9,0,0,0,0,1,3,4,0,0
A,A,237,119,10,8,False,,8,4,225,0,0,7,1,1,1,0,2,0,4,0,0
B,A,180,91,6,10,False,,5,4,171,0,0,6,0,1,3,2,0,0,6,0,0
B,A,230,115,8,10,False,,3,6,221,0,0,6,0,0,0,2,2,1,5,0,0
A,B,242,121,10,6,False,,6,4,232,0,0,7,2,0,3,0,1,1,5,0,0
B,B,185,93,8,10,False,,9,4,172,0,0,6,1,1,0,1,1,0,3,0,0
B,A,228,114,8,10,False,B,11,2,215,0,0,11,0,1,0,0,1,1,3,1,0
B,B,203,102,8,10,False,B,12,1,190,0,0,8,0,0,2,0,1,0,3,1,0
A,A,271,136,10,9,False,,5,6,260,0,0,6,0,3,1,0,0,2,6,0,0
B,B,181,91,6,10,False,,6,5,168,1,2,6,0,1,1,2,0,0,5,0,0
A,B,154,77,10,4,False,,6,6,142,0,0,7,1,0,0,1,1,3,5,0,0
B,B,183,92,5,10,False,,7,3,171,0,0,5,0,2,1,2,2,0,7,0,0
B,A,192,96,8,10,False,B,8,6,178,0,0,5,1,0,1,1,0,0,2,1,0
A,A,193,97,10,8,False,,5,4,184,0,0,8,1,2,1,0,2,0,5,0,0
A,B,232,116,10,9,False,,6,7,217,0,0,6,0,1,0,2,1,1,5,0,0
B,A,138,69,3,10,False,B,7,4,127,0,0,6,2,2,0,0,1,0,3,1,0
A,B,160,80,10,4,False,,11,0,149,0,0,4,2,0,2,0,1,1,4,0,0
B,B,169,85,7,10,False,,9,3,155,0,0,5,0,1,1,1,1,0,4,0,0
A,B,222,111,10,7,False,,7,6,209,0,0,3,1,1,0,0,0,1,2,0,0
B,B,123,62,6,10,False,B,3,5,114,0,0,5,2,2,0,2,1,0,5,1,0
A,A,126,64,10,7,False,,6,5,114,0,0,4,1,1,1,3,0,0,5,0,0
B,B,239,120,6,10,False,B,10,3,226,0,0,4,0,1,2,0,1,1,5,1,0
A,B,218,109,10,8,False,,6,5,207,0,0,6,2,0,1,0,2,1,4,0,0
B,A,256,128,8,10,False,,7,5,244,0,0,5,0,1,2,0,1,1,5,0,0
A,A,251,126,10,7,False,,6,6,239,0,0,6,0,1,2,0,1,0,4,0,0
B,A,194,97,8,10,False,,6,7,181,0,0,1,2,1,0,2,0,1,4,0,0
A,A,147,74,10,8,False,,4,2,139,0,0,4,2,2,0,3,1,1,7,0,0
A,A,291,146,10,8,False,,4,9,276,0,0,7,2,0,2,1,1,0,4,0,0
A,A,77,39,10,0,False,,5,2,70,0,0,3,1,0,1,0,1,1,3,0,1
A,A,183,92,10,6,False,,9,3,168,0,0,4,0,0,2,1,1,1,5,0,0
B,A,202,101,8,10,False,,8,5,189,0,0,3,0,2,2,1,0,0,5,0,0
B,B,231,116,7,10,False,,7,3,220,0,0,6,1,1,0,1,2,1,5,0,0
A,B,102,51,10,4,False,,8,1,93,0,0,4,2,1,1,0,1,0,3,0,0
B,A,186,93,7,10,False,B,5,3,178,0,0,5,1,2,2,1,0,1,6,1,0
B,B,179,90,6,10,False,B,11,3,165,0,0,6,1,1,0,0,1,1,3,1,0
B,A,238,119,8,10,False,,9,1,228,0,0,6,0,1,0,1,2,1,5,0,0
B,B,241,121,8,10,False,,8,4,229,0,0,7,0,2,0,0,0,0,2,0,0
B,A,150,75,8,11,False,,6,5,139,0,0,7,1,3,1,2,0,0,6,0,0
B,A,182,91,7,10,False,,6,5,171,0,0,8,0,0,1,2,1,1,5,0,0
A,B,112,56,10,3,False,,8,0,104,0,0,3,2,0,1,1,0,4,6,0,0
B,B,265,133,9,10,False,B,7,7,251,0,0,6,1,1,1,0,1,0,3,1,0
B,B,309,155,9,10,False,,7,6,296,0,0,7,1,0,2,0,1,3,6,0,0
B,B,233,117,8,12,False,,7,8,218,0,0,8,1,0,1,0,2,0,3,0,0
B,B,202,102,9,10,False,B,5,5,192,0,0,9,2,0,0,2,1,1,4,1,1
B,A,218,109,6,10,False,B,5,5,208,0,0,3,1,3,0,0,0,1,4,1,0
A,B,294,147,10,9,False,A,6,5,283,0,0,6,0,1,2,0,1,3,7,1,0
A,A,255,128,11,9,False,,6,7,242,0,0,8,1,0,0,4,0,2,6,0,0
A,A,255,128,10,7,False,,6,7,242,0,0,3,1,0,2,0,0,1,3,0,0
B,A,250,125,8,10,False,,10,3,237,0,0,6,0,1,1,0,0,1,3,0,0
A,B,288,144,10,9,False,A|B,6,7,275,0,0,7,1,1,0,0,0,1,2,2,0
B,B,202,102,6,10,False,,7,4,191,0,0,7,0,0,2,2,0,2,6,0,0
B,A,196,98,7,10,False,,4,7,185,0,0,7,1,1,0,1,1,1,4,0,0
B,A,162,81,5,10,False,B,8,4,150,0,0,5,0,0,1,1,0,0,2,1,0
B,A,226,113,5,10,False,,9,4,213,0,0,7,0,0,0,2,1,0,3,0,0
A,B,136,69,10,5,False,,6,7,123,0,0,5,1,1,1,1,1,0,4,0,0
A,A,245,123,10,8,False,B,5,6,234,0,0,4,1,1,1,0,1,0,3,1,0
B,A,160,80,7,10,False,,8,5,147,0,0,4,0,0,0,1,2,0,3,0,0
A,B,174,87,10,7,False,,8,5,161,0,0,5,1,0,1,0,1,1,3,0,0
B,B,229,115,9,10,False,,10,4,215,0,0,7,2,0,0,0,1,1,2,0,0
A,B,158,79,10,6,False,B,11,3,144,0,0,6,3,0,1,0,0,1,2,1,0
B,B,183,92,7,10,False,,8,5,169,0,0,4,0,0,0,1,2,0,3,0,0
A,A,181,91,10,9,False,,6,2,173,0,0,5,1,0,1,1,1,2,5,0,0
B,A,214,107,8,10,False,,6,5,203,0,0,6,1,0,2,1,0,1,4,0,0
B,B,146,74,6,10,False,,4,5,135,0,0,7,0,1,0,3,0,0,4,0,0
B,B,149,75,7,10,False,,6,5,133,0,0,6,0,0,2,3,0,1,6,0,0
B,A,192,96,9,10,True,,9,3,180,0,0,4,2,1,1,1,0,0,3,0,0
B,A,172,86,7,10,False,,8,7,157,0,0,6,1,0,0,1,0,1,2,0,0
B,A,260,130,7,10,False,,5,7,248,1,2,8,0,1,0,0,3,1,6,0,0
A,A,249,125,10,8,False,B,6,3,240,0,0,7,1,1,0,0,1,2,4,1,0
B,A,196,98,8,10,False,,7,4,185,0,0,6,0,1,1,0,2,0,4,0,0
B,A,120,60,8,10,False,,7,2,111,0,0,9,1,1,2,1,0,0,4,0,1
B,B,186,94,7,10,False,,7,5,174,0,0,3,1,1,1,1,0,0,3,0,0
B,B,205,103,6,10,False,,9,3,193,0,0,4,0,1,2,0,0,0,3,0,0
B,B,147,74,5,10,False,,10,1,133,0,0,6,0,1,0,1,2,0,4,0,0
B,A,262,131,9,10,False,,8,7,247,0,0,5,0,0,0,0,2,0,2,0,0
B,A,182,91,5,10,False,B,7,4,171,0,0,7,0,1,1,2,0,1,5,1,0
B,B,140,71,7,10,False,,9,1,126,0,0,4,0,3,1,2,0,1,7,0,0
B,A,158,79,7,10,False,B,8,3,147,0,0,9,1,0,0,1,1,1,3,1,0
B,B,200,101,7,10,False,,9,3,187,0,0,6,1,0,0,1,1,2,4,0,0
B,B,187,94,8,10,False,,10,3,171,0,0,6,0,0,1,1,1,0,3,0,0
A,B,142,71,10,2,False,,7,2,133,0,0,6,1,2,2,1,2,1,8,0,0
B,A,152,76,5,10,False,,10,2,140,0,0,4,2,0,0,1,0,0,1,0,0
B,A,202,101,8,10,False,B,7,7,188,0,0,5,1,1,1,0,1,0,3,1,0
B,A,222,112,9,12,False,,10,7,205,0,0,4,2,0,0,2,0,0,2,0,0
B,B,221,111,8,10,False,B,10,2,209,0,0,9,1,2,0,0,1,0,3,1,0
B,A,190,95,4,10,False,B,7,5,178,0,0,4,1,2,1,1,0,0,4,1,0
B,B,181,91,6,10,False,B,6,5,169,0,0,5,1,0,0,1,2,1,4,1,0
B,A,178,89,5,10,False,,6,3,169,0,0,7,0,1,0,1,3,2,7,0,0
B,B,194,98,8,10,False,,9,0,183,0,0,4,1,1,1,1,1,1,5,0,0
B,A,184,93,8,10,False,,5,4,175,0,0,5,1,0,0,1,2,2,5,0,0
A,B,202,101,10,8,False,B,5,7,190,0,0,6,1,1,0,0,0,2,3,1,0
A,A,149,75,10,8,False,,9,4,136,0,0,4,2,0,0,2,0,3,5,0,0
A,A,193,97,10,9,False,,8,3,182,0,0,7,1,0,1,0,4,0,5,0,0
A,A,189,95,10,8,False,,8,5,176,0,0,6,0,0,0,1,2,1,4,0,0
B,B,179,90,5,10,False,B,8,3,168,0,0,5,1,1,2,0,1,0,4,1,0
B,A,170,86,7,10,False,,6,4,158,0,0,9,1,0,1,3,2,1,7,0,0
B,A,188,94,8,10,False,,10,4,174,0,0,6,1,1,1,1,1,0,4,0,0
B,B,223,112,9,10,False,,9,6,208,0,0,5,0,0,1,0,0,1,2,0,0
A,A,91,46,10,1,False,,5,4,82,0,0,4,1,1,1,0,1,1,4,0,0
B,A,226,113,7,10,False,,10,3,213,0,0,6,1,2,0,0,0,1,3,0,0
B,A,182,91,5,10,False,B,6,4,172,0,0,6,0,0,1,1,1,2,5,1,0
A,B,278,139,10,8,False,,9,4,265,0,0,5,0,1,1,0,0,1,3,0,0
B,A,160,81,8,10,False,,9,3,144,0,0,7,0,1,0,3,0,0,4,0,0
A,B,140,70,10,6,False,B,6,3,127,0,0,3,1,1,0,1,1,2,5,1,1
A,B,144,72,10,5,False,B,7,4,133,0,0,5,2,0,0,0,1,1,2,1,0
B,B,205,103,7,10,False,,6,5,192,0,0,5,0,1,1,1,0,1,4,0,0
B,B,183,92,8,10,False,,10,3,168,0,0,5,0,1,1,1,0,1,4,0,1
B,A,216,108,7,10,False,,8,4,204,0,0,7,0,0,1,1,2,0,4,0,0
B,B,205,103,8,10,False,,6,4,195,1,2,7,0,2,1,0,1,0,5,0,0
A,B,228,115,10,7,False,,4,7,214,0,0,8,1,0,1,2,0,0,3,0,0
A,B,186,93,10,8,False,,6,3,176,0,0,7,1,1,1,1,3,0,6,0,0
B,A,182,91,8,10,False,B,7,3,172,0,0,9,0,0,1,1,1,1,4,1,0
A,B,214,107,10,7,False,,11,4,199,0,0,9,1,0,1,0,0,1,2,0,0
B,A,174,88,7,10,False,,10,2,162,0,0,5,0,0,1,1,0,0,2,0,0
A,B,236,118,10,7,False,,6,7,223,0,0,5,1,0,1,0,2,0,3,0,0
A,B,270,135,10,9,False,,8,7,255,0,0,5,0,2,0,0,1,2,5,0,0
B,A,136,69,9,10,True,,7,6,123,0,0,7,1,1,0,1,1,1,4,0,0
A,A,145,73,10,6,False,B,8,4,133,0,0,3,1,1,0,2,0,0,3,1,0
A,B,204,102,10,9,False,B,9,1,194,0,0,8,2,0,0,0,3,2,5,1,0
A,A,179,90,10,7,False,,5,6,168,0,0,8,1,1,1,1,2,1,6,0,0
A,A,185,93,10,8,False,,7,4,172,0,0,6,1,1,1,1,0,0,3,0,0
A,A,179,90,10,6,False,,7,3,168,0,0,5,1,1,1,1,1,2,6,0,0
A,B,170,85,10,7,False,,8,2,160,0,0,5,0,0,2,1,1,1,5,0,0
B,A,212,107,8,10,False,,7,5,200,0,0,7,0,0,0,2,2,1,5,0,0
B,A,184,92,5,10,False,,7,3,174,0,0,6,0,3,0,2,0,0,5,0,0
A,A,247,124,10,8,False,B,10,5,232,0,0,8,0,1,0,0,0,0,1,1,0
B,A,276,138,9,10,False,,9,5,262,0,0,7,1,0,0,0,2,1,3,0,0
A,A,229,115,10,8,False,,11,5,213,0,0,4,2,0,1,0,0,0,1,0,0
B,A,164,82,7,10,False,,9,2,153,0,0,8,0,1,0,3,0,1,5,0,0
B,B,236,119,9,10,False,A,6,6,222,0,0,11,0,1,1,1,0,1,4,1,0
B,A,128,64,4,10,False,,10,2,116,0,0,3,0,0,1,1,0,1,3,0,0
B,A,204,102,6,10,False,,10,7,187,0,0,6,0,0,0,0,0,2,2,0,0
B,B,163,82,6,10,False,,8,3,151,0,0,6,1,1,0,2,0,1,4,0,0
A,B,234,117,10,9,False,B,6,0,228,0,0,8,1,0,4,0,1,1,6,1,0
B,B,177,89,6,10,False,,7,6,159,0,0,8,0,1,1,1,0,3,6,0,0
A,B,178,89,10,7,False,,10,6,162,0,0,4,1,0,0,0,0,0,0,0,0
B,B,121,61,6,10,False,B,7,2,112,0,0,5,1,1,1,0,0,2,4,1,0
B,B,235,118,8,10,False,,8,4,221,0,0,4,0,2,0,0,0,1,3,0,0
B,A,194,97,8,10,False,B,9,4,181,0,0,7,0,0,0,1,1,1,3,1,0
B,A,210,105,9,10,False,,11,1,198,0,0,5,0,1,1,1,0,1,4,0,0
B,A,226,114,7,10,False,,10,4,212,0,0,5,1,0,1,1,0,2,4,0,0
B,B,221,111,7,10,False,,12,1,208,0,0,6,0,0,1,0,2,0,3,0,0
B,A,242,121,9,10,False,,5,5,232,0,0,3,0,1,1,0,3,1,6,0,0
B,A,186,93,7,10,False,,5,4,177,0,0,4,1,4,0,0,1,0,5,0,0
B,A,224,113,8,10,False,,9,3,212,0,0,6,1,1,0,1,0,0,2,0,0
A,A,135,68,10,7,False,B,6,7,122,0,0,3,1,0,2,0,0,0,2,1,0
A,B,118,59,10,2,False,,6,7,105,0,0,3,1,0,0,1,0,1,2,0,0
A,A,63,32,10,0,False,,7,4,52,0,0,4,1,0,0,0,1,0,1,0,0
A,B,184,92,10,7,False,,5,4,175,0,0,3,1,1,3,1,0,1,6,0,0
A,B,170,85,10,7,False,B,5,5,160,0,0,6,2,2,1,0,1,1,5,1,1
B,B,209,105,9,10,True,,8,3,195,0,0,7,1,1,1,2,0,0,4,0,0
B,B,166,84,5,10,False,,6,6,152,0,0,8,0,1,0,1,1,1,4,0,0
B,B,153,77,6,10,False,,9,5,137,0,0,3,0,1,0,2,0,0,3,0,0
B,A,240,121,7,10,False,,11,2,227,0,0,6,0,2,0,1,0,1,4,0,0
B,A,154,77,4,10,False,B,6,6,142,1,2,6,2,0,1,0,0,0,2,1,0
B,A,218,109,8,10,False,,5,6,207,0,0,5,0,0,1,1,3,1,6,0,0
B,B,235,118,8,10,False,,7,7,221,0,0,6,0,1,0,0,0,0,1,0,0
A,A,147,74,10,6,False,,11,4,132,0,0,7,1,0,1,0,1,1,3,0,0
B,A,186,94,7,10,False,,5,8,173,0,0,4,0,2,0,1,0,0,3,0,0
B,B,255,128,8,10,False,,12,2,241,0,0,7,1,2,1,0,1,0,4,0,0
B,B,241,121,7,10,False,B,8,6,225,0,0,8,0,1,0,0,0,1,2,1,1
A,B,272,136,10,9,False,,7,4,261,0,0,7,0,1,0,0,4,0,5,0,0
A,B,244,122,10,8,False,,6,7,231,0,0,4,1,0,2,0,2,1,5,0,0
A,B,286,143,10,6,False,,3,6,277,0,0,5,0,2,1,0,1,2,6,0,0
B,B,189,95,6,10,False,,11,3,174,0,0,8,0,0,1,1,2,1,5,0,0
A,B,194,97,10,5,False,B,6,4,184,0,0,2,2,1,0,0,1,0,2,1,0
B,B,173,87,8,10,True,,5,5,161,0,0,4,1,2,2,3,0,0,7,0,0
A,B,174,87,10,7,False,,6,4,162,0,0,5,1,1,1,3,0,0,5,0,0
B,B,214,108,7,10,False,B,7,5,202,0,0,4,1,0,2,1,0,1,4,1,0
A,A,161,81,10,7,False,,8,1,149,0,0,6,0,0,3,1,1,1,6,0,0
B,A,174,87,7,10,False,,8,4,162,0,0,6,0,0,1,2,0,1,4,0,0
B,B,145,73,5,10,False,,7,6,130,0,0,6,0,1,0,1,1,1,4,0,0
B,B,369,185,9,10,False,,5,2,362,0,0,8,0,1,2,0,2,2,7,0,0
B,B,165,83,7,10,False,,10,2,151,0,0,5,0,0,1,3,0,2,6,0,0
A,A,121,61,10,5,False,,9,3,108,0,0,2,1,1,2,1,2,0,6,0,0
A,A,139,70,10,7,False,,8,4,127,0,0,5,1,1,1,1,1,1,5,0,0
A,A,243,122,10,9,False,,4,3,236,1,2,4,1,2,1,0,2,2,7,1,0
B,A,144,72,7,10,False,,11,1,132,0,0,8,0,0,1,1,1,0,3,0,0
B,A,188,94,9,10,False,,8,3,177,0,0,6,1,1,1,2,1,0,5,0,0
A,B,220,110,10,9,False,,8,4,206,0,0,3,1,3,0,1,2,0,6,0,0
B,B,226,114,7,10,False,,7,2,213,0,0,6,1,2,1,2,1,1,7,0,0
A,A,177,89,10,4,False,,9,2,166,0,0,6,2,0,1,0,1,0,2,0,0
B,A,226,113,8,10,False,,8,2,216,0,0,3,0,0,2,0,1,1,4,0,0
A,B,104,52,10,3,False,,7,4,93,0,0,3,1,0,1,0,1,1,3,0,0
B,A,152,76,5,10,False,B,10,4,138,0,0,7,0,2,0,0,0,0,2,1,0
B,A,194,97,7,10,False,,7,6,181,0,0,6,0,3,1,1,0,0,5,0,0
B,B,331,166,9,10,False,,8,5,318,0,0,5,0,0,1,0,1,2,4,0,0
A,B,140,70,10,9,False,B,8,4,127,0,0,5,2,0,1,1,1,0,3,1,0
B,A,210,105,8,10,False,,8,6,196,0,0,5,0,1,2,0,0,0,3,0,0
B,B,185,93,9,10,False,B,8,6,171,0,0,4,0,1,1,0,1,1,4,1,0
B,A,236,118,9,10,False,A,9,3,224,0,0,5,0,2,0,0,1,0,3,1,1
B,B,105,53,4,10,False,,9,3,93,0,0,6,1,0,2,1,0,1,4,0,0
B,B,181,91,4,10,False,,5,5,170,0,0,4,0,1,2,2,0,0,5,0,0
B,A,174,87,5,10,False,,8,3,163,0,0,5,0,1,0,1,1,2,5,0,1
B,A,206,103,6,10,False,,10,5,191,0,0,5,0,1,0,0,0,1,2,0,0
B,A,150,75,7,10,False,B,4,2,144,1,2,5,2,0,1,1,0,2,5,1,0
B,B,131,66,6,12,False,B,10,5,114,0,0,7,2,0,0,1,1,0,2,1,0
A,B,132,66,10,6,False,B,7,5,120,0,0,3,1,0,0,0,2,1,3,1,0
B,B,134,68,7,10,False,B,7,5,119,0,0,5,1,0,0,2,1,1,4,1,0
B,A,302,151,9,10,False,,5,8,289,0,0,7,0,2,1,0,0,1,4,0,0
A,A,261,131,10,6,False,,9,3,249,0,0,7,1,1,0,0,1,3,5,0,0
B,A,188,94,7,10,False,B,9,2,177,0,0,6,1,2,2,0,0,0,4,1,0
B,A,224,112,9,10,False,,9,3,212,0,0,6,0,0,1,2,0,1,4,0,0
B,A,156,78,6,10,False,B,13,1,142,0,0,7,0,1,0,1,0,0,2,1,0
A,A,199,100,10,9,False,,4,4,189,0,0,7,0,0,3,2,1,2,8,0,0
B,A,216,108,5,11,False,,7,1,208,0,0,4,1,3,1,1,2,1,8,0,0
B,B,248,125,9,10,False,,8,3,235,0,0,7,0,1,1,1,2,0,5,0,0
B,B,207,104,7,10,False,,11,0,196,0,0,9,0,2,0,0,2,0,4,0,0
B,A,244,123,9,10,False,,9,4,231,0,0,6,0,0,2,1,0,0,3,0,0
B,A,210,105,7,10,False,,9,2,199,0,0,3,1,0,1,0,2,1,4,0,0
B,B,214,108,7,10,False,,10,3,201,0,0,4,1,0,0,1,2,1,4,0,0
B,B,171,86,8,10,False,,6,6,153,0,0,4,0,1,1,2,0,0,4,0,0
A,B,228,114,10,9,True,,7,2,219,0,0,1,2,2,2,0,0,0,4,0,0
B,B,179,90,6,10,False,,8,7,161,0,0,8,0,0,3,1,0,0,4,0,0
B,A,150,75,6,10,False,,9,3,138,0,0,6,0,0,1,1,0,1,3,0,0
B,A,180,90,9,10,False,,10,4,166,0,0,7,0,0,0,1,0,1,2,0,0
A,A,127,64,10,7,False,,9,3,112,0,0,4,1,0,1,2,1,0,4,0,0
B,A,258,129,7,10,False,B,5,8,245,1,2,9,0,0,0,0,0,2,3,1,0
B,B,253,127,9,10,False,,6,6,241,0,0,9,0,2,0,0,1,1,4,0,0
B,B,193,97,6,10,False,,9,3,181,0,0,6,0,1,0,1,0,0,2,0,0
B,A,114,58,4,10,False,,7,3,104,0,0,2,0,0,0,2,1,1,4,0,0
B,A,226,113,7,10,False,,9,7,210,0,0,9,0,1,1,0,1,0,3,0,0
B,A,220,110,7,10,False,B,10,5,205,0,0,7,1,1,0,0,0,0,1,1,0
B,B,245,123,6,10,False,,6,4,235,0,0,6,0,1,0,0,2,1,4,0,0
A,A,253,127,10,8,False,,10,4,239,0,0,4,0,1,1,0,0,1,3,0,0
B,A,228,114,9,10,False,,12,1,215,0,0,5,0,0,1,0,0,1,2,0,0
B,A,174,88,4,10,False,,9,3,160,0,0,5,1,0,0,2,0,1,3,0,0
B,B,273,137,7,10,False,,7,4,262,1,2,6,0,2,0,0,1,1,5,0,0
A,B,204,102,10,7,False,,9,3,192,0,0,3,0,1,0,0,1,1,3,0,0
A,B,250,125,10,9,False,,5,5,237,0,0,5,0,0,0,2,2,0,4,0,0
B,A,150,75,6,10,False,,9,5,136,0,0,4,0,0,0,1,1,1,3,0,0
B,B,177,89,7,10,False,,10,6,159,0,0,5,0,0,0,2,0,0,2,0,0
B,B,201,101,7,10,False,,6,3,189,0,0,10,0,1,1,1,2,1,6,0,0
B,B,193,97,5,10,False,B,7,10,176,0,0,8,0,1,0,0,0,1,2,1,0
B,B,162,82,8,10,False,,8,6,146,0,0,7,0,2,0,1,0,0,3,0,0
A,A,132,67,10,8,False,,7,6,117,0,0,5,0,1,1,2,0,0,4,0,0
B,A,202,101,8,10,False,,8,5,189,0,0,6,0,1,0,0,3,1,5,0,0
B,B,219,110,9,10,False,B,5,5,209,0,0,8,1,1,2,0,0,1,4,1,0
B,A,206,104,9,10,False,,9,2,195,0,0,4,0,1,2,1,1,0,5,0,0
B,A,182,92,9,10,True,,7,4,171,0,0,7,2,2,0,1,0,2,5,0,0
B,A,274,137,8,10,False,,4,5,265,0,0,9,0,2,1,0,2,2,7,0,0
A,A,151,76,10,4,False,,5,5,141,0,0,2,1,1,0,0,1,1,3,0,0
A,B,220,110,10,9,False,B,9,3,208,0,0,8,1,0,1,1,0,1,3,1,0
B,B,175,88,8,11,False,,9,5,161,0,0,6,2,1,2,0,0,0,3,0,0
A,B,178,90,10,8,False,A,6,8,163,0,0,8,1,0,1,2,0,1,4,1,0
B,A,224,112,7,10,False,,5,6,213,0,0,6,0,0,0,1,1,2,4,0,0
B,B,253,127,7,10,False,,8,4,241,0,0,7,0,1,0,1,0,1,3,0,0
B,B,275,138,9,10,False,,6,5,264,0,0,8,1,1,1,0,1,1,4,0,0
B,B,265,133,7,10,False,,6,6,253,0,0,9,0,1,3,0,1,0,5,0,0
A,B,112,56,10,4,False,,11,3,98,0,0,4,1,1,1,1,0,1,4,0,0
B,A,198,99,6,10,False,B,5,7,186,0,0,5,0,0,1,1,2,0,4,1,0
A,B,250,125,10,6,False,A,10,3,231,0,0,9,1,1,0,0,1,0,2,1,0
B,A,194,97,5,10,False,,10,4,180,0,0,7,1,2,0,0,1,1,4,0,0
A,A,183,92,10,5,False,,5,9,168,0,0,7,1,1,0,1,1,0,3,0,0
B,B,227,114,7,10,False,,10,4,213,0,0,5,0,3,0,0,0,2,5,0,0
B,B,169,85,5,10,False,,7,6,155,0,0,6,1,0,1,1,0,1,3,0,0
A,A,243,122,10,8,False,,4,7,228,0,0,6,0,1,0,1,0,1,3,0,0
B,A,208,104,8,10,False,,10,3,195,0,0,6,1,1,0,1,1,1,4,0,0
A,B,240,120,10,6,False,B,7,4,229,0,0,6,1,2,0,0,0,2,4,1,0
B,A,180,90,6,10,False,,6,5,169,0,0,5,1,1,0,2,0,2,5,0,0
B,A,196,98,6,10,False,,6,2,188,1,2,6,0,0,1,3,1,0,6,0,0
B,B,231,116,8,10,False,,7,5,217,0,0,6,0,1,0,1,0,1,3,0,0
A,A,135,68,10,6,True,B,6,5,124,0,0,6,3,0,0,0,1,0,1,1,0
B,B,143,72,4,10,False,B,8,2,130,0,0,7,0,1,0,2,0,2,5,1,0
B,B,241,121,8,10,False,,8,7,226,0,0,5,1,1,1,0,0,0,2,0,0
A,B,84,42,10,0,False,,4,2,78,0,0,3,1,2,0,0,0,2,4,0,0
A,B,160,80,10,5,False,B,8,1,151,1,2,5,2,1,0,0,0,0,2,1,0
A,A,225,113,10,7,False,B,9,4,212,0,0,7,1,1,0,0,2,1,4,1,0
A,A,215,108,10,7,False,,7,2,205,0,0,5,0,0,5,1,1,1,8,0,0
A,A,243,122,10,9,False,,9,3,231,0,0,4,1,0,0,0,1,2,3,0,0
A,B,124,62,10,6,False,,5,5,114,0,0,4,2,1,0,2,0,0,3,0,0
B,A,216,108,9,10,False,,7,6,203,0,0,7,0,0,2,1,0,1,4,0,0
A,B,206,103,10,9,False,,5,2,197,0,0,4,1,2,1,1,2,0,6,0,0
B,B,175,88,3,10,False,,10,2,162,0,0,6,1,1,0,1,0,0,2,0,0
A,B,224,112,10,9,False,,6,6,212,0,0,6,0,0,0,1,1,3,5,0,0
B,B,229,115,8,10,False,,4,10,215,0,0,3,0,0,1,0,1,0,2,0,0
B,B,181,91,9,10,False,,7,4,166,0,0,8,0,0,0,2,1,1,4,0,0
A,B,210,105,10,7,False,B,5,2,203,0,0,4,1,2,0,0,1,3,6,1,0
B,B,154,78,7,10,False,,12,1,137,0,0,7,1,1,1,2,0,0,4,0,0
B,B,125,63,6,10,False,,11,2,110,0,0,5,1,0,0,2,1,1,4,0,0
A,A,265,133,10,9,False,B,4,3,258,0,0,6,2,2,0,0,2,2,6,1,0
A,B,210,105,10,7,False,,10,1,199,0,0,4,0,1,0,1,0,2,4,0,0
B,A,174,87,7,10,False,B,7,5,161,0,0,6,1,0,0,1,2,0,3,1,0
B,A,228,114,7,10,False,,11,1,216,0,0,5,0,3,0,0,1,0,4,0,0
B,A,226,113,6,10,False,,8,4,214,0,0,6,1,1,1,0,2,1,5,0,0
A,B,172,86,10,8,True,,10,3,159,0,0,5,2,0,1,0,0,0,1,0,0
A,B,164,82,10,6,False,,7,3,154,0,0,7,1,0,3,0,1,2,6,0,0
B,A,164,83,6,10,False,,9,3,152,0,0,6,0,1,1,1,0,1,4,0,0
B,B,207,104,6,10,False,,8,4,195,0,0,2,0,1,4,1,0,0,6,0,0
B,A,186,93,9,10,False,,6,2,176,0,0,6,0,1,1,3,2,0,7,0,0
B,B,114,58,5,10,False,,10,6,97,0,0,6,1,1,1,1,0,0,3,0,0
A,A,173,87,10,8,False,,7,3,163,0,0,4,2,0,2,0,3,1,6,0,0
B,B,163,82,4,10,False,,5,5,152,1,2,4,0,1,1,1,2,1,7,0,0
B,B,227,114,8,10,False,,9,3,215,0,0,7,0,0,1,0,0,3,4,0,0
A,A,111,56,10,4,False,,14,2,95,0,0,2,1,0,1,0,0,1,2,0,0
B,B,224,113,9,10,False,,6,7,209,0,0,4,0,0,1,1,1,0,3,0,0
B,A,214,107,9,10,False,,8,1,205,0,0,7,1,1,0,1,1,2,5,0,0
A,A,165,83,10,7,False,,8,4,151,0,0,5,0,0,1,1,0,3,5,0,0
A,A,253,127,10,9,False,,10,3,240,0,0,8,0,1,1,0,1,1,4,0,0
A,B,282,141,10,8,False,,5,7,270,0,0,6,0,0,1,0,2,0,3,0,0
A,A,91,46,10,6,False,,9,6,74,0,0,5,1,0,0,2,0,0,2,0,0
A,B,234,118,10,9,False,,2,6,223,1,2,5,1,1,0,2,1,1,6,0,0
A,B,220,110,10,7,False,,7,2,211,1,2,5,0,0,2,1,2,0,6,0,0
B,B,154,78,7,10,True,B,4,7,143,0,0,7,2,0,1,2,1,0,4,1,0
B,A,200,100,7,10,False,,8,4,188,0,0,2,0,1,1,1,1,0,4,0,0
B,B,177,89,6,10,False,,9,1,164,0,0,3,0,0,1,1,1,1,4,0,1
B,A,166,83,6,10,False,,10,5,151,0,0,4,1,1,0,1,0,0,2,0,0
B,A,204,102,6,10,False,B,9,5,190,0,0,3,0,0,0,0,2,0,2,1,0
B,B,203,102,7,10,False,,8,4,188,0,0,7,0,1,1,1,1,1,5,0,0
A,B,238,119,10,9,False,B,7,5,226,0,0,4,1,2,0,0,0,1,3,1,0
A,B,174,87,10,9,False,B,9,2,163,0,0,9,2,0,2,0,2,0,4,1,0
B,B,259,130,9,11,False,,9,4,246,0,0,8,1,0,1,0,0,0,1,0,0
A,A,103,52,10,2,False,,8,4,91,0,0,4,1,0,1,0,0,1,2,0,0
A,A,191,96,10,5,False,,8,5,177,0,0,3,0,0,0,1,1,1,3,0,0
B,B,239,120,9,10,False,B,7,4,228,0,0,9,2,2,0,0,1,1,4,1,0
A,A,185,93,10,7,False,,5,4,176,0,0,5,2,1,0,0,1,3,5,0,0
B,B,155,78,5,10,False,,6,3,142,0,0,6,0,2,0,1,1,3,7,0,0
B,B,259,130,8,10,False,,7,4,248,0,0,7,1,1,0,0,0,3,4,0,0
B,A,202,101,7,10,False,,7,4,191,0,0,6,0,0,1,2,0,1,4,0,0
A,B,158,79,10,9,False,,9,1,144,0,0,5,2,1,1,1,1,1,5,0,0
A,B,178,89,10,6,False,,4,7,167,0,0,2,1,0,2,1,1,1,5,0,0
A,B,114,57,10,2,False,,8,6,100,0,0,3,1,2,0,0,0,0,2,0,0
B,A,192,97,7,10,False,,8,1,183,0,0,9,0,2,2,1,0,0,5,0,0
B,A,222,111,6,10,False,,9,0,213,0,0,5,0,1,1,1,0,2,5,0,0
B,B,205,103,7,10,False,,8,5,191,0,0,4,0,0,2,1,1,0,4,0,0
B,B,162,82,7,10,False,,8,5,149,0,0,6,1,1,0,1,0,0,2,0,0
B,A,152,76,9,10,False,B,10,3,139,0,0,9,1,0,2,0,1,0,3,1,0
B,A,118,59,3,10,False,,7,4,103,0,0,6,1,0,0,2,2,1,5,0,0
A,B,152,76,10,9,False,,11,3,135,0,0,3,1,1,0,1,0,1,3,0,0
A,A,175,88,10,2,False,A,4,5,166,0,0,7,0,2,0,0,1,2,5,1,0
B,B,205,103,8,10,False,,5,11,189,0,0,5,0,1,0,0,0,1,2,0,0
B,B,193,97,8,10,False,B,7,6,180,0,0,6,0,0,1,1,1,0,3,1,1
B,B,145,73,5,10,False,B,6,5,133,0,0,8,1,0,0,1,0,3,4,1,0
B,A,176,88,7,10,False,B,7,7,162,0,0,8,1,2,1,0,0,1,4,1,0
A,B,122,61,10,4,False,,9,2,111,0,0,6,2,0,1,0,0,2,3,0,0
B,B,179,90,7,10,False,,6,5,168,0,0,7,1,1,1,2,1,0,5,0,0
B,A,174,87,8,10,True,B,8,3,163,0,0,8,1,1,2,2,0,1,6,1,0
B,A,124,62,8,11,False,B,9,3,112,0,0,8,2,0,2,1,1,0,4,1,0
A,B,238,119,10,9,False,,9,3,226,0,0,6,0,1,1,0,0,0,2,0,0
A,B,306,153,10,8,False,,8,5,293,0,0,4,2,1,0,0,2,0,3,0,0
A,A,157,79,10,8,False,,11,1,145,0,0,7,1,2,2,1,0,0,5,0,0
B,A,146,73,7,10,False,,8,3,135,0,0,5,1,2,0,1,1,0,4,0,0
A,A,153,77,10,3,False,A,7,5,141,0,0,3,2,0,0,1,3,0,4,1,0
B,A,286,143,9,10,False,B,8,6,272,0,0,6,1,2,1,0,1,0,4,1,0
B,B,223,112,8,10,False,,8,6,209,0,0,5,0,0,2,0,1,0,3,0,0
B,B,225,113,6,10,False,B,7,3,215,0,0,2,1,1,2,0,0,1,4,1,0
B,A,156,79,7,10,False,,7,3,146,0,0,4,1,0,1,1,1,3,6,0,0
B,A,172,86,9,10,False,,7,3,159,0,0,5,0,1,1,2,0,1,5,0,0
A,A,111,56,10,5,False,,7,4,100,0,0,4,1,2,0,1,1,2,6,0,0
B,A,166,84,7,10,False,,8,4,154,0,0,6,1,1,0,1,1,0,3,0,0
A,B,270,135,10,9,False,,6,4,260,0,0,4,0,2,1,0,1,0,4,0,0
B,B,177,89,9,10,False,B,9,1,167,0,0,5,2,0,1,0,2,0,3,1,0
B,B,181,91,6,10,False,,4,7,169,0,0,8,0,1,1,2,1,0,5,0,0
A,A,161,81,10,8,False,B,10,4,147,0,0,7,1,0,0,0,0,0,0,1,0
A,A,267,134,10,9,False,,6,5,256,0,0,6,0,2,2,0,1,0,5,0,0
B,A,174,87,7,10,False,,9,3,162,0,0,5,0,0,0,1,0,2,3,0,0
B,A,184,92,8,10,False,B,7,3,174,0,0,6,1,0,2,1,1,1,5,1,0
B,B,147,74,9,12,False,,8,5,131,0,0,7,1,0,0,2,0,1,3,0,0
B,B,153,77,7,10,False,,10,1,141,0,0,5,0,0,0,3,0,1,4,0,0
B,B,201,101,9,10,False,,7,6,188,0,0,7,1,2,0,0,0,1,3,0,0
A,A,213,107,10,6,False,B,6,5,202,0,0,7,1,2,0,0,1,2,5,1,0
B,B,183,92,5,10,False,,9,1,171,0,0,6,0,3,1,1,0,1,6,0,0
B,B,165,83,7,10,False,,9,3,153,0,0,2,2,1,0,0,2,0,3,0,0
B,A,214,107,6,10,False,A,4,7,203,0,0,6,0,1,3,1,0,0,5,1,0
B,B,202,102,8,10,False,,9,3,187,0,0,8,1,1,0,2,2,0,5,0,0
B,A,180,91,7,10,False,,10,2,168,0,0,4,0,1,0,2,0,2,5,0,0
B,A,190,96,8,10,False,B,5,5,180,0,0,5,1,1,0,1,1,1,4,1,0
B,B,199,100,7,10,False,,8,5,185,0,0,6,0,1,1,1,0,1,4,0,0
A,A,295,148,10,9,False,B,9,5,281,0,0,5,0,1,0,0,1,0,2,1,0
B,A,160,80,6,10,False,B,9,1,150,0,0,4,1,0,0,2,2,0,4,1,0
B,A,200,100,7,10,False,B,10,1,187,0,0,9,1,1,1,1,0,2,5,1,0
A,B,274,137,10,8,False,,7,6,261,0,0,9,1,1,1,0,0,3,5,0,0
A,B,264,132,10,7,False,,9,4,251,0,0,7,1,1,0,0,1,2,4,0,0
B,A,230,115,7,10,False,,9,2,219,0,0,5,2,1,1,1,1,1,5,0,0
A,B,184,92,10,8,False,,9,2,173,0,0,7,1,1,0,0,2,1,4,0,0
A,B,190,95,10,8,False,,4,8,175,0,0,6,0,0,0,2,1,1,4,0,0
A,B,150,75,10,4,False,A,5,3,142,0,0,3,1,0,3,1,2,1,7,1,0
B,B,247,124,8,10,False,,9,8,230,0,0,3,0,2,0,0,0,1,3,0,0
A,B,260,130,10,6,False,A|B,5,8,247,0,0,7,0,0,1,0,0,2,3,2,0
B,A,164,82,7,10,False,,8,2,154,0,0,6,0,1,2,1,1,2,7,0,0
B,A,258,129,8,10,False,,8,4,246,1,2,8,1,0,2,0,0,0,2,1,0
A,B,174,87,10,6,False,,6,7,161,0,0,7,0,0,1,1,0,0,2,0,1
A,B,282,141,10,9,False,,9,3,270,0,0,10,0,1,2,0,1,0,4,0,0
B,A,172,86,8,10,False,,7,4,161,1,2,5,1,0,0,2,2,0,5,0,0
B,B,173,87,6,10,False,,9,2,160,0,0,4,0,0,3,1,1,0,5,0,0
A,B,134,67,10,4,False,,7,5,122,0,0,6,2,0,0,0,2,0,2,0,0
B,A,198,99,9,10,False,,11,4,181,0,0,10,0,0,1,2,0,1,4,0,0
A,B,150,75,10,6,False,B,12,4,134,0,0,7,1,1,0,0,1,0,2,1,0
B,B,137,69,5,10,False,,8,6,122,0,0,2,0,1,1,1,0,1,4,0,0
A,B,142,71,10,5,False,,8,3,131,0,0,6,1,2,0,0,0,1,3,0,0
A,A,81,41,10,3,False,,5,5,71,0,0,4,1,0,0,0,1,3,4,0,0
A,A,129,65,10,5,False,,10,2,117,0,0,4,2,1,0,0,1,1,3,0,0
A,A,285,143,10,6,False,,5,6,274,0,0,5,0,1,0,0,0,2,3,0,0
B,B,183,92,7,10,False,,8,2,171,0,0,4,0,0,0,1,2,2,5,0,0
B,B,201,101,9,10,False,,8,5,187,0,0,5,1,0,1,1,0,1,3,0,0
B,B,231,116,8,10,False,,6,8,215,0,0,5,0,1,0,2,1,1,5,0,0
B,B,143,72,5,10,False,,12,1,130,0,0,5,2,1,0,0,0,0,1,0,0
A,B,242,121,10,7,False,,10,3,229,0,0,6,0,1,1,0,1,0,3,0,0
A,B,294,147,10,9,False,,4,4,286,0,0,6,0,0,0,1,2,2,5,0,0
B,B,221,111,8,10,False,B,8,3,210,0,0,5,1,0,2,1,1,1,5,1,0
B,B,163,82,7,10,False,,9,5,147,0,0,7,0,0,0,2,1,1,4,0,0
B,A,184,93,8,10,False,,11,1,170,0,0,6,0,0,0,2,0,2,4,0,0
B,B,194,98,9,10,False,,5,4,184,0,0,7,0,1,1,1,3,1,7,0,0
B,B,195,98,7,10,False,,5,7,181,0,0,7,0,0,0,2,2,0,4,0,0
B,A,152,77,6,10,False,,8,3,141,0,0,5,0,0,0,1,1,1,3,0,0
A,B,184,92,10,9,False,,7,4,173,0,0,3,3,2,0,1,0,1,4,0,0
B,B,187,94,9,10,False,B,7,7,173,0,0,10,1,0,2,0,1,0,3,1,0
B,B,227,114,9,10,False,,8,1,216,0,0,6,0,0,2,1,2,0,5,0,0
B,A,238,119,6,11,False,,12,2,224,0,0,6,1,0,1,0,1,0,2,0,0
A,A,191,96,10,6,False,,7,5,179,0,0,7,3,1,0,0,1,0,2,0,0
B,B,259,130,9,10,False,,9,5,245,0,0,8,0,1,1,0,0,1,3,0,0
B,A,172,86,3,10,False,,9,3,160,0,0,3,1,1,0,1,0,1,3,0,0
A,A,189,95,10,8,False,,6,4,179,0,0,5,2,1,2,1,0,2,6,0,0
B,A,196,98,7,10,False,,9,1,186,0,0,6,2,0,2,1,2,0,5,0,0
A,B,136,68,10,5,False,,12,1,123,0,0,4,1,0,1,0,0,1,2,0,0
B,A,146,73,7,10,False,,10,4,132,0,0,8,0,2,1,1,0,0,4,0,0
B,B,215,108,7,10,False,,10,2,200,0,0,6,0,0,0,2,0,3,5,0,0
A,B,224,112,10,6,False,,8,6,210,0,0,5,1,1,1,0,0,1,3,0,0
B,B,317,159,8,10,False,,7,3,307,0,0,6,0,1,1,0,3,2,7,0,0
B,A,152,77,6,10,False,,10,4,134,0,0,6,0,0,1,1,1,0,3,0,0
A,B,108,54,10,1,False,,7,2,99,0,0,2,1,1,1,0,2,2,6,0,0
A,B,252,126,10,9,False,,11,2,239,0,0,7,0,0,0,0,0,1,1,0,0
B,A,204,102,7,10,False,,9,6,189,0,0,6,0,0,3,0,0,0,3,0,0
A,A,139,70,10,6,False,,7,5,127,0,0,5,1,1,2,1,0,0,4,0,0
B,A,184,92,6,10,False,,9,4,171,0,0,6,0,1,1,1,0,0,3,0,0
A,A,247,124,10,9,False,,5,3,236,0,0,6,1,1,2,1,1,0,5,0,0
A,B,198,99,10,8,False,,6,5,184,0,0,6,1,2,1,1,0,1,5,0,0
B,B,204,103,6,10,False,,4,7,189,0,0,6,0,2,1,1,0,1,5,0,0
B,B,183,92,7,10,False,,7,5,170,0,0,6,2,0,0,2,0,2,4,0,0
B,A,202,101,6,10,False,,6,6,190,0,0,5,0,0,1,1,3,0,5,0,0
B,A,246,123,8,12,False,,8,2,236,0,0,6,1,2,1,1,1,1,6,0,0
A,B,176,88,10,9,False,,10,2,164,0,0,6,1,1,2,1,0,0,4,0,0
B,B,131,66,7,10,False,B,11,2,117,0,0,5,1,0,1,1,1,0,3,1,1
A,A,173,87,10,8,False,,6,7,160,0,0,8,1,1,2,2,0,0,5,0,0
B,A,246,123,8,10,False,,5,10,231,0,0,6,1,0,1,0,0,1,2,0,0
B,B,127,64,5,10,False,B,9,4,113,0,0,4,1,2,0,1,0,1,4,1,0
B,B,191,96,7,10,False,B,7,3,181,1,2,5,0,2,0,0,0,0,3,1,0
B,B,173,87,6,10,False,,6,3,162,0,0,3,0,1,1,1,1,2,6,0,0
B,B,247,124,7,10,False,,3,8,233,0,0,4,1,1,1,2,0,1,5,0,0
A,A,119,60,10,5,False,,8,5,106,0,0,3,1,1,1,0,0,1,3,0,0
A,A,197,99,10,7,False,,5,8,184,0,0,4,1,0,1,1,2,0,4,0,0
A,B,196,98,10,8,False,,6,7,183,0,0,4,1,0,1,0,1,1,3,0,0
B,A,222,112,9,10,False,B,6,6,208,0,0,4,1,0,1,2,0,1,4,1,0
B,B,191,96,9,10,False,,8,4,177,0,0,8,0,1,1,1,1,0,4,0,0
B,B,191,96,8,10,False,,11,2,177,0,0,7,0,0,1,1,0,1,3,0,0
B,B,205,103,7,10,False,,11,2,192,0,0,5,0,0,0,0,0,1,1,0,0
B,B,318,160,9,10,False,,8,7,298,0,0,6,0,0,0,1,0,1,2,0,0
B,B,257,129,9,10,False,,10,4,243,0,0,5,1,1,0,0,0,1,2,0,1
A,B,148,74,10,5,False,,10,1,137,0,0,3,0,0,1,0,1,2,4,0,0
A,A,177,89,10,3,False,,8,1,168,0,0,4,1,0,1,0,0,3,4,0,0
B,A,200,100,6,10,False,,8,5,187,0,0,9,0,0,0,0,2,2,4,0,0
B,B,158,80,5,10,False,,10,3,145,0,0,5,0,0,3,1,0,1,5,0,0
B,A,202,101,7,10,False,,8,4,190,0,0,5,0,1,0,0,1,0,2,0,0
A,B,176,88,10,9,False,,7,4,165,0,0,7,2,0,0,0,1,3,4,0,0
B,A,248,124,7,10,False,B,5,6,237,0,0,8,1,0,1,0,1,1,3,1,0
A,B,226,113,10,9,False,,9,3,212,1,2,4,0,0,0,1,1,0,3,0,0
B,B,209,105,8,10,False,,5,7,194,0,0,5,0,1,1,1,1,2,6,0,0
A,A,139,70,10,5,False,,8,3,128,0,0,6,1,0,0,0,0,3,3,0,0
B,B,169,85,6,10,False,B,9,2,158,0,0,5,1,2,1,0,0,0,3,1,0
B,B,201,101,9,10,False,B,9,4,186,0,0,9,2,0,1,1,1,0,3,1,0
B,B,153,77,5,10,False,,6,4,142,0,0,5,0,1,2,1,0,1,5,0,0
B,B,167,84,7,10,False,,6,8,153,0,0,3,0,2,0,1,0,1,4,0,0
B,B,331,166,7,10,False,B,3,8,320,0,0,7,1,1,1,0,0,2,4,1,0
B,A,180,90,4,10,False,B,4,9,163,0,0,5,0,0,0,1,0,1,2,1,0
B,A,192,97,7,10,False,,5,6,181,0,0,8,1,0,2,1,0,1,4,0,0
B,A,146,74,8,10,False,B,7,3,133,0,0,3,0,0,1,3,1,1,6,1,0
B,B,211,106,8,10,False,,8,3,200,0,0,6,2,0,2,0,0,3,5,0,0
A,B,114,57,10,4,False,,9,4,101,0,0,2,1,0,0,0,1,0,1,0,0
B,B,231,116,9,10,True,,5,9,217,0,0,6,1,1,1,0,1,1,4,0,0
A,B,156,78,10,7,False,B,8,4,144,0,0,8,1,0,0,2,0,0,2,1,1
A,A,185,93,10,9,False,B,9,3,173,0,0,7,1,0,0,0,1,1,2,1,0
A,A,157,79,10,8,False,,8,6,143,0,0,3,1,0,0,0,1,1,2,0,0
A,A,149,75,10,4,False,,8,4,137,0,0,7,2,1,0,0,2,0,3,0,0
B,B,183,92,9,10,False,A,5,3,173,0,0,4,2,1,2,1,2,1,7,1,0
B,B,293,147,8,10,False,B,5,6,282,0,0,6,0,1,0,0,1,1,3,1,0
A,A,200,101,10,8,False,,7,5,185,0,0,7,0,0,1,1,1,2,5,0,0
B,A,166,84,8,10,False,B,6,5,155,0,0,5,1,0,0,1,0,2,3,1,0
B,B,183,92,8,10,False,,9,3,167,0,0,5,0,0,1,1,0,1,3,0,0
A,B,194,97,10,6,False,A,6,6,181,0,0,7,0,1,0,1,1,1,4,1,0
B,A,188,95,9,10,False,,8,5,173,0,0,6,2,0,1,2,2,0,5,0,0
B,A,258,129,9,10,False,B,5,4,249,0,0,9,2,2,1,0,0,2,5,1,0
A,A,265,133,10,8,False,,8,3,254,0,0,8,2,1,1,0,1,1,4,0,0
B,B,175,88,6,10,False,,6,7,160,0,0,5,0,0,0,1,1,1,3,0,0
A,A,239,120,10,9,True,,9,4,226,0,0,6,2,0,0,0,1,1,2,0,0
B,A,148,74,7,10,False,,8,4,133,0,0,5,1,1,0,3,1,0,5,0,0
B,B,233,117,9,10,False,B,8,5,220,0,0,8,0,1,1,1,1,0,4,1,0
B,B,169,85,8,10,False,,10,5,153,0,0,2,0,0,1,1,0,1,3,0,0
B,A,178,89,7,10,False,,8,2,168,0,0,4,0,1,1,1,1,0,4,0,0
B,A,156,79,9,10,True,,10,5,141,0,0,4,1,1,1,1,0,0,3,0,0
B,B,213,107,9,10,False,,10,4,195,0,0,7,0,1,1,1,0,0,3,0,0
B,B,207,104,8,10,True,B,3,7,195,0,0,4,2,2,0,1,1,1,5,1,0
B,A,212,106,6,10,False,,4,7,197,0,0,5,0,1,1,2,0,0,4,0,0
A,A,142,72,10,8,False,,5,4,132,0,0,10,1,1,2,2,0,1,6,0,0
A,A,269,135,10,9,False,B,9,4,256,0,0,6,1,2,2,0,0,0,4,1,0
A,B,260,130,10,9,False,,6,7,247,0,0,7,0,1,1,0,0,0,2,0,0
A,B,312,156,10,9,False,,4,9,299,0,0,5,0,0,2,0,0,0,2,0,0
B,B,177,89,7,10,False,B,4,7,166,0,0,6,1,0,1,2,1,0,4,1,0
B,B,214,108,9,10,False,,8,3,200,0,0,5,0,1,0,2,1,0,4,0,0
A,B,214,107,10,9,False,,10,1,200,0,0,9,1,0,1,1,1,0,3,0,0
B,A,130,66,6,10,False,,10,2,118,0,0,3,1,1,1,1,0,1,4,0,0
B,B,221,111,8,10,False,,10,4,207,0,0,6,0,1,0,0,0,2,3,0,0
B,A,198,100,7,10,False,,6,4,188,0,0,4,0,1,0,2,0,2,5,0,0
B,A,166,83,7,10,False,B,6,4,156,0,0,5,2,1,0,1,0,0,2,1,0
A,B,182,92,10,7,False,,4,3,173,0,0,6,0,0,3,2,2,1,8,0,0
B,A,178,89,7,10,False,,11,2,165,0,0,7,0,0,0,2,0,0,2,0,1
B,B,193,97,8,10,False,,4,6,182,0,0,8,1,1,0,1,1,2,5,0,0
A,B,266,133,10,9,False,B,11,3,252,0,0,4,1,1,0,0,1,1,3,1,0
B,A,180,90,8,10,False,,8,6,166,0,0,5,1,0,1,2,0,2,5,0,0
A,B,168,84,10,6,False,,10,7,151,1,2,6,0,0,0,0,1,0,1,1,0
B,B,167,84,4,10,False,B,9,2,156,0,0,8,2,0,1,1,0,1,3,1,0
A,A,199,100,10,9,False,,11,3,185,0,0,5,1,1,0,0,1,0,2,0,0
A,A,199,100,10,6,False,,6,6,186,0,0,5,0,3,0,1,1,0,5,0,1
B,B,245,123,8,10,False,,7,4,233,0,0,5,0,0,1,1,1,1,4,0,0
A,A,155,78,10,6,False,,12,0,143,0,0,6,2,1,2,0,0,1,4,0,0
B,B,115,58,6,10,False,,6,4,104,0,0,7,0,1,0,2,0,2,5,0,0
A,A,151,76,10,6,False,B,8,1,142,0,0,7,1,1,1,0,1,1,4,1,0
A,B,214,107,10,9,False,,8,5,201,0,0,5,2,0,0,0,2,2,4,0,0
B,A,242,121,9,11,False,,11,2,229,0,0,6,1,2,1,0,1,0,4,0,0
B,A,210,106,7,10,False,,6,7,197,0,0,6,0,0,0,1,0,2,3,0,0
A,A,149,75,10,4,False,,8,2,137,0,0,5,1,0,1,0,0,4,5,0,0
A,B,196,98,10,5,False,,8,6,182,0,0,5,1,1,0,0,2,0,3,0,0
B,A,154,77,7,10,False,,11,5,138,1,2,3,1,0,0,0,0,0,1,0,0
A,A,119,60,10,4,False,,9,5,105,0,0,5,2,1,0,0,0,1,2,0,0
B,B,155,78,6,10,False,B,8,7,140,0,0,8,0,0,0,0,2,1,3,1,0
A,B,146,73,10,8,False,B,8,2,135,0,0,3,2,0,0,2,1,0,3,1,0
B,A,102,51,6,10,False,B,7,1,92,0,0,7,1,1,2,2,0,1,6,1,0
A,A,103,52,10,2,False,B,6,4,93,0,0,2,1,1,2,0,1,1,5,1,0
B,B,215,108,9,10,False,,11,1,203,0,0,7,1,1,0,0,1,0,2,0,0
A,A,173,87,10,7,False,B,9,4,160,0,0,4,1,0,0,0,1,1,2,1,0
B,B,195,98,5,10,False,,7,4,182,0,0,6,1,1,0,2,1,0,4,0,0
B,A,244,122,8,10,False,,11,5,228,0,0,4,0,1,1,0,1,0,3,0,0
A,A,267,134,10,6,False,A,9,2,256,0,0,9,0,1,1,0,0,1,3,1,0
B,A,190,95,8,10,False,,9,4,177,0,0,6,0,0,1,1,1,1,4,0,0
B,A,210,105,7,10,True,,7,3,198,0,0,6,2,1,1,2,0,1,5,0,0
A,B,112,56,11,7,False,,8,3,101,0,0,5,3,1,1,1,1,0,4,0,0
B,B,201,101,8,10,False,,11,7,183,0,0,5,0,0,1,0,0,0,1,0,0
A,B,186,93,10,9,False,,7,6,173,0,0,5,1,1,1,1,0,1,4,0,0
B,B,160,81,5,10,False,B,4,5,149,0,0,6,1,1,2,1,1,0,5,1,0
A,B,62,31,10,0,False,,5,2,55,0,0,2,1,0,1,0,1,0,2,0,0
B,B,221,111,9,10,False,,10,5,203,0,0,8,0,0,0,2,0,0,2,0,0
A,A,263,132,10,9,False,,7,1,255,0,0,3,1,0,0,0,2,3,5,0,0
A,B,144,72,10,4,False,,5,4,135,0,0,5,1,1,2,1,2,0,6,0,0
A,B,256,128,10,9,False,,9,4,243,0,0,5,0,0,1,0,0,1,2,0,0
B,B,163,82,7,10,False,,7,6,148,0,0,7,0,1,0,2,2,0,5,0,0
B,A,138,69,4,10,False,,8,4,126,0,0,3,1,0,0,2,1,0,3,0,0
A,A,135,68,10,8,False,A,6,2,127,0,0,6,2,2,0,3,1,0,6,1,0
B,A,196,98,6,10,False,,9,5,182,0,0,6,0,1,1,0,0,0,2,0,0
A,B,130,65,10,3,False,,5,2,123,0,0,4,1,1,3,0,1,2,7,0,0
A,B,266,133,10,7,False,,8,3,255,0,0,5,0,2,1,0,0,1,4,0,0
A,B,152,77,10,9,False,,9,2,138,0,0,6,2,1,1,2,0,1,5,0,0
B,A,150,75,6,10,False,,7,6,137,0,0,6,0,1,0,1,2,0,4,0,0
B,B,199,100,6,10,False,,8,0,189,0,0,8,0,1,0,2,0,2,5,0,0
B,A,220,110,6,10,False,,7,8,205,0,0,5,0,0,0,0,2,1,3,0,0
A,A,219,110,10,7,False,,9,3,206,0,0,9,0,1,1,1,2,0,5,0,0
A,A,211,106,10,6,False,,8,5,196,0,0,7,0,0,1,1,1,2,5,0,0
B,A,204,103,7,10,False,,10,1,193,0,0,9,1,1,0,2,1,0,4,0,0
B,B,238,120,8,10,False,,7,6,222,0,0,6,0,0,1,2,1,1,5,0,0
A,A,185,93,10,7,False,,9,0,176,0,0,6,0,1,2,0,4,0,7,0,0
A,A,125,63,10,4,False,,8,9,108,0,0,6,1,1,1,0,0,0,2,0,0
B,B,173,87,7,10,False,,8,2,161,0,0,7,1,1,1,2,1,0,5,0,0
B,A,182,91,6,10,False,B,7,4,171,0,0,8,1,1,1,0,1,0,3,1,0
A,A,215,108,10,8,False,,13,3,199,0,0,7,1,0,0,0,2,0,2,0,0
B,A,268,134,8,10,False,,6,3,259,0,0,7,0,0,1,2,1,1,5,0,0
B,B,231,116,9,10,False,,7,6,216,0,0,4,0,0,0,1,2,1,4,0,0
A,B,100,50,10,2,False,,5,5,90,0,0,6,2,1,1,0,1,1,4,0,0
B,B,249,125,9,10,False,,12,3,234,0,0,6,0,0,0,0,0,1,1,0,0
A,B,108,54,10,2,False,,3,7,98,0,0,4,1,1,1,0,0,1,3,0,0
A,B,90,45,10,3,False,,6,2,82,0,0,2,2,2,1,0,0,0,3,0,0
B,B,205,103,8,10,False,,5,6,194,1,2,6,0,0,1,1,0,1,4,0,0
A,B,214,107,10,7,False,,6,6,198,0,0,7,1,0,1,1,0,2,4,0,0
B,B,229,115,5,10,False,,9,5,213,0,0,3,0,0,1,1,1,1,4,0,0
B,B,213,107,8,10,False,,10,5,198,0,0,6,0,0,0,0,0,2,2,0,0
A,A,189,95,10,6,False,B,8,3,178,0,0,6,1,1,0,0,1,1,3,1,0
B,A,152,76,6,10,False,,9,1,142,0,0,6,1,0,1,0,2,1,4,0,0
B,B,243,122,8,10,False,,7,2,233,0,0,4,1,0,1,2,1,2,6,0,0
B,A,186,93,9,10,False,,8,2,176,0,0,7,2,1,0,1,1,1,4,0,0
B,B,265,133,5,10,False,,5,6,253,0,0,6,0,0,1,1,2,1,5,0,0
A,A,141,71,10,7,False,B,8,5,128,0,0,9,1,0,1,0,1,1,3,1,0
A,B,110,56,10,7,False,,9,5,95,0,0,7,1,0,0,2,0,0,2,0,0
A,A,132,67,10,8,False,B,6,2,124,0,0,4,2,0,1,2,2,0,5,1,0
A,A,111,56,10,3,False,,10,3,98,0,0,5,2,1,0,0,2,0,3,0,0
B,A,218,109,7,10,False,B,8,3,204,0,0,6,0,1,1,1,0,2,5,1,0
B,A,222,111,9,10,False,,10,0,209,1,2,9,1,1,1,1,1,1,6,0,0
A,B,250,125,10,7,False,,6,7,234,0,0,4,0,0,1,2,1,1,5,0,0
B,A,242,122,7,10,False,,6,5,231,0,0,4,1,1,0,1,0,2,4,0,0
B,A,196,98,5,10,False,,6,7,183,0,0,5,0,0,0,2,1,1,4,0,1
B,A,308,154,9,10,True,A,10,2,296,0,0,6,1,0,2,0,0,0,2,1,0
B,B,178,90,7,10,False,,10,4,162,0,0,8,0,2,1,2,0,0,5,0,0
A,A,139,70,10,6,False,,8,4,127,0,0,5,1,0,2,0,1,0,3,0,0
B,B,209,105,5,10,False,B,10,3,196,0,0,8,0,0,0,0,2,0,2,1,0
A,A,180,91,10,8,False,,11,4,161,0,0,4,2,0,0,2,0,1,3,0,0
A,A,245,123,10,8,False,,11,4,230,0,0,6,0,1,0,0,0,2,3,0,0
B,A,182,91,5,10,False,,9,3,170,1,2,6,0,0,0,1,1,1,3,1,0
A,A,105,53,10,6,False,,6,2,97,0,0,2,2,1,2,2,0,1,6,0,0
A,A,155,78,10,4,False,,8,3,144,0,0,4,1,0,2,0,0,1,3,0,0
B,B,182,92,8,10,False,,11,4,163,0,0,9,1,0,0,1,1,1,3,0,0
B,A,120,60,5,10,False,,7,6,107,0,0,6,0,1,1,1,0,0,3,0,0
B,A,212,106,7,10,False,,10,3,199,0,0,6,0,1,1,0,1,0,3,0,0
A,A,208,105,10,8,False,B,5,3,199,0,0,10,1,1,1,1,1,0,4,1,1
B,A,204,102,9,10,False,,10,4,190,0,0,6,1,0,1,0,0,2,3,0,0
A,B,132,66,10,4,False,B,8,3,121,0,0,7,1,4,0,0,0,0,4,1,0
A,B,160,80,10,7,False,,10,4,146,0,0,7,0,1,2,1,1,2,7,0,0
B,A,154,77,7,10,True,B,4,5,145,0,0,7,1,2,1,1,1,2,7,1,0
A,A,231,116,10,9,True,,7,2,220,0,0,6,1,0,1,1,2,2,6,0,0
B,B,109,55,4,10,False,B,8,3,97,0,0,6,1,1,0,1,2,0,4,1,0
A,A,203,102,10,8,False,,9,5,189,0,0,5,2,1,1,1,0,0,3,0,0
B,A,118,59,8,10,True,,10,2,106,0,0,4,2,0,1,0,3,0,4,0,0
B,B,228,115,8,10,False,,8,4,215,0,0,10,0,1,2,4,0,0,7,0,0
A,B,238,119,10,6,False,,7,3,228,0,0,7,0,0,1,0,2,1,4,0,0
B,B,224,113,7,10,False,,11,3,208,0,0,8,0,1,1,1,0,1,4,0,0
A,A,143,72,10,7,False,,5,4,132,0,0,5,1,1,0,2,1,2,6,0,0
B,B,114,58,7,10,False,,7,4,100,0,0,4,2,1,1,2,0,1,5,0,0
B,B,269,135,9,10,False,,8,4,257,0,0,4,1,0,2,0,0,0,2,0,0
B,B,180,91,6,10,False,,6,10,162,0,0,4,0,0,0,1,0,1,2,0,0
B,A,266,133,8,10,False,,11,0,255,0,0,6,0,2,1,0,1,1,5,0,0
A,B,124,62,10,9,False,,7,4,108,0,0,6,0,1,1,2,0,1,5,0,0
B,A,228,115,9,10,False,,6,5,217,0,0,6,1,0,0,2,1,2,5,0,0
A,B,222,111,10,9,False,B,6,5,211,0,0,6,1,3,1,0,0,0,4,1,0
B,B,89,45,4,10,False,,9,1,78,0,0,3,1,0,0,1,1,0,2,0,0
A,A,151,76,10,4,False,,6,2,143,0,0,3,1,1,0,0,0,3,4,0,1
B,A,260,130,9,10,False,,6,4,250,0,0,8,0,2,1,0,0,2,5,0,0
A,B,214,108,10,9,False,,7,4,197,0,0,8,0,0,2,2,1,1,6,0,0
A,B,194,97,10,6,False,B,7,7,180,0,0,10,1,0,0,0,1,0,1,1,0
A,B,230,115,10,5,False,A,7,1,222,0,0,4,3,2,0,0,1,1,4,1,0
B,B,209,105,6,10,False,,11,4,192,0,0,8,0,0,1,1,0,1,3,0,0
A,B,264,132,10,7,False,,9,3,252,0,0,5,1,0,1,0,0,3,4,0,0
B,A,234,117,8,10,False,,9,3,222,0,0,9,1,0,1,0,2,0,3,0,0
B,B,224,113,4,10,False,B,6,3,215,0,0,3,1,2,0,3,2,0,7,1,0
A,B,128,64,10,7,False,,12,1,113,0,0,6,1,1,0,0,2,1,4,0,0
B,B,241,121,8,10,False,,5,3,231,0,0,6,1,2,0,1,2,2,7,0,0
B,A,118,60,5,10,False,,9,3,106,0,0,6,0,1,1,1,2,0,5,0,0
B,A,138,69,7,10,False,,12,2,124,0,0,3,2,0,1,1,0,2,4,0,0
A,B,258,129,10,7,False,,12,3,243,0,0,3,1,1,2,0,0,0,3,0,0
A,B,134,67,10,4,False,,6,5,123,0,0,8,2,1,0,0,1,2,4,0,0
B,A,204,103,8,10,False,,10,4,190,0,0,7,0,0,1,1,0,1,3,0,0
B,A,200,100,9,10,False,,8,6,186,0,0,5,1,1,0,1,0,0,2,0,0
A,B,282,141,10,9,False,,6,4,272,1,2,6,1,1,0,0,1,3,6,0,0
B,B,249,125,7,10,False,,7,5,237,0,0,7,0,2,0,0,0,2,4,0,0
A,A,275,138,10,9,False,B,6,7,260,0,0,5,1,0,1,0,0,1,2,1,0
B,A,168,84,8,10,False,,8,1,159,1,2,2,2,2,1,1,0,0,4,1,0
B,B,271,136,7,10,False,,10,4,257,0,0,8,1,1,0,0,0,1,2,0,0
B,A,248,124,9,10,False,,5,5,238,0,0,6,1,0,1,0,1,3,5,0,0
B,B,185,93,9,10,False,,6,5,171,0,0,7,1,1,1,2,0,1,5,0,0
A,B,218,109,10,7,False,,9,3,206,0,0,9,1,0,0,2,1,0,3,0,0
A,A,191,96,10,6,False,,7,5,179,0,0,6,0,0,2,0,1,0,3,0,0
A,A,143,72,10,6,False,,6,8,129,0,0,3,2,2,0,1,0,0,3,0,0
B,B,180,91,6,10,False,,7,4,167,0,0,4,2,1,0,1,2,2,6,0,0
B,A,138,69,7,10,False,B,6,3,129,0,0,8,1,0,2,2,0,0,4,1,0
B,B,169,85,7,10,False,,6,8,155,0,0,4,0,0,0,1,1,1,3,0,0
B,A,210,105,8,10,False,,8,2,200,0,0,4,0,1,0,0,2,2,5,0,0
A,A,329,165,10,7,False,,5,8,316,0,0,7,0,0,2,0,1,0,3,0,0
A,A,145,73,10,5,False,,8,3,134,0,0,8,2,1,2,0,1,0,4,0,0
A,A,193,97,10,7,False,,7,6,180,0,0,7,0,0,1,0,1,1,3,0,1
A,A,95,48,10,2,False,,5,3,87,0,0,3,2,1,1,0,0,2,4,0,0
B,A,252,127,8,10,False,,8,4,240,0,0,5,1,1,0,1,0,1,3,0,0
B,B,189,95,8,10,False,B,6,4,177,0,0,2,1,0,2,1,2,2,7,1,0
A,B,240,120,10,9,False,,12,4,224,0,0,7,0,0,0,0,2,1,3,0,0
B,B,177,89,7,10,False,,7,8,160,0,0,8,1,0,2,1,1,1,5,0,0
B,B,243,122,4,10,False,B,4,6,232,0,0,6,0,2,2,1,1,1,7,1,0
A,B,92,46,10,5,False,B,7,1,84,0,0,3,1,0,0,1,1,1,3,1,0
A,B,68,34,10,3,False,,7,2,59,0,0,5,1,1,0,0,0,0,1,0,0
A,A,150,76,10,6,False,B,8,3,139,1,2,5,1,0,0,1,0,1,3,1,0
B,A,190,95,7,10,False,,5,10,175,0,0,3,1,1,1,1,0,0,3,0,0
B,B,287,144,9,10,False,,5,7,275,0,0,6,1,1,1,0,2,0,4,0,0
B,A,206,103,6,10,False,,9,1,196,0,0,6,0,1,0,2,0,2,5,0,0
A,B,124,63,10,6,False,,6,6,109,0,0,4,1,1,0,3,0,0,4,0,0
B,A,208,104,8,10,False,B,6,7,195,0,0,5,1,1,2,0,1,0,4,1,0
A,B,180,90,10,7,False,,9,5,166,0,0,6,1,1,0,0,0,2,3,0,0
B,B,141,71,9,10,False,,7,5,127,0,0,10,1,0,0,1,1,0,2,0,0
B,B,183,92,8,10,False,,6,5,169,0,0,6,0,0,2,1,0,1,4,0,0
A,B,182,91,10,7,False,,8,6,168,0,0,6,1,1,1,0,0,0,2,0,0
A,A,219,110,10,7,False,,3,11,205,0,0,1,0,0,1,0,1,1,3,0,0
B,A,202,101,7,10,False,,6,4,192,0,0,6,0,2,0,2,1,0,5,0,0
A,B,326,163,10,9,False,,9,3,314,0,0,7,0,0,1,0,2,1,4,0,0
B,A,204,102,6,10,False,,7,4,193,0,0,4,2,0,1,1,0,0,2,0,0
B,A,188,94,6,10,False,,11,4,173,0,0,11,0,0,0,1,1,1,3,0,0
A,A,141,71,10,7,False,,10,1,124,0,0,6,1,1,0,2,1,0,4,0,0
B,B,267,134,8,10,False,,10,3,254,0,0,4,1,0,1,0,0,0,1,0,0
A,B,326,163,10,9,False,,5,5,316,0,0,3,1,2,1,0,1,1,5,0,0
B,B,206,104,7,10,False,,7,6,192,0,0,7,1,2,0,2,0,2,6,0,0
A,B,284,142,10,8,False,B,8,5,271,0,0,7,0,1,1,0,1,2,5,1,0
B,A,202,102,9,10,False,,5,4,193,1,2,6,1,0,1,1,2,2,7,0,0
B,B,174,88,5,10,False,,7,3,162,0,0,2,1,1,2,1,0,1,5,0,0
A,A,257,129,10,9,False,,10,4,243,0,0,8,1,1,1,0,0,0,2,0,0
B,A,180,90,9,10,False,,8,7,165,0,0,4,0,0,2,1,1,0,4,0,0
A,A,291,146,10,8,False,,7,4,280,0,0,10,1,2,0,0,1,0,3,0,0
A,B,242,121,10,8,False,,6,5,231,0,0,11,0,0,1,0,2,1,4,0,0
A,A,235,118,10,8,False,,11,2,221,0,0,6,0,1,1,1,2,0,5,0,0
B,A,230,115,9,10,False,,8,7,215,0,0,3,0,1,0,0,0,0,1,0,0
A,A,103,52,10,9,False,B,8,3,92,0,0,4,3,1,0,0,1,2,4,1,0
B,A,140,70,5,10,False,B,3,5,132,0,0,6,0,0,2,3,2,1,8,1,0
B,B,191,96,6,10,False,,7,4,180,0,0,5,0,1,2,0,0,1,4,0,0
B,A,234,118,7,10,False,,9,2,223,0,0,5,0,0,1,1,0,1,3,0,0
A,A,139,70,10,5,False,,9,5,123,0,0,3,1,1,0,1,0,1,3,0,0
B,A,230,115,8,10,False,,9,6,215,0,0,6,0,0,2,0,0,0,2,0,0
A,B,204,102,10,8,False,B,8,4,192,0,0,7,0,0,1,0,1,1,3,1,0
B,B,169,85,5,10,False,B,8,3,154,0,0,4,1,1,0,1,1,1,4,1,0
B,B,249,125,7,10,False,,8,6,235,0,0,4,0,1,1,0,1,0,3,0,0
A,A,203,102,10,8,False,,11,3,189,0,0,3,0,0,1,0,1,0,2,0,0
B,B,319,160,8,10,False,A,5,5,309,1,2,7,0,2,0,0,0,1,4,1,0
B,B,196,99,6,11,True,B,6,4,185,1,2,6,2,0,1,1,1,1,5,1,0
A,B,160,80,10,2,False,,4,5,151,0,0,9,1,1,1,0,2,3,7,0,0
B,B,229,115,5,10,False,,8,2,219,0,0,6,0,1,3,0,1,0,5,0,0
A,A,209,105,10,9,False,,6,5,198,0,0,6,1,1,1,0,1,3,6,0,0
A,B,244,122,10,9,False,,12,1,231,0,0,4,0,1,2,0,1,0,4,0,0
A,B,306,153,10,8,False,,7,9,290,0,0,7,0,1,1,0,1,0,3,0,0
B,A,128,64,5,10,False,,11,4,113,0,0,2,1,0,1,0,1,1,3,0,0
B,B,221,111,7,10,False,,9,4,207,0,0,4,0,1,0,1,1,2,5,0,0
B,B,185,93,6,10,False,,6,5,172,0,0,5,0,1,0,1,0,1,3,0,0
B,A,262,131,6,10,False,,8,2,252,0,0,4,1,1,1,2,0,3,7,0,0
B,A,190,95,7,10,False,,7,3,178,0,0,6,0,0,0,3,1,1,5,0,0
A,A,243,122,10,8,False,B,5,4,234,0,0,6,1,1,1,0,3,0,5,1,0
B,A,156,78,6,10,False,,13,2,141,0,0,5,0,0,1,1,2,0,4,0,0
B,B,227,114,7,10,False,B,9,5,213,0,0,10,0,0,0,0,1,1,2,1,0
B,A,184,92,6,10,False,,10,3,169,0,0,8,0,1,1,1,0,3,6,0,0
A,A,230,116,10,6,False,,6,5,219,0,0,3,0,0,0,1,3,0,4,0,0
B,B,271,136,8,10,False,,6,6,259,0,0,6,0,1,1,0,3,0,5,0,0
B,A,180,90,8,10,False,B,6,5,169,0,0,9,3,1,1,1,0,1,4,1,0
A,B,146,73,10,4,False,B,7,5,134,0,0,7,2,1,1,0,0,0,2,1,0
A,B,156,78,10,3,False,,4,10,142,0,0,6,1,1,0,0,0,1,2,0,0
B,A,184,92,6,10,False,,3,5,176,1,2,7,1,0,2,1,1,2,6,1,0
A,B,256,128,10,8,False,,6,7,243,0,0,6,2,1,2,0,1,1,5,0,0
B,B,253,127,8,10,False,,7,3,242,0,0,8,0,1,1,2,1,1,6,0,0
B,B,195,98,8,10,False,,7,6,180,0,0,3,0,0,1,1,0,0,2,0,0
B,B,267,134,9,10,False,B,8,2,257,0,0,4,3,0,1,0,1,1,3,1,0
B,A,222,111,9,10,False,B,9,2,211,0,0,6,0,0,1,2,1,1,5,1,0
A,B,190,95,10,9,False,,6,3,178,0,0,8,0,0,1,3,1,0,5,0,0
A,A,195,98,10,8,False,,14,1,180,0,0,5,0,0,1,0,0,1,2,0,0
A,B,222,111,10,7,False,,11,3,208,0,0,6,0,2,0,0,0,0,2,0,0
A,A,181,91,10,8,False,B,8,3,170,0,0,5,2,2,1,0,1,1,5,1,0
B,B,213,107,6,10,False,B,4,6,201,0,0,6,0,0,1,1,2,1,5,1,0
B,A,186,93,7,10,False,,7,4,175,0,0,5,0,0,1,3,1,0,5,0,0
B,A,284,142,9,10,False,,11,2,271,0,0,8,0,1,2,0,0,0,3,0,0
A,B,188,94,10,8,False,,11,0,177,0,0,4,0,0,1,0,0,1,2,0,1
A,B,130,65,10,4,False,,9,4,117,0,0,5,2,1,0,0,1,1,3,0,0
B,A,168,84,5,10,False,,7,5,156,0,0,6,1,1,0,2,1,1,5,0,0
B,A,214,107,7,10,False,,8,4,202,0,0,6,0,2,1,2,1,0,6,0,0
B,A,284,142,9,10,False,,7,1,276,0,0,5,0,2,2,0,0,1,5,0,0
B,A,208,104,7,10,False,,9,4,195,0,0,7,0,1,0,1,1,1,4,0,0
A,A,83,42,10,6,False,,10,2,71,0,0,5,1,0,0,1,1,0,2,0,0
B,A,224,112,6,10,False,,5,6,213,0,0,5,0,0,4,0,0,0,4,0,0
A,A,265,133,10,9,False,,6,3,256,0,0,9,1,2,1,0,2,1,6,0,0
A,A,255,128,10,9,False,,7,2,246,0,0,5,0,0,3,0,2,2,7,0,0
A,A,163,82,10,7,True,B,10,3,150,0,0,6,1,1,0,0,3,0,4,1,0
B,A,132,66,6,10,False,B,9,2,121,0,0,5,1,1,1,1,2,1,6,1,0
B,B,176,89,6,10,False,B,7,3,163,0,0,7,1,2,0,1,2,0,5,1,0
A,B,236,118,10,9,False,A,9,3,224,0,0,5,2,1,1,0,1,1,4,1,0
A,A,133,67,10,8,False,,10,1,122,0,0,5,2,0,0,1,1,1,3,0,0
B,A,200,100,7,10,False,,12,1,185,0,0,3,0,1,2,0,1,0,4,0,0
B,A,282,141,9,10,False,,5,6,271,0,0,5,0,1,1,1,2,1,6,0,0
B,B,251,126,9,10,False,,7,4,240,0,0,5,1,1,1,0,0,0,2,0,0
B,B,164,83,5,10,False,,7,2,153,0,0,7,0,0,0,2,2,0,4,0,0
A,B,72,36,10,0,False,,7,3,62,0,0,1,1,0,1,0,1,1,3,0,0
A,A,159,80,10,7,True,,7,1,151,0,0,2,2,2,1,0,1,1,5,0,1
B,A,196,98,9,10,False,,7,2,187,0,0,3,1,0,3,1,2,0,6,0,0
B,A,158,79,6,10,False,B,10,4,144,0,0,9,2,0,0,0,0,0,0,1,0
B,B,221,111,7,10,False,,8,2,208,0,0,9,0,2,1,1,1,0,5,0,0
B,B,223,112,6,10,False,,7,2,211,0,0,4,0,0,2,1,1,1,5,0,1
B,A,216,108,6,10,False,,7,4,205,0,0,4,2,0,2,2,0,1,5,0,0
B,B,193,97,9,10,False,,8,6,177,0,0,3,0,1,1,1,0,0,3,0,0
A,A,99,50,10,1,False,,10,1,88,0,0,3,1,2,1,0,2,0,5,0,0
A,A,99,50,10,5,False,,5,5,89,0,0,2,1,0,2,2,0,1,5,0,0
B,A,184,92,9,10,False,,8,4,172,0,0,5,1,1,1,0,0,1,3,0,0
B,A,150,75,5,11,False,B,8,3,139,0,0,5,3,1,2,1,0,1,5,1,0
B,A,146,74,8,10,False,B,9,1,136,0,0,4,2,2,0,1,0,0,3,1,0
B,A,118,59,4,10,False,,6,7,105,0,0,4,1,0,0,1,0,0,1,0,0
B,B,233,117,8,10,False,,7,4,220,0,0,4,0,0,2,1,0,2,5,0,0
B,B,221,111,7,10,False,B,8,4,209,0,0,6,1,1,1,0,0,1,3,1,0
B,A,166,84,8,12,False,,6,2,158,0,0,7,1,1,1,1,1,2,6,0,0
B,B,205,103,6,10,False,,11,5,189,0,0,5,0,1,1,0,2,1,5,0,0
A,B,222,111,10,8,False,,9,5,208,0,0,5,0,1,0,0,1,1,3,0,0
A,B,126,63,10,4,False,,8,2,116,0,0,5,1,1,0,0,3,0,4,0,0
B,A,192,96,6,10,False,,6,6,180,0,0,6,0,0,1,1,0,0,2,0,0
B,A,260,130,7,10,False,,5,3,252,1,2,8,0,2,0,0,1,1,5,0,0
B,A,200,100,6,10,False,B,3,6,191,0,0,6,3,0,1,0,1,2,4,1,0
B,A,186,93,8,10,False,,8,4,174,0,0,4,0,0,1,2,0,0,3,0,0
B,A,130,65,9,10,False,B,10,2,118,0,0,5,1,0,0,1,1,0,2,1,0
B,A,240,120,9,11,False,,5,7,226,0,0,5,1,1,0,1,0,0,2,0,0
B,A,180,90,8,10,False,,13,0,167,0,0,5,0,0,0,1,0,2,3,0,0
B,A,204,102,7,10,False,,8,4,192,0,0,2,0,2,1,0,0,0,3,0,0
A,B,222,111,10,9,False,,11,1,210,0,0,4,0,0,3,0,0,1,4,0,0
A,A,105,53,10,4,False,,9,3,93,0,0,5,1,0,0,0,2,2,4,0,0
A,B,146,73,10,9,False,B,7,4,135,0,0,6,3,2,1,3,0,0,6,1,0
A,A,293,147,10,9,False,B,8,3,282,0,0,4,1,2,0,0,2,0,4,1,0
A,B,214,107,10,6,False,,6,5,203,0,0,5,1,0,1,0,3,1,5,0,0
B,A,300,150,9,10,False,A|B,9,0,291,0,0,7,1,0,1,0,0,2,3,2,0
B,A,112,56,6,10,False,,9,4,99,0,0,4,1,1,0,1,0,1,3,0,0
B,A,156,78,6,10,False,B,8,3,145,0,0,3,2,1,1,1,1,0,4,1,0
B,A,198,100,9,10,False,,8,3,186,0,0,6,0,1,0,2,0,2,5,0,0
B,A,230,115,9,10,False,,8,8,214,0,0,8,0,0,1,0,0,0,1,0,0
B,B,185,93,8,10,False,B,7,5,173,0,0,7,0,0,0,0,0,1,1,1,0
A,B,228,114,10,8,False,,9,4,215,0,0,3,0,2,1,0,1,0,4,0,0
B,A,240,120,7,10,False,,6,7,223,0,0,5,0,1,1,0,1,1,4,0,0
A,A,145,73,10,6,False,,11,5,129,0,0,4,1,0,1,0,0,0,1,0,1
B,B,114,58,5,10,False,,8,5,100,0,0,3,1,0,1,1,0,0,2,0,0
A,B,222,111,10,9,False,,12,4,203,0,0,6,2,0,0,1,1,0,2,0,0
A,B,110,55,10,3,False,,7,2,101,0,0,5,2,0,1,0,2,1,4,0,0
B,B,193,97,9,10,True,,6,4,181,0,0,4,1,0,3,1,1,1,6,0,0
B,A,152,76,6,10,False,,7,4,141,0,0,4,0,2,1,1,0,1,5,0,0
A,A,213,107,10,8,False,,11,4,198,0,0,3,0,1,0,0,0,0,1,0,0
A,B,196,98,10,7,False,,9,4,183,0,0,4,0,1,1,1,0,1,4,0,0
B,B,177,89,7,10,False,,7,4,165,0,0,5,0,0,0,1,0,3,4,0,0
B,A,186,94,6,10,False,,9,4,173,0,0,3,1,0,2,1,0,0,3,0,0
B,B,193,97,5,10,False,B,9,1,183,0,0,7,1,2,0,0,1,0,3,1,0
B,A,198,99,6,10,False,,11,1,186,0,0,8,0,0,0,2,2,1,5,0,0
A,A,221,111,10,8,False,,6,6,209,0,0,7,0,1,1,0,2,1,5,0,1
A,B,246,123,10,6,False,,7,5,233,0,0,8,1,1,0,1,2,0,4,0,0
B,A,242,122,9,12,False,,6,5,231,0,0,7,1,2,0,1,1,0,4,0,1
A,A,231,116,10,8,False,B,10,3,218,0,0,5,0,1,1,0,1,0,3,1,0
B,A,296,148,8,10,False,,8,5,283,0,0,5,1,1,1,0,0,1,3,0,0
B,A,250,125,8,10,False,B,6,7,237,0,0,5,1,0,0,0,2,1,3,1,0
B,B,143,72,3,10,False,,7,4,130,0,0,3,1,1,1,2,1,0,5,0,0
B,B,223,112,6,10,False,,5,6,208,0,0,5,0,1,1,1,0,2,5,0,0
B,B,247,124,9,10,False,,5,2,240,0,0,6,0,1,1,0,3,1,6,0,1
B,B,209,105,7,10,False,,9,1,194,0,0,5,0,0,0,2,1,1,4,0,0
A,A,147,74,10,4,False,,8,3,136,0,0,2,1,2,1,1,1,2,7,0,0
B,A,248,124,7,10,False,,8,3,237,0,0,9,0,1,1,2,0,1,5,0,0
B,A,148,74,8,10,False,B,10,3,135,0,0,6,2,0,0,1,2,0,3,1,0
A,B,146,73,10,6,False,,11,3,132,0,0,5,1,0,1,0,0,2,3,0,0
B,B,195,98,5,10,False,B,5,5,184,0,0,5,1,1,2,1,0,0,4,1,0
A,A,175,88,10,9,False,,8,3,163,0,0,5,1,1,1,2,0,1,5,0,0
B,A,226,113,9,10,False,,7,3,216,0,0,9,0,1,1,0,2,0,4,0,0
B,A,196,98,6,10,False,,11,4,181,0,0,6,0,1,2,0,0,0,3,0,0
B,A,146,74,5,10,False,B,5,4,137,0,0,5,1,1,1,2,0,1,5,1,0
A,A,261,131,10,7,False,,11,2,248,0,0,5,0,1,0,0,3,0,4,0,0
B,A,234,117,9,10,False,B,7,6,221,0,0,9,1,2,1,0,0,1,4,1,0
B,B,261,131,6,10,False,,5,6,248,0,0,6,0,0,0,3,1,1,5,0,0
B,A,208,104,7,10,False,,6,9,193,0,0,10,0,1,0,3,0,0,4,0,0
B,A,174,88,9,10,False,,9,6,156,0,0,6,0,0,0,2,1,1,4,0,0
A,B,252,126,10,9,False,,7,2,243,1,2,4,2,1,0,1,0,2,4,1,0
B,B,135,68,9,10,False,,8,5,120,0,0,3,2,0,0,3,1,1,5,0,0
B,B,108,55,3,10,False,,6,1,101,0,0,3,1,0,2,1,0,1,4,0,1
B,B,215,108,9,10,False,,6,5,203,0,0,5,2,1,0,1,2,0,4,0,0
A,A,108,55,10,3,False,,6,1,100,1,2,2,1,1,1,2,1,1,6,1,0
B,A,178,89,8,10,False,,8,5,163,0,0,4,0,1,1,0,1,0,3,0,0
B,A,274,137,7,10,False,,8,1,265,0,0,6,2,3,1,1,1,1,7,0,0
A,A,226,114,10,7,False,,5,7,213,0,0,5,0,2,0,1,0,1,4,0,0
B,A,160,81,6,10,False,,6,6,145,0,0,2,0,1,1,2,0,1,5,0,0
A,A,193,97,10,7,False,,5,5,179,0,0,9,0,2,0,1,1,3,7,0,0
A,A,115,58,10,3,False,B,11,3,101,0,0,4,1,0,0,0,2,2,4,1,0
A,B,112,56,10,3,False,B,6,8,98,0,0,5,1,0,0,0,1,0,1,1,0
A,A,297,149,10,9,False,,9,4,284,0,0,7,1,1,2,0,0,1,4,0,0
B,B,211,106,6,10,False,B,10,2,199,0,0,7,0,0,0,0,2,0,2,1,0
A,B,170,86,10,8,False,B,5,8,155,0,0,7,1,0,1,2,1,1,5,1,0
A,B,126,63,10,3,False,,6,4,116,0,0,2,1,1,1,0,0,2,4,0,0
A,B,150,75,10,8,False,B,7,4,139,0,0,2,1,0,1,0,0,1,2,1,0
B,A,98,50,4,10,False,B,8,2,86,0,0,2,1,0,0,1,0,0,1,1,0
A,A,263,132,10,9,False,,6,4,251,1,2,5,1,1,0,1,2,1,6,0,0
A,A,199,100,10,9,False,,10,2,187,0,0,3,1,1,1,0,0,0,2,0,1
A,B,186,93,10,7,False,,9,3,174,0,0,8,2,1,0,0,0,2,3,0,0
B,A,162,81,7,10,False,,6,7,149,0,0,5,1,0,0,1,0,2,3,0,0
A,A,229,115,10,6,False,,5,9,215,0,0,6,1,1,0,0,1,0,2,0,0
B,B,141,71,7,10,False,B,7,3,131,0,0,6,1,1,1,0,3,0,5,1,0
B,B,183,92,7,11,False,,11,5,164,0,0,4,1,0,2,1,2,0,5,0,0
B,B,275,138,9,10,False,,5,7,263,0,0,5,0,1,0,0,1,2,4,0,0
A,A,171,86,10,9,False,,9,4,158,0,0,5,1,0,0,1,0,0,1,0,1
B,B,187,94,9,10,False,,7,5,173,0,0,7,1,0,2,1,2,0,5,0,0
B,A,148,75,8,10,False,B,7,2,136,0,0,4,2,0,0,2,1,0,3,1,0
B,B,219,110,7,10,False,B,10,3,203,0,0,7,0,0,1,1,1,2,5,1,0
B,B,201,101,6,10,False,,8,5,188,0,0,4,0,1,1,0,1,0,3,0,0
B,A,164,82,6,10,False,,10,2,152,0,0,3,0,0,1,1,1,0,3,0,0
A,B,244,122,10,8,False,,7,8,229,0,0,4,0,1,1,0,1,0,3,0,0
B,B,213,107,8,10,True,,6,5,202,0,0,6,1,1,0,1,0,2,4,0,0
A,A,195,98,10,7,True,B,4,6,185,0,0,4,1,2,0,0,1,2,5,1,0
B,B,135,68,8,10,True,B,6,4,123,0,0,8,2,0,0,2,1,1,4,1,0
B,A,186,93,4,10,False,,7,7,172,0,0,5,0,0,0,1,0,1,2,0,0
A,A,225,113,10,7,False,,9,6,210,0,0,4,0,0,0,1,1,2,4,0,0
A,A,165,83,10,9,False,B,10,2,153,0,0,4,3,1,0,0,0,0,1,1,0
B,A,278,140,8,10,False,,4,6,268,0,0,5,0,1,1,1,1,1,5,0,0
A,A,183,92,10,7,False,,12,1,170,0,0,7,1,0,0,0,2,1,3,0,0
B,A,110,56,4,10,False,B,6,4,100,0,0,1,1,0,1,1,1,1,4,1,0
B,A,152,76,4,10,False,B,12,1,139,0,0,4,0,1,1,0,1,0,3,1,0
B,A,262,131,9,10,False,B,8,3,251,0,0,10,0,2,2,1,0,0,5,1,1
B,B,183,92,8,10,False,,9,5,167,0,0,7,0,0,2,1,0,0,3,0,0
B,B,239,120,7,10,False,,6,4,229,0,0,4,1,1,1,0,1,2,5,0,0
B,B,186,94,7,10,False,,6,8,171,0,0,6,0,0,1,1,1,0,3,0,0
B,A,190,95,9,10,True,,9,3,178,0,0,7,1,0,1,1,2,0,4,0,0
B,A,196,98,8,10,False,,7,4,185,0,0,6,0,2,1,0,2,0,5,0,0
B,A,224,112,8,10,False,,9,3,212,0,0,5,0,0,1,1,2,0,4,0,0
B,A,122,61,4,10,False,,6,6,110,1,2,4,0,0,0,1,1,0,3,0,0
B,A,208,104,8,10,False,,6,4,198,0,0,4,1,0,3,1,0,0,4,0,0
A,B,174,87,10,5,False,,6,5,163,0,0,3,0,0,1,2,0,3,6,0,0
B,A,220,110,6,10,False,,10,5,205,0,0,7,0,1,0,0,0,1,2,0,0
B,B,159,80,8,10,False,,9,4,143,0,0,7,0,0,0,1,0,1,2,0,0
B,B,233,117,8,10,False,,11,2,219,1,2,8,0,0,0,1,0,1,3,0,0
A,B,282,141,10,8,False,,11,3,268,0,0,3,0,1,1,0,1,0,3,0,0
B,B,187,94,5,10,False,,7,5,174,0,0,6,0,0,0,1,1,1,3,0,0
B,B,187,94,5,10,False,,10,4,173,0,0,4,0,0,1,0,2,0,3,0,0
B,A,154,77,5,10,False,,9,6,139,0,0,3,1,1,0,2,0,1,4,0,0
A,B,168,84,10,8,True,B,6,5,157,0,0,4,2,1,1,0,1,1,4,1,0
A,B,270,135,10,8,False,,7,6,257,0,0,5,1,1,1,0,0,2,4,0,0
A,B,218,109,10,5,False,,10,3,205,0,0,5,0,2,0,1,1,0,4,0,0
A,A,235,118,10,8,False,,10,2,223,0,0,5,1,2,1,0,2,1,6,0,0
B,B,179,90,5,10,False,,8,4,165,0,0,2,0,0,2,2,2,0,6,0,0
A,A,215,108,10,7,False,,10,5,200,0,0,4,1,1,0,0,0,2,3,0,0
A,A,172,87,11,9,False,,6,9,155,0,0,6,2,0,0,2,1,0,3,0,0
A,A,179,90,10,6,False,,8,2,168,0,0,4,0,1,1,1,2,0,5,0,0
B,B,192,97,8,10,False,,7,5,178,0,0,6,0,0,0,2,0,1,3,0,0
B,A,256,128,9,10,False,,6,6,244,0,0,6,0,3,0,0,1,1,5,0,0
B,B,183,92,9,10,False,,6,3,169,0,0,8,0,1,3,2,0,0,6,0,0
B,A,234,117,9,10,False,,6,6,222,1,2,6,1,1,2,0,0,1,5,0,0
B,B,225,113,9,10,True,,6,4,211,0,0,5,1,2,1,2,0,0,5,0,1
B,B,199,100,9,10,False,,8,5,184,0,0,6,0,1,0,2,0,1,4,0,0
B,B,157,79,7,10,False,,5,5,145,1,2,4,2,1,0,1,0,2,5,0,0
B,A,158,79,7,10,False,,7,6,145,0,0,8,0,0,1,1,0,2,4,0,0
B,A,214,107,8,10,False,,7,7,200,0,0,5,0,0,2,1,1,0,4,0,0
B,A,148,74,7,10,False,,10,5,133,0,0,2,0,0,0,1,0,1,2,0,0
B,A,190,96,7,10,False,,8,3,179,0,0,5,0,0,1,2,1,0,4,0,0
A,B,148,74,10,6,False,,8,2,138,0,0,7,1,0,2,1,1,1,5,0,0
A,B,136,68,10,9,False,,9,3,121,0,0,8,1,0,1,1,3,0,5,0,0
B,B,163,82,6,10,False,B,11,0,151,0,0,7,0,0,0,1,1,0,2,1,0
A,B,264,132,10,9,False,,6,8,250,0,0,4,1,0,0,0,2,1,3,0,0
B,B,175,88,9,10,False,,10,6,158,0,0,4,2,1,0,1,1,0,3,0,0
B,B,157,79,6,10,False,B,6,4,143,0,0,6,0,0,1,2,1,0,4,1,0
B,A,162,81,7,10,False,A|B,7,2,153,0,0,6,0,1,1,1,0,1,4,2,0
B,B,210,106,9,10,False,,6,6,198,0,0,7,1,0,0,2,1,2,5,0,0
A,A,169,85,10,9,False,,8,4,157,0,0,4,1,2,1,1,1,0,5,0,0
A,B,204,102,10,8,False,,7,5,189,0,0,6,1,1,1,2,1,1,6,0,1
B,A,208,104,9,10,False,,9,4,195,0,0,6,1,2,0,0,0,0,2,0,0
B,B,281,141,7,10,False,,10,3,268,0,0,7,0,2,0,0,1,0,3,0,0
B,A,156,78,7,10,False,,5,6,145,0,0,8,1,0,0,1,1,1,3,0,0
A,B,184,92,10,7,False,,8,4,172,0,0,6,1,3,0,0,1,2,6,0,0
A,B,196,98,10,7,False,,8,4,184,0,0,4,3,1,0,0,1,1,3,0,0
B,A,164,82,7,10,False,,13,1,150,0,0,9,0,1,1,1,0,0,3,0,0
A,A,131,66,10,2,False,B,8,1,122,0,0,5,1,3,0,0,1,0,4,1,0
B,A,260,130,8,10,False,,7,4,249,0,0,7,3,2,3,0,0,0,5,0,0
B,A,164,83,6,10,False,,5,6,153,0,0,5,0,0,0,1,0,3,4,0,0
B,B,165,83,7,10,False,,9,4,152,0,0,5,1,1,1,1,1,0,4,0,0
B,A,220,111,7,10,False,,5,6,209,0,0,3,1,1,1,2,1,0,5,0,0
B,A,230,115,7,10,False,,11,4,215,0,0,6,0,0,1,0,1,0,2,0,0
A,B,224,112,10,8,False,,11,3,210,0,0,3,0,1,1,0,1,1,4,0,0
B,B,249,125,8,10,False,,7,4,238,1,2,8,0,0,0,0,2,1,3,1,0
B,A,158,80,9,10,False,,9,6,141,0,0,7,0,0,0,2,1,1,4,0,0
B,B,151,76,5,10,False,,10,1,136,0,0,5,0,1,1,2,1,0,5,0,0
B,B,189,95,6,10,False,B,10,6,173,0,0,4,1,0,2,0,0,0,2,1,0
A,A,239,120,10,7,False,B,9,4,226,0,0,5,0,0,0,0,1,1,2,1,0
B,B,79,40,1,10,False,,7,4,68,0,0,5,1,1,0,1,1,0,3,0,0
A,A,165,83,10,6,False,,13,0,152,0,0,7,1,1,0,0,1,1,3,0,0
B,B,171,86,7,10,False,,9,1,159,0,0,5,0,1,1,2,1,1,6,0,0
A,B,334,167,12,8,False,,10,3,321,0,0,6,1,1,3,0,0,0,4,0,0
A,B,238,119,10,9,False,,10,5,223,0,0,4,0,0,1,0,1,1,3,0,0
B,B,195,98,8,10,False,,10,3,182,0,0,4,0,1,2,0,0,1,4,0,0
B,A,226,113,6,10,False,,4,9,213,0,0,6,0,0,2,0,2,1,5,0,0
B,B,261,131,8,10,False,,8,6,247,0,0,8,0,1,1,0,0,0,2,0,0
B,A,308,154,9,10,False,,5,2,301,0,0,5,0,1,2,0,1,3,7,0,0
A,B,172,86,10,7,False,,6,3,163,0,0,3,0,2,2,1,1,0,6,0,0
B,A,228,114,6,10,False,,7,2,219,0,0,5,2,1,2,0,1,1,5,0,0
B,B,193,97,8,10,False,,10,2,176,0,0,7,1,0,0,1,1,2,4,0,0
A,B,166,83,10,6,False,B,9,5,152,0,0,3,1,2,0,0,0,0,2,1,0
B,B,221,111,8,10,False,,7,5,207,0,0,4,0,1,0,1,2,2,6,0,0
A,B,228,114,10,5,False,,8,6,214,0,0,6,0,1,2,0,0,0,3,0,0
B,A,156,79,6,10,False,B,8,1,147,0,0,8,1,0,1,1,2,0,4,1,0
A,B,232,116,10,9,False,,11,5,216,0,0,8,0,0,0,0,0,2,2,0,0
B,B,243,122,7,10,False,,7,7,229,0,0,9,0,0,2,0,1,0,3,0,0
A,B,280,140,10,8,False,,5,8,267,0,0,6,2,0,1,0,1,1,3,0,0
A,B,196,98,10,8,False,,9,3,184,0,0,5,0,1,0,0,2,0,3,0,0
B,A,126,63,5,10,False,,10,2,114,0,0,5,0,0,0,2,1,1,4,0,0
B,B,207,104,9,10,False,B,7,5,195,0,0,7,2,0,0,0,0,0,0,1,0
B,A,118,59,6,10,False,,11,3,104,0,0,5,1,1,1,1,0,0,3,0,0
B,B,163,82,9,10,False,,13,1,148,0,0,3,1,0,0,1,0,1,2,0,0
B,A,294,147,7,10,False,,7,7,280,0,0,9,0,0,1,0,1,1,3,0,0
B,B,277,139,7,10,False,,9,4,264,1,2,7,0,1,0,0,0,1,3,0,0
A,B,246,124,10,7,False,,6,6,234,0,0,10,0,1,0,1,2,2,6,0,0
A,A,145,73,10,8,False,B,9,3,133,0,0,10,3,0,0,0,0,2,2,1,0
B,B,156,79,7,10,False,,8,5,141,0,0,4,1,0,0,1,0,2,3,0,0
B,A,276,138,9,10,False,,10,2,264,0,0,9,2,1,1,0,1,0,3,0,0
B,A,156,78,6,10,False,,11,2,143,0,0,4,0,1,0,1,1,1,4,0,0
B,B,209,105,7,10,False,B,10,2,197,0,0,8,0,1,0,0,0,2,3,1,0
B,A,268,134,9,10,False,,8,5,255,0,0,7,1,0,0,0,0,4,4,0,0
B,A,140,70,6,10,False,,8,4,128,0,0,5,1,1,1,2,1,0,5,0,0
B,B,110,56,6,10,False,B,10,3,97,0,0,4,1,0,0,1,1,0,2,1,0
B,A,242,121,7,10,False,B,10,2,230,0,0,8,0,1,0,0,0,1,2,1,0
B,A,282,141,9,10,False,B,7,6,269,0,0,9,1,1,2,0,0,0,3,1,0
B,B,205,103,7,10,False,,12,3,190,0,0,7,0,0,0,1,1,0,2,0,0
B,A,248,124,8,10,False,B,7,3,238,0,0,6,2,1,1,0,0,1,3,1,0
B,B,266,134,8,10,False,,4,7,253,0,0,6,0,0,1,1,2,1,5,0,0
A,A,153,77,10,5,False,B,4,3,146,0,0,5,2,3,1,0,2,1,7,1,0
B,B,301,151,8,10,False,,7,5,289,0,0,9,1,1,1,0,1,1,4,0,0
B,A,148,74,6,10,False,,7,5,136,1,2,7,0,0,1,2,0,0,4,0,0
B,B,283,142,8,10,False,B,2,6,275,0,0,5,0,0,4,0,1,1,6,1,0
B,B,193,97,6,10,False,,7,8,178,0,0,6,0,1,2,0,0,0,3,0,0
A,A,207,104,10,8,False,,6,5,196,0,0,9,0,1,1,1,0,3,6,0,0
B,A,226,113,5,10,False,B,3,3,220,0,0,8,1,2,0,3,2,1,8,1,0
B,A,262,131,9,10,False,,7,4,251,1,2,6,2,1,1,0,0,1,3,1,0
B,B,211,106,7,10,False,,9,6,196,0,0,6,0,2,0,0,1,1,4,0,0
B,A,136,68,6,10,False,,8,1,127,0,0,4,0,2,1,2,1,0,6,0,0
B,B,263,132,8,10,False,,7,7,249,0,0,4,0,1,0,0,2,0,3,0,0
B,A,170,85,5,10,False,,8,6,156,0,0,6,0,1,0,1,1,1,4,0,0
B,B,196,99,7,10,False,,6,7,180,0,0,3,0,1,0,2,1,0,4,0,0
B,A,158,79,6,10,False,,7,4,147,1,2,7,1,0,1,1,0,1,4,0,0
A,A,177,89,10,9,False,,7,4,166,0,0,6,0,2,1,2,0,0,5,0,0
B,A,174,87,7,10,False,,9,4,161,0,0,3,1,1,1,1,0,0,3,0,0
B,B,297,149,7,10,False,,6,7,284,0,0,7,0,1,1,0,1,2,5,0,0
A,A,199,100,10,7,False,B,9,3,181,0,0,7,1,1,0,0,0,1,2,1,1
B,B,221,111,9,10,False,,10,5,206,0,0,4,0,0,1,0,1,0,2,0,0
B,B,155,78,8,10,False,,9,3,141,0,0,4,1,0,0,1,2,2,5,0,0
B,B,189,95,5,10,False,,11,3,173,0,0,6,0,0,1,1,1,1,4,0,0
A,A,165,83,10,6,False,,10,3,147,0,0,3,0,0,0,1,0,2,3,0,0
B,B,173,87,7,10,False,,8,3,159,0,0,5,0,1,2,2,0,0,5,0,0
B,A,178,89,9,10,True,,5,8,165,0,0,6,1,0,0,2,2,0,4,0,0
A,A,105,53,10,3,False,B,10,2,93,0,0,5,1,0,2,0,1,1,4,1,0
B,B,131,66,6,10,False,,10,2,116,0,0,7,0,2,2,1,0,0,5,0,0
A,B,252,126,10,9,False,,9,2,241,0,0,7,0,3,0,0,1,0,4,0,0
B,A,162,81,5,10,False,,12,1,149,0,0,7,1,0,0,0,2,0,2,0,0
B,B,189,95,8,10,False,,7,1,177,0,0,8,1,1,0,3,0,1,5,0,0
A,A,199,100,10,7,False,B,9,3,187,0,0,6,1,1,1,0,0,1,3,1,0
B,A,256,128,8,10,False,,9,2,245,0,0,9,0,2,1,0,1,2,6,0,0
B,A,256,128,9,10,False,B,10,3,243,0,0,9,0,0,0,0,1,1,2,1,0
B,B,157,79,8,11,False,,10,3,144,0,0,4,1,1,0,1,0,2,4,0,0
B,A,240,120,9,12,False,,7,6,227,0,0,6,1,3,0,1,1,0,5,0,0
B,B,176,89,7,10,False,B,7,1,166,0,0,5,1,0,1,3,3,1,8,1,0
A,A,223,112,10,9,False,,11,2,210,0,0,7,0,1,0,0,2,1,4,0,0
B,A,170,85,9,10,True,,5,7,158,0,0,4,1,1,1,1,1,1,5,0,0
A,A,149,75,10,7,False,,4,4,141,0,0,4,3,2,1,1,1,1,6,0,0
B,B,198,100,6,10,False,,6,7,185,0,0,4,1,0,0,2,0,0,2,0,0
B,A,202,102,6,10,False,,7,7,188,0,0,3,0,0,0,2,1,2,5,0,0
A,B,212,107,10,8,False,,5,7,196,0,0,6,0,1,1,2,0,1,5,0,0
A,B,252,126,10,9,False,,10,3,239,1,2,8,0,0,1,0,0,2,4,0,0
B,A,184,92,4,10,False,,7,6,171,0,0,5,1,0,0,1,1,0,2,0,0
A,B,124,62,10,8,False,,9,5,110,0,0,6,1,1,1,0,1,0,3,0,0
B,A,170,85,6,10,False,,8,5,157,0,0,5,0,0,0,1,1,1,3,0,0
B,A,234,117,9,10,False,,8,3,223,1,2,7,1,0,1,0,0,0,2,0,0
A,A,197,99,10,8,False,,8,6,183,0,0,3,1,0,0,1,0,0,1,0,0
B,B,247,124,8,10,False,B,9,4,234,0,0,2,0,2,1,0,0,0,3,1,0
A,B,120,60,10,5,False,B,7,2,111,0,0,4,2,2,0,0,0,1,3,1,0
A,B,244,122,10,9,False,,6,5,233,0,0,5,0,1,1,0,1,1,4,0,0
B,B,149,75,6,10,False,B,8,1,140,0,0,5,1,1,2,0,1,0,4,1,0
B,A,126,63,4,10,False,,8,4,114,0,0,4,0,1,1,1,1,0,4,0,0
B,A,192,96,9,10,False,,9,4,179,0,0,6,0,0,2,1,0,0,3,0,0
B,B,215,108,9,10,False,,7,6,196,1,2,7,0,0,0,3,1,1,6,0,0
B,A,242,121,8,10,False,B,7,5,229,0,0,3,0,1,2,1,1,0,5,1,0
B,B,219,110,8,10,False,,7,5,205,0,0,8,1,0,0,2,2,1,5,0,0
A,B,192,96,10,9,False,,5,4,183,0,0,5,1,3,0,2,1,0,6,0,1
A,B,142,71,10,8,False,,9,4,127,0,0,2,0,0,1,2,0,0,3,0,0
A,B,132,66,10,5,False,,6,8,118,0,0,5,1,1,1,2,0,0,4,0,0
A,B,224,112,10,5,False,,5,10,209,0,0,4,0,2,0,0,2,0,4,0,0
A,A,229,115,10,9,False,,7,5,216,0,0,8,0,1,0,1,1,2,5,0,0
B,B,169,85,7,10,False,B,7,4,158,0,0,6,2,1,0,1,1,0,3,1,0
A,A,181,91,10,8,False,B,7,5,169,0,0,8,1,1,0,0,0,1,2,1,0
B,B,104,53,3,10,False,B,8,1,94,0,0,5,0,1,0,1,0,0,2,1,1
A,B,202,101,10,8,False,,5,5,192,0,0,3,1,1,1,2,1,0,5,0,0
A,B,222,111,10,9,False,,7,8,204,0,0,4,0,1,0,1,1,2,5,0,0
B,A,176,88,6,10,False,B,9,5,162,0,0,6,0,0,0,3,0,2,5,1,0
B,B,180,91,6,10,False,,7,6,167,0,0,7,0,1,2,1,0,0,4,0,0
B,A,224,112,8,10,False,,7,4,213,0,0,5,0,1,1,1,1,0,4,0,0
A,A,145,73,10,6,False,,11,4,130,0,0,4,2,0,1,1,0,1,3,0,0
B,B,165,83,9,12,False,B,9,3,148,0,0,2,1,0,1,1,1,0,3,1,0
A,B,228,114,10,9,False,A,6,8,214,0,0,6,1,0,1,0,1,2,4,1,0
A,B,220,110,10,8,False,,9,4,207,0,0,7,1,0,0,0,1,1,2,0,0
B,A,156,78,8,10,False,,6,3,147,0,0,5,1,1,0,2,2,0,5,0,0
B,B,187,94,6,10,False,,7,7,171,0,0,6,0,1,0,1,1,0,3,0,0
A,A,99,50,10,6,False,,4,2,93,0,0,4,2,2,2,1,0,0,5,0,0
B,A,184,92,7,10,False,,7,2,175,0,0,7,0,0,0,2,3,1,6,0,0
A,A,277,139,10,8,False,B,9,7,261,0,0,5,0,0,0,0,1,1,2,1,0
B,A,178,89,7,10,False,,11,3,164,0,0,5,0,1,2,1,0,0,4,0,0
B,B,209,105,9,10,False,,11,1,197,0,0,4,0,2,2,0,0,1,5,0,0
A,B,156,78,10,3,False,,7,3,146,0,0,7,1,1,2,0,1,1,5,0,0
B,B,235,118,7,10,False,,8,4,222,0,0,5,0,1,2,1,1,1,6,0,0
B,A,208,104,8,10,False,B,9,2,197,0,0,8,1,2,1,0,0,0,3,1,0
B,B,117,59,7,10,False,,10,3,103,0,0,4,1,0,0,1,1,1,3,0,0
A,B,270,135,10,7,False,B,5,7,258,0,0,6,1,1,0,0,3,2,6,1,0
B,B,153,77,5,10,False,,7,6,138,0,0,6,1,0,0,1,0,3,4,0,0
B,A,192,96,7,10,False,,8,4,180,0,0,6,1,0,1,0,1,1,3,0,0
B,A,180,90,7,10,False,,9,3,168,0,0,7,0,0,2,1,0,1,4,0,0
A,B,210,105,10,9,False,,5,8,196,0,0,6,1,0,2,2,0,0,4,0,0
A,B,240,120,10,8,False,,5,6,229,0,0,6,2,0,2,1,0,2,5,0,0
B,B,163,82,5,10,False,,5,9,147,0,0,3,1,0,0,1,1,1,3,0,0
A,A,224,113,10,8,False,,3,12,208,0,0,6,1,1,1,1,0,1,4,0,0
A,B,276,138,10,6,False,,10,3,263,0,0,6,0,0,3,0,1,1,5,0,0
B,A,174,87,8,10,False,,12,2,160,0,0,9,0,0,0,1,2,1,4,0,0
A,A,189,95,10,7,False,,7,2,180,0,0,7,1,2,0,0,0,1,3,0,2
B,B,207,104,8,10,False,,5,3,197,0,0,5,1,0,0,3,1,1,5,0,0
B,B,187,94,6,10,False,B,10,2,175,0,0,7,1,1,1,0,0,0,2,1,0
B,B,181,91,9,12,False,,9,5,164,0,0,6,2,0,0,2,0,1,3,0,0
A,B,152,76,10,7,False,,8,2,139,0,0,5,0,2,1,2,1,0,6,0,0
A,B,236,118,10,8,False,,8,4,224,0,0,7,0,1,1,0,2,2,6,0,0
A,A,200,101,10,9,False,B,8,2,188,0,0,9,0,0,1,2,2,1,6,1,0
A,A,247,124,10,8,False,,6,8,227,0,0,5,0,1,0,0,1,2,4,0,0
A,B,292,146,10,9,False,,8,7,277,0,0,9,0,1,0,0,2,1,4,0,0
B,A,222,111,9,10,False,B,9,7,206,0,0,9,0,0,0,0,0,2,2,1,0
B,A,232,116,8,10,False,,9,2,221,0,0,2,1,2,0,0,1,2,5,0,0
B,A,150,76,8,10,False,,9,4,137,0,0,8,2,0,0,1,2,0,3,0,0
A,B,170,86,10,7,False,,8,4,156,0,0,3,1,1,1,3,2,0,7,0,0
A,B,238,119,10,9,False,,5,7,224,0,0,3,1,2,1,1,0,1,5,0,1
A,B,172,86,10,8,False,,8,1,161,0,0,8,2,1,0,3,0,2,6,0,0
B,B,177,89,6,10,False,B,10,2,165,0,0,6,0,1,1,1,0,1,4,1,0
B,A,250,125,7,10,False,,9,3,238,0,0,6,2,2,1,0,1,0,4,0,0
B,A,208,104,9,10,False,,11,2,195,0,0,6,0,0,1,0,1,1,3,0,0
B,B,194,98,6,10,False,,6,8,178,0,0,5,1,0,1,2,0,1,4,0,0
B,B,210,106,8,10,False,,7,3,196,0,0,7,0,2,1,2,0,0,5,0,0
B,B,165,83,8,10,False,B,13,2,150,0,0,7,1,0,0,0,0,0,0,1,0
B,B,173,87,9,10,True,,10,3,159,0,0,7,1,0,0,1,0,0,1,0,0
A,B,158,80,10,8,False,,7,4,146,0,0,5,1,0,1,2,0,2,5,0,0
B,B,191,96,8,10,False,,5,8,173,0,0,5,1,1,0,2,0,0,3,0,0
A,B,138,69,10,4,False,,7,2,129,0,0,5,1,1,1,1,1,1,5,0,1
A,A,217,109,10,7,False,,11,5,201,0,0,7,2,1,1,0,1,1,4,0,0
B,B,225,113,8,10,False,,10,4,211,0,0,7,0,1,2,0,1,1,5,0,0
B,A,230,115,9,10,False,,8,1,221,0,0,5,1,1,2,0,1,0,4,0,0
A,B,268,134,10,8,False,,10,4,254,0,0,5,0,0,1,0,0,1,2,0,0
B,A,226,113,7,10,False,,6,7,213,0,0,5,0,2,0,1,0,1,4,0,0
A,A,125,63,10,6,False,,8,6,108,0,0,4,1,0,0,2,1,0,3,0,0
A,B,198,99,10,7,False,,8,3,187,0,0,9,0,0,1,1,1,2,5,0,0
A,B,138,69,10,2,False,,7,4,127,0,0,3,1,1,1,1,1,0,4,0,0
B,B,196,99,7,10,False,,5,3,186,0,0,7,0,0,1,1,1,2,5,0,0
A,A,245,123,10,8,False,,9,4,232,0,0,8,0,0,0,0,1,1,2,0,0
B,A,172,86,7,10,False,,9,5,158,0,0,5,1,1,0,1,2,0,4,0,0
B,B,241,121,8,10,False,B,7,6,228,0,0,12,0,0,2,0,0,1,3,1,0
A,B,164,82,10,7,False,,9,6,147,0,0,6,0,0,0,2,0,1,3,0,0
B,B,237,119,8,10,False,,11,3,223,0,0,8,0,0,1,0,0,1,2,0,0
B,A,200,100,7,10,False,A,6,6,188,0,0,5,0,1,0,2,1,0,4,1,0
B,A,206,103,9,10,False,,9,5,192,0,0,7,0,0,1,1,1,1,4,0,0
B,A,170,86,6,10,False,B,7,4,157,0,0,5,1,1,1,3,0,0,5,1,0
B,B,179,90,5,10,False,,7,3,168,0,0,5,1,2,1,2,0,1,6,0,0
A,B,172,87,10,9,False,,10,3,156,0,0,8,0,1,0,2,2,1,6,0,0
B,A,160,80,6,10,False,B,7,2,151,0,0,4,1,0,1,2,1,2,6,1,0
B,A,244,122,7,10,False,B,6,5,233,0,0,7,0,1,0,0,2,1,4,1,0
B,B,231,116,8,10,False,,6,6,217,0,0,7,3,0,1,1,1,1,4,0,0
A,A,273,137,10,9,False,A,7,6,260,0,0,7,1,0,0,0,0,3,3,1,0
B,A,282,141,7,10,False,B,8,5,269,0,0,8,0,0,0,0,1,1,2,1,0
B,B,235,118,7,10,False,,7,5,222,0,0,5,0,2,1,1,0,0,4,0,0
B,A,144,72,5,10,False,B,3,8,132,0,0,7,1,0,0,3,1,1,5,1,0
A,B,98,50,10,6,False,,4,5,87,0,0,5,1,2,0,3,0,0,5,0,0
B,B,225,113,7,10,False,A,9,4,212,0,0,6,0,0,1,0,0,0,1,1,0
B,A,220,110,9,10,False,,5,4,211,0,0,4,0,3,1,1,1,1,7,0,0
A,A,105,53,10,5,False,,7,6,92,0,0,4,2,0,0,0,1,1,2,0,0
B,B,165,83,5,10,False,B,6,5,154,0,0,5,2,2,1,1,1,0,5,1,0
B,B,252,127,9,10,False,,10,5,237,0,0,7,2,1,1,1,0,0,3,0,0
A,B,198,99,10,7,False,,8,5,185,0,0,3,3,2,0,0,0,2,4,0,0
B,B,249,125,8,10,False,,6,4,236,0,0,10,0,1,1,1,1,0,4,0,0
A,B,188,94,10,9,False,,10,2,176,0,0,5,2,1,0,0,0,3,4,0,0
B,A,118,60,7,10,False,B,6,0,112,0,0,5,2,1,1,1,1,2,6,1,0
A,B,252,126,10,9,False,,12,3,237,0,0,6,0,1,0,0,1,0,2,0,0
A,A,295,148,10,9,False,,9,2,284,0,0,6,0,3,1,0,0,0,4,0,0
A,A,245,123,10,8,False,,7,4,233,0,0,6,0,2,0,1,1,2,6,0,0
B,B,155,78,6,10,False,B,8,1,143,0,0,8,1,3,2,2,0,0,7,1,0
B,A,192,96,6,10,False,B,5,3,184,0,0,5,1,0,1,1,2,0,4,1,0
A,A,158,80,10,8,False,,8,3,145,0,0,5,1,1,0,2,0,0,3,0,0
B,A,186,93,9,10,False,B,11,2,173,0,0,5,1,0,0,0,2,0,2,1,0
A,A,141,71,10,5,False,,9,2,130,0,0,6,1,1,1,0,1,0,3,0,0
B,B,259,130,8,10,True,,4,10,245,0,0,3,1,0,0,0,0,0,0,0,1
A,B,232,116,10,7,False,A,4,6,221,0,0,6,1,0,0,2,1,2,5,1,0
A,A,155,78,10,6,False,B,6,3,146,0,0,10,2,1,2,0,0,1,4,1,0
A,A,217,109,10,8,False,,8,6,203,0,0,11,0,1,2,0,0,1,4,0,0
B,B,193,97,7,10,False,,6,7,177,0,0,6,0,0,2,1,1,1,5,0,0
B,A,222,111,9,10,False,,10,2,210,0,0,6,0,0,2,0,1,2,5,0,1
B,A,198,99,7,10,False,,7,7,184,0,0,8,0,2,1,0,1,0,4,0,1
A,A,191,96,10,9,False,,8,3,180,0,0,8,0,1,1,1,1,0,4,0,0
B,B,196,99,8,10,False,,9,5,179,0,0,10,0,0,1,1,1,0,3,0,0
A,A,191,96,10,8,False,,11,3,177,0,0,4,1,0,1,1,0,1,3,0,0
B,B,251,126,6,10,False,B,7,2,242,0,0,8,1,0,2,0,0,1,3,1,0
B,B,253,127,6,10,False,B,7,3,243,0,0,4,0,1,2,0,1,1,5,1,0
B,A,194,97,5,10,False,B,6,5,183,0,0,7,2,1,2,1,0,0,4,1,0
B,B,207,104,8,10,False,,5,3,197,0,0,2,0,0,5,1,0,1,7,0,0
A,A,159,80,10,6,False,,11,2,146,0,0,5,1,0,2,0,0,0,2,0,0
B,B,219,110,8,10,False,,7,2,207,1,2,6,1,1,2,2,0,1,7,0,0
A,B,174,87,10,6,False,,4,4,166,1,2,9,0,1,1,1,2,1,7,0,0
A,A,105,53,10,2,False,,9,3,93,0,0,3,1,1,2,1,0,0,4,0,0
B,B,172,87,6,10,False,,4,8,159,0,0,10,1,0,0,1,3,0,4,0,0
B,B,209,105,8,10,False,,10,2,192,0,0,5,0,2,0,1,0,0,3,0,0
A,B,276,138,10,9,False,B,4,6,266,0,0,7,1,1,1,0,2,1,5,1,0
B,A,152,76,8,10,False,,7,7,138,0,0,3,1,0,0,1,0,0,1,0,0
B,A,182,91,7,10,False,B,8,6,167,0,0,5,0,0,0,1,2,0,3,1,0
A,B,150,75,10,8,False,,9,4,137,0,0,6,2,1,1,1,0,0,3,0,0
B,B,228,115,6,10,False,,7,8,212,0,0,5,0,0,0,1,1,0,2,0,0
B,B,293,147,9,10,False,,7,6,280,0,0,8,0,2,0,0,1,0,3,0,0
B,B,239,120,9,10,False,B,8,5,226,0,0,7,0,1,2,0,0,0,3,1,0
B,B,172,87,7,10,False,,6,4,160,0,0,4,0,1,1,1,2,1,6,0,0
B,B,235,118,6,10,False,,6,8,221,0,0,8,2,0,0,1,1,2,4,0,0
B,A,190,95,7,10,False,,7,8,175,0,0,5,0,0,0,3,0,0,3,0,0
B,A,210,105,7,10,False,B,9,3,198,0,0,5,1,2,0,1,0,1,4,1,0
B,B,146,74,9,11,False,,10,2,133,0,0,5,2,0,1,1,1,1,4,0,0
A,A,225,113,10,9,False,,11,5,209,0,0,8,0,0,1,0,1,1,3,0,0
A,B,198,99,10,7,False,,10,1,187,0,0,10,1,0,1,1,1,2,5,0,0
B,B,243,122,8,10,False,,7,3,232,0,0,6,0,2,1,1,0,0,4,0,1
B,A,206,103,8,10,False,B,8,3,195,0,0,6,1,4,0,0,0,1,5,1,0
A,A,219,110,10,7,False,,8,4,206,0,0,7,1,2,1,1,0,1,5,0,0
B,A,312,156,8,10,False,A,3,8,301,0,0,6,0,2,1,0,0,1,4,1,0
B,B,230,116,7,10,False,,3,8,217,0,0,5,1,1,2,2,0,1,6,0,0
B,B,257,129,9,10,False,,6,6,244,0,0,7,2,2,0,1,1,1,5,0,0
B,B,173,87,9,12,False,,9,3,155,0,0,4,1,0,1,2,1,1,5,0,0
B,A,176,88,7,10,False,,8,6,162,0,0,7,0,0,0,1,0,3,4,0,0
A,A,245,123,10,7,False,,8,4,233,0,0,6,1,1,1,0,0,1,3,0,0
B,A,290,145,8,10,False,,8,3,279,0,0,8,0,2,2,0,2,1,7,0,0
B,A,218,109,9,10,False,,4,4,210,0,0,5,2,0,1,2,1,1,5,0,0
B,A,224,112,6,10,False,A,4,6,214,0,0,9,0,2,1,2,0,0,5,1,0
B,A,204,103,7,10,False,,9,3,192,0,0,5,1,2,1,1,0,0,4,0,0
A,B,188,94,10,8,False,B,6,6,176,0,0,2,2,1,2,0,0,0,3,1,0
B,A,252,126,9,10,False,,10,6,236,0,0,5,0,1,0,0,0,1,2,0,0
B,A,196,99,7,10,False,,9,3,184,0,0,6,0,1,0,2,1,1,5,0,0
A,A,153,77,10,8,False,,7,5,141,0,0,3,1,0,0,0,2,1,3,0,0
B,A,146,73,5,10,False,,11,2,133,0,0,3,0,0,1,0,1,2,4,0,0
A,A,111,56,10,1,False,,6,3,102,0,0,5,1,1,3,0,0,1,5,0,0
A,B,168,84,10,5,False,,8,3,157,0,0,2,1,1,1,1,3,1,7,0,0
B,B,174,88,7,10,False,,13,0,158,0,0,4,0,0,2,3,0,0,5,0,0
B,B,161,81,7,10,False,B,8,5,146,0,0,4,1,0,1,1,0,1,3,1,0
A,A,231,116,10,8,False,,6,2,221,0,0,5,0,2,0,2,0,2,6,0,0
A,B,176,89,10,8,False,,6,8,161,0,0,6,0,0,1,2,0,1,4,0,0
B,A,104,52,6,10,False,B,8,3,93,0,0,5,1,1,0,1,0,0,2,1,0
B,B,239,120,9,10,False,,6,8,222,0,0,4,0,1,1,1,1,1,5,0,0
