vencedor_papel,primeiro_papel,turnos,rodadas,pontos_a,pontos_b,teve_comeback,juiz_papeis,atacar_principal,atacar_secundario,atacar_terciario,barragem_cadeia,barragem_profundidade_soma,colocar_local,evoluir,guardiao_Descanso,guardiao_Escudos,guardiao_Oprimidos,guardiao_Portais,guardiao_Restauracao,invocar_guardiao,invocar_juiz,invocar_mestre
B,A,232,116,8,10,False,,7,3,222,0,0,6,0,2,1,0,1,1,5,0,0
A,A,199,100,10,9,False,,8,4,187,1,2,8,0,0,1,0,0,1,3,0,0
B,A,134,67,7,10,False,,8,2,124,0,0,6,0,0,1,2,2,0,5,0,0
B,B,208,105,7,10,False,A,10,1,194,0,0,8,1,0,0,1,1,1,3,1,0
A,A,191,96,10,7,False,,9,4,175,0,0,6,0,1,1,1,0,0,3,0,0
A,B,206,103,10,8,False,A,8,4,194,1,2,8,0,1,1,0,0,0,3,1,0
B,A,188,95,4,10,False,,6,3,179,0,0,5,2,2,1,1,1,1,6,0,0
B,A,174,87,7,10,False,,8,1,163,0,0,5,0,1,2,2,1,0,6,0,0
B,B,263,132,5,10,False,,8,4,251,1,2,1,0,0,0,0,1,0,2,0,0
B,B,255,128,8,10,False,,6,7,242,0,0,10,0,0,1,0,2,1,4,0,0
B,B,125,63,3,10,False,,9,5,111,0,0,5,2,0,1,1,0,1,3,0,0
B,A,182,91,7,10,False,B,7,2,172,0,0,4,1,1,2,2,1,0,6,1,0
A,A,231,116,10,7,False,,11,4,214,0,0,3,0,1,0,1,0,0,2,0,0
B,A,220,110,7,10,False,,14,2,204,0,0,2,0,1,0,1,1,1,4,0,0
A,B,182,91,10,8,False,,11,3,168,0,0,7,0,1,0,3,0,0,4,0,0
B,A,198,99,6,10,False,,8,2,188,0,0,7,2,1,1,1,1,0,4,0,0
B,B,194,98,9,10,True,,9,2,183,0,0,7,1,0,0,1,0,2,3,0,0
A,A,162,82,10,7,False,,6,3,149,0,0,5,0,1,1,2,0,2,6,0,0
B,A,210,105,9,10,False,B,6,5,198,0,0,8,0,0,0,2,1,2,5,1,0
A,B,158,79,10,6,False,,7,3,148,1,2,7,0,0,1,1,1,0,4,0,0
A,B,172,86,11,8,False,,7,7,158,0,0,6,2,2,0,1,2,0,5,0,0
A,B,232,116,10,8,False,,11,6,215,0,0,5,0,0,1,0,1,0,2,0,0
A,A,219,110,10,6,False,,9,2,208,0,0,5,1,0,2,0,1,1,4,0,0
A,B,232,116,10,9,True,A,7,4,221,0,0,9,1,1,1,0,0,0,2,1,0
B,A,180,90,6,10,False,,11,3,166,0,0,6,0,1,1,0,0,0,2,0,0
B,B,158,80,8,10,False,A,13,3,142,0,0,5,1,0,0,1,1,0,2,1,0
A,B,248,124,10,5,False,,7,6,235,0,0,6,0,2,0,0,1,1,4,0,0
A,B,178,90,10,7,False,,6,3,167,0,0,3,1,1,1,3,1,1,7,0,0
A,A,249,125,10,8,False,B,6,1,242,0,0,5,3,2,1,1,1,1,6,1,0
A,A,183,92,10,9,False,,4,5,172,1,2,7,0,2,0,3,0,1,7,0,0
A,A,194,98,10,7,False,,5,8,178,0,0,8,0,0,0,1,1,2,4,0,0
A,B,194,97,10,8,False,,9,2,182,0,0,5,2,1,1,1,1,0,4,0,0
B,A,238,119,8,10,False,,11,2,225,0,0,6,0,0,3,0,0,1,4,0,0
B,B,201,101,8,10,False,,8,6,187,0,0,6,1,1,1,0,0,0,2,0,0
B,B,145,73,5,10,False,,9,3,131,0,0,3,0,1,2,1,1,1,6,0,0
B,A,256,128,7,10,False,,8,0,248,1,2,9,1,0,0,0,2,3,6,0,0
A,B,240,120,10,6,False,,7,7,226,0,0,6,0,0,1,0,0,1,2,0,0
B,B,233,117,9,10,False,,9,2,219,0,0,4,0,0,2,1,1,0,4,0,0
A,B,202,101,10,8,False,A,7,6,189,0,0,5,0,0,2,1,2,0,5,1,0
B,B,165,83,9,10,False,,11,3,147,1,2,7,0,0,0,2,1,0,4,0,0
B,B,257,129,7,10,False,,4,5,245,0,0,5,1,0,3,2,0,2,7,0,0
B,A,198,99,7,10,False,A,4,4,190,0,0,6,1,2,0,2,1,1,6,1,0
A,B,182,91,10,8,False,B,7,7,168,0,0,9,1,2,0,1,1,1,5,1,0
A,B,232,117,10,5,False,,7,4,221,0,0,6,1,3,0,1,0,1,5,0,0
A,B,216,108,10,4,False,,7,5,204,0,0,3,1,2,0,0,2,0,4,0,0
B,A,244,122,6,10,False,,5,3,236,1,2,6,1,1,2,1,0,2,7,0,0
A,B,148,74,10,6,False,,9,6,133,0,0,4,1,0,1,1,0,1,3,0,0
B,A,294,147,9,10,False,,11,3,280,0,0,7,1,1,1,0,0,0,2,0,0
B,B,127,64,6,10,False,A,8,0,119,0,0,6,2,1,1,0,2,0,4,1,0
A,B,196,98,10,9,False,,8,9,179,0,0,7,2,0,1,0,1,2,4,0,0
B,A,178,90,9,10,False,,8,3,165,0,0,3,1,0,0,5,1,1,7,0,0
B,B,191,96,6,10,False,B,6,3,182,0,0,8,2,1,1,0,1,2,5,1,0
B,B,147,74,5,10,False,,8,5,134,0,0,5,1,0,1,0,1,0,2,0,0
B,B,181,91,7,10,False,,7,7,166,0,0,7,0,1,0,2,3,0,6,0,0
A,B,224,112,10,8,False,A,5,3,214,0,0,11,1,0,0,1,3,1,5,1,0
B,B,179,90,7,10,False,,10,5,162,0,0,7,0,2,0,1,0,2,5,0,0
A,B,186,93,10,8,False,A,9,3,174,0,0,6,0,0,0,2,0,0,2,1,0
B,B,156,79,9,10,False,,7,2,145,0,0,8,0,1,0,2,0,1,4,0,2
B,A,218,109,9,10,False,,8,7,203,0,0,10,0,1,1,1,0,1,4,0,0
B,A,184,92,6,10,False,,11,1,172,0,0,6,0,1,1,0,1,0,3,0,0
B,B,164,83,9,10,False,,9,6,147,0,0,6,0,0,0,2,2,0,4,0,0
A,A,193,97,10,7,False,B,6,5,182,0,0,6,1,2,1,1,0,1,5,1,0
A,B,134,67,10,7,False,,9,3,120,0,0,7,1,1,0,2,0,0,3,0,0
A,B,216,108,10,7,False,A,4,7,204,0,0,8,0,1,3,1,1,0,6,1,0
B,B,95,48,2,11,False,B,8,3,84,0,0,2,2,0,1,0,1,1,3,1,0
B,B,227,114,6,10,False,B,11,0,216,0,0,6,1,0,0,0,0,2,2,1,0
A,B,230,115,10,8,False,,8,2,220,0,0,6,2,1,1,0,1,0,3,0,0
B,A,158,79,7,10,False,,7,4,147,0,0,6,1,1,0,0,0,3,4,0,0
B,A,202,102,7,10,False,,8,3,191,0,0,10,0,0,0,1,2,2,5,0,0
B,A,250,125,6,10,False,,8,5,237,0,0,5,0,0,1,0,2,2,5,0,0
A,A,234,118,10,9,True,,8,4,220,0,0,5,1,0,0,1,1,3,5,0,0
B,A,208,104,8,10,False,,7,4,197,0,0,7,1,2,1,0,0,2,5,0,0
B,B,165,83,6,10,False,B,9,5,151,0,0,7,1,0,2,0,0,0,2,1,0
B,B,185,93,5,10,False,,7,2,176,0,0,5,0,0,2,0,2,2,6,0,0
A,B,214,107,10,9,False,,9,2,203,0,0,10,0,1,1,0,2,0,4,0,1
B,A,198,99,9,10,False,,10,3,185,0,0,6,0,2,0,1,1,0,4,0,0
B,A,172,86,6,10,False,,5,8,159,0,0,7,0,1,1,1,0,0,3,0,0
B,B,139,70,7,10,False,B,13,1,125,0,0,6,1,0,1,1,0,0,2,1,0
A,A,253,127,10,7,False,,6,3,242,1,2,9,1,1,0,2,1,0,5,0,0
A,A,143,72,10,7,False,B,7,3,133,0,0,7,2,1,2,0,1,0,4,1,0
B,B,227,114,8,10,False,B,11,4,212,0,0,8,1,0,0,0,0,1,1,1,0
A,A,165,83,10,9,False,,7,1,156,0,0,4,1,1,2,2,1,1,7,0,0
A,B,188,94,10,8,False,B,10,3,175,0,0,4,1,0,3,0,0,1,4,1,0
B,B,189,95,7,10,False,,8,5,174,0,0,4,0,0,1,1,0,0,2,0,0
B,A,166,83,6,10,False,,10,5,151,0,0,5,1,0,1,1,1,0,3,0,0
B,A,212,106,6,10,False,,8,5,199,0,0,6,0,2,0,0,1,0,3,0,0
B,A,174,88,8,10,False,,9,1,162,0,0,9,0,1,3,2,2,0,8,0,0
B,A,214,107,8,10,False,A,9,4,201,0,0,6,1,0,1,0,0,2,3,1,0
A,A,171,86,10,7,False,,13,2,153,0,0,5,0,0,0,2,0,0,2,0,0
A,B,178,90,10,7,False,,6,4,168,0,0,5,1,0,2,2,0,0,4,0,1
A,B,268,134,10,8,False,,9,5,254,0,0,8,1,0,0,0,2,1,3,0,0
A,B,160,80,10,4,False,B,6,6,148,0,0,5,2,0,0,1,0,1,2,1,0
B,A,134,68,3,10,False,,8,4,122,0,0,4,1,0,1,1,1,0,3,0,0
B,B,303,152,8,10,False,,6,6,291,0,0,5,1,0,2,0,0,1,3,0,0
A,B,176,88,10,5,False,B,7,3,166,0,0,6,2,1,0,0,1,2,4,1,0
B,A,290,145,9,10,False,,7,5,278,0,0,8,1,2,0,0,2,2,6,0,0
A,A,169,85,10,7,False,A,9,4,156,0,0,10,1,0,0,0,0,1,1,1,1
A,B,266,133,10,9,True,,10,1,255,0,0,5,1,2,2,0,0,0,4,0,0
B,A,56,28,1,10,False,,6,2,48,0,0,1,1,0,1,0,0,1,2,0,0
A,B,172,86,10,7,False,,8,6,158,0,0,9,0,0,0,1,2,0,3,0,0
A,A,225,113,10,7,False,,8,4,210,0,0,5,0,0,1,1,0,2,4,0,0
A,B,196,98,10,6,False,A,7,8,181,0,0,5,0,0,0,1,0,0,1,1,0
A,B,156,78,10,8,False,,12,3,138,0,0,3,0,0,1,1,1,1,4,0,0
B,B,145,73,7,10,False,B,10,1,132,0,0,3,3,1,1,1,0,1,4,1,0
A,B,162,81,10,8,False,,13,1,147,0,0,6,1,1,0,2,0,0,3,0,0
A,B,210,105,10,8,False,,12,4,194,0,0,6,0,1,2,0,0,0,3,0,0
B,A,210,105,9,10,False,,10,6,194,0,0,4,0,0,1,0,1,1,3,0,0
A,B,220,110,10,7,False,,12,4,204,0,0,8,0,1,0,1,1,0,3,0,0
B,B,153,77,5,10,False,,9,4,139,0,0,3,0,1,1,1,0,0,3,0,0
B,A,170,85,8,10,False,,9,5,154,0,0,6,0,0,2,1,0,1,4,0,0
A,B,168,84,10,8,False,A,8,3,152,0,0,7,1,0,0,1,3,0,4,1,0
A,A,175,88,10,6,False,,10,3,162,0,0,7,1,1,3,0,0,0,4,0,0
A,A,185,93,10,7,False,A,9,2,173,0,0,5,1,0,0,1,3,1,5,1,0
A,B,204,102,10,8,False,B,8,5,191,0,0,6,0,0,0,1,0,1,2,1,0
A,B,208,104,10,7,False,,5,3,200,0,0,9,0,5,0,0,3,0,8,0,0
A,B,208,104,10,7,False,,4,1,203,0,0,6,2,2,1,1,3,2,9,0,0
A,A,289,145,10,9,False,,8,7,274,0,0,7,1,0,0,0,0,2,2,0,0
A,A,237,119,10,8,False,,8,4,225,0,0,6,1,1,1,0,0,1,3,0,0
B,A,202,101,8,10,False,,6,6,190,0,0,4,1,0,1,0,1,0,2,0,0
A,A,239,120,10,9,False,A,7,6,226,0,0,9,0,1,0,0,0,3,4,1,0
A,B,212,106,10,6,False,A|B,6,1,205,0,0,7,0,1,1,2,0,3,7,2,0
A,A,155,78,10,7,False,,6,2,144,0,0,3,0,1,1,1,3,0,6,0,0
B,B,211,106,6,10,False,,9,4,196,0,0,5,3,1,0,1,0,0,2,0,0
A,B,206,103,10,7,False,,8,6,192,0,0,5,0,0,0,0,3,0,3,0,0
B,A,206,103,7,10,False,,5,5,196,0,0,7,2,0,2,0,1,2,5,0,0
B,A,202,101,9,10,False,,9,5,188,0,0,7,0,0,0,0,1,1,2,0,0
B,A,180,90,9,10,False,,3,5,167,0,0,6,1,1,2,2,0,1,6,0,0
A,A,232,117,10,6,False,,5,3,222,0,0,4,1,2,0,1,2,0,5,0,0
B,B,247,124,9,10,False,,6,4,237,0,0,7,2,1,2,0,0,1,4,0,0
A,A,190,96,10,8,False,,5,6,176,0,0,5,0,0,1,3,0,2,6,0,0
A,A,212,107,10,6,False,,9,2,200,0,0,5,1,1,2,1,0,1,5,0,0
B,A,184,92,6,10,False,,8,3,173,0,0,7,1,1,2,0,1,1,5,0,0
A,A,210,106,10,7,False,,7,6,195,0,0,4,0,1,1,1,0,0,3,0,0
B,B,165,83,2,10,False,,8,7,150,0,0,3,1,1,1,0,1,1,4,0,0
A,B,252,127,10,8,False,,6,9,237,0,0,6,0,1,0,1,0,1,3,0,0
A,B,222,111,10,9,False,,11,2,209,0,0,9,0,0,1,0,0,2,3,0,0
B,B,233,117,7,10,False,,6,5,220,0,0,5,0,1,1,1,2,2,7,0,0
A,A,223,112,10,8,False,,11,5,207,1,2,7,0,0,0,0,0,0,1,0,0
B,B,215,108,7,10,False,,13,2,200,0,0,6,0,1,1,0,0,0,2,0,0
B,B,203,102,8,10,False,,11,3,188,0,0,2,0,0,0,1,1,0,2,0,0
A,A,143,72,10,5,False,,12,3,125,0,0,5,1,0,0,1,0,2,3,0,0
B,A,222,111,7,10,False,A|B,9,4,209,0,0,7,0,1,2,0,0,0,3,2,0
B,B,203,102,5,10,False,,9,4,188,0,0,4,0,1,2,1,1,1,6,0,0
A,A,155,78,10,9,False,,11,4,140,0,0,4,0,1,0,1,1,1,4,0,0
A,B,190,95,10,7,False,,9,3,178,0,0,7,0,0,3,0,1,0,4,0,0
B,B,157,79,7,10,False,,7,7,143,0,0,6,2,2,1,0,0,1,4,0,0
B,B,156,79,8,10,False,,6,7,140,0,0,3,0,1,0,2,0,0,3,0,0
B,A,196,98,6,10,False,,7,7,182,0,0,8,0,1,0,0,1,0,2,0,0
B,A,198,99,6,10,False,,9,5,184,0,0,5,0,0,0,0,0,1,1,0,0
A,B,150,76,10,7,False,,8,2,138,0,0,8,0,4,0,2,0,0,6,0,0
A,A,245,123,10,8,False,,5,3,237,0,0,4,3,1,0,2,1,0,4,0,0
B,A,216,108,9,10,False,,13,2,201,0,0,7,0,0,0,0,0,1,1,0,0
B,B,313,157,8,10,False,,4,8,301,0,0,7,1,1,0,0,2,1,4,0,0
A,B,254,127,10,8,False,,8,7,239,0,0,5,1,0,0,0,2,0,2,0,0
B,B,251,126,7,10,False,,6,5,240,0,0,8,0,2,0,0,3,0,5,0,0
B,A,190,95,7,10,False,,9,4,177,0,0,4,0,1,2,0,1,1,5,0,0
A,A,283,142,10,7,False,A,8,3,272,0,0,6,0,1,1,0,1,1,4,1,0
A,B,210,105,10,8,False,,5,5,200,0,0,7,2,1,2,0,1,1,5,0,0
B,B,223,112,6,10,False,,10,3,208,0,0,3,0,0,0,1,1,3,5,0,0
A,B,226,113,10,9,False,B,7,3,216,0,0,9,2,0,1,1,0,0,2,1,0
B,A,210,105,7,10,False,B,8,3,199,0,0,6,1,1,1,0,1,1,4,1,0
A,B,260,130,10,8,False,B,7,1,252,0,0,6,0,3,0,1,1,1,6,1,0
A,A,249,125,10,9,False,,9,2,238,0,0,5,1,1,0,0,1,2,4,0,0
A,A,180,91,10,9,False,,11,1,164,0,0,9,1,2,0,2,0,1,5,0,0
B,A,250,125,8,10,False,,6,5,239,0,0,7,0,0,2,0,0,2,4,0,0
B,A,276,138,9,10,False,,6,7,263,0,0,3,0,1,1,0,0,2,4,0,0
A,B,182,91,10,7,False,,7,2,172,0,0,8,0,2,0,2,1,2,7,0,0
B,B,166,84,8,10,False,,9,3,151,0,0,7,1,0,1,1,0,3,5,0,0
B,A,202,102,7,10,False,B,8,4,190,0,0,5,0,1,1,1,2,0,5,1,0
B,A,156,78,4,10,False,,10,4,142,0,0,5,0,0,1,0,1,0,2,0,0
B,A,196,99,7,10,False,A,7,7,182,0,0,6,0,0,1,1,1,1,4,1,0
B,B,267,134,9,10,False,A,9,6,252,0,0,3,1,0,0,0,1,0,1,1,0
B,A,230,115,6,10,False,,9,2,219,0,0,7,0,0,1,0,2,2,5,0,1
A,A,227,114,10,8,False,,6,1,218,0,0,6,1,1,2,2,1,1,7,0,2
B,B,237,119,9,10,False,B,7,5,223,0,0,10,1,0,0,1,2,0,3,1,0
B,A,206,104,7,10,False,,9,2,195,1,2,4,0,1,2,1,0,0,5,0,0
A,B,272,136,10,9,False,,7,4,261,0,0,4,0,2,1,0,1,1,5,0,0
A,B,214,107,10,7,False,,7,6,201,0,0,7,0,0,1,1,2,0,4,0,0
A,B,204,102,10,8,False,,7,6,191,0,0,7,2,1,0,0,0,1,2,0,0
A,B,270,135,10,6,False,,7,1,262,0,0,7,1,1,0,0,4,2,7,0,0
B,A,228,114,8,10,False,A,5,5,218,0,0,11,1,0,1,0,2,0,3,1,0
A,A,217,109,10,8,False,,6,5,203,0,0,6,0,1,0,3,0,2,6,0,0
A,B,208,104,10,8,False,,9,4,195,0,0,4,1,1,1,0,2,0,4,0,0
B,A,220,110,8,10,False,A,8,4,208,0,0,9,0,0,3,0,1,0,4,1,0
A,A,255,128,10,8,False,,12,5,238,0,0,5,0,1,1,0,0,0,2,0,0
A,A,163,82,10,9,False,,6,1,152,0,0,5,0,2,1,2,1,0,6,0,0
B,A,180,90,9,10,False,,12,1,164,0,0,7,1,0,2,1,1,0,4,0,0
B,A,250,125,8,10,False,B,8,8,234,0,0,4,0,1,0,0,0,1,2,1,0
B,B,218,110,6,10,False,B,3,5,208,0,0,6,1,1,0,2,0,2,5,1,0
A,A,256,129,10,9,False,,3,7,246,1,2,3,1,0,1,2,0,0,4,0,0
B,B,223,112,8,10,False,,10,2,211,1,2,4,0,1,1,0,0,0,3,0,0
B,A,126,63,6,10,False,A,6,5,115,0,0,5,1,0,1,1,1,1,4,1,0
B,A,164,82,7,10,False,,9,5,150,0,0,8,2,2,0,1,0,1,4,0,0
B,A,212,107,8,10,False,,12,3,197,0,0,6,0,0,0,1,1,1,3,0,0
B,A,236,119,9,10,False,,5,3,223,0,0,9,2,0,2,2,1,4,9,0,0
A,A,227,114,10,9,False,,6,6,215,0,0,5,0,1,2,0,2,1,6,0,0
A,A,209,105,10,9,False,,11,4,194,0,0,3,1,0,1,0,0,1,2,0,0
A,B,166,84,10,7,True,,6,0,159,0,0,6,2,0,0,4,0,1,5,0,0
A,A,135,68,10,8,False,,11,3,120,0,0,5,0,1,0,1,0,0,2,0,0
B,B,167,84,4,10,False,,8,6,153,0,0,2,2,0,2,0,1,0,3,0,0
B,B,213,107,7,10,False,,7,4,201,0,0,6,2,1,0,1,0,0,2,0,0
B,B,311,156,9,10,False,,6,9,296,0,0,8,1,3,1,0,1,0,5,0,0
B,A,228,114,9,10,False,B,7,3,218,0,0,9,0,0,1,0,2,1,4,1,0
A,A,229,115,10,9,False,,12,1,216,0,0,5,0,1,1,0,0,3,5,0,0
B,A,166,84,6,10,False,,9,2,155,1,2,3,1,0,1,1,1,0,4,0,0
A,A,217,109,10,5,False,,9,3,203,0,0,3,0,0,0,1,1,2,4,0,0
A,B,162,81,10,7,False,,9,3,150,0,0,5,2,1,1,0,1,0,3,0,0
A,A,237,119,10,8,False,,6,6,223,0,0,4,1,0,4,0,1,0,5,0,0
A,A,225,113,10,9,False,,9,5,211,1,2,6,0,0,0,0,0,0,1,0,0
B,A,206,104,6,10,False,,9,4,193,0,0,2,0,0,0,1,2,2,5,0,0
A,A,263,132,10,8,False,,8,5,250,0,0,5,0,1,2,0,0,0,3,0,0
B,B,245,123,8,10,False,,5,8,232,0,0,4,1,1,1,1,0,1,4,0,0
A,B,106,53,10,4,False,,9,1,96,0,0,4,2,0,1,1,0,0,2,0,0
A,A,173,87,10,6,False,,6,5,162,0,0,7,1,2,0,1,2,1,6,0,0
B,A,184,92,6,10,False,B,6,6,172,0,0,3,1,0,1,1,0,1,3,1,0
A,A,203,102,10,6,False,,8,6,189,0,0,4,1,0,2,0,1,0,3,0,0
B,A,162,81,6,10,False,,9,4,149,0,0,6,0,0,0,0,1,3,4,0,0
B,B,265,133,9,11,False,,7,6,252,0,0,7,1,3,1,0,0,1,5,0,0
B,A,286,143,8,10,False,,4,7,275,1,2,4,0,0,0,0,0,2,3,0,0
A,B,170,85,10,7,False,,12,2,156,1,2,4,1,0,1,0,1,0,2,1,0
A,A,275,138,10,7,False,,1,12,262,1,2,7,2,1,0,0,0,1,3,0,0
A,A,265,133,10,7,False,,10,5,250,0,0,3,1,1,0,0,1,1,3,0,0
A,A,267,134,10,8,False,A,4,9,254,0,0,5,0,0,0,0,0,2,2,1,0
B,A,260,130,9,10,False,,7,4,249,0,0,4,1,2,0,0,1,1,4,0,0
B,B,191,96,9,10,False,,9,3,179,0,0,5,1,1,1,0,0,1,3,0,0
B,B,155,78,6,10,False,,9,1,143,0,0,6,0,1,1,2,0,0,4,0,0
A,A,220,111,10,9,False,,7,6,205,0,0,2,0,0,0,2,0,1,3,0,0
B,A,200,100,9,10,False,,8,6,186,0,0,7,0,0,0,0,1,1,2,0,0
A,A,201,101,10,9,False,,9,3,187,0,0,3,1,1,2,2,0,1,6,0,0
B,A,174,87,5,10,False,B,8,4,162,0,0,2,0,1,0,2,0,0,3,1,0
A,A,209,105,10,7,False,,11,2,196,0,0,3,1,0,0,0,1,0,1,0,0
B,A,158,80,4,10,False,B,4,3,151,0,0,10,1,1,1,1,3,2,8,1,0
B,A,230,115,8,10,False,,8,2,220,0,0,6,1,1,2,0,1,1,5,0,0
B,B,185,93,7,10,False,B,6,2,175,0,0,4,1,1,1,2,0,0,4,1,0
A,B,224,112,10,9,False,,7,0,214,0,0,8,0,1,1,2,2,1,7,0,0
B,A,108,55,4,10,False,B,7,7,94,0,0,5,1,0,0,1,0,0,1,1,0
A,A,299,150,10,9,False,,5,4,290,1,2,8,0,1,3,0,0,2,7,0,0
B,A,180,90,9,10,False,,9,4,167,1,2,6,1,1,1,0,0,1,3,1,0
A,A,213,107,10,7,False,,6,4,201,0,0,3,1,0,1,1,2,2,6,0,0
B,B,279,140,9,10,False,,7,4,268,1,2,5,1,0,2,0,0,0,3,0,0
A,A,203,102,10,7,False,A,6,4,193,0,0,8,1,2,0,0,1,1,4,1,0
B,B,183,92,7,10,False,,11,6,166,0,0,4,1,0,0,0,1,0,1,0,0
B,A,146,73,4,10,False,,6,4,136,0,0,6,1,1,3,0,1,0,5,0,0
A,A,153,77,10,7,False,A,8,2,143,0,0,9,1,1,2,1,0,1,5,1,0
A,B,202,101,10,5,False,,9,4,189,0,0,8,0,1,1,0,0,1,3,0,0
A,B,190,95,10,7,False,,8,2,180,0,0,5,1,0,2,1,1,0,4,0,0
B,B,271,136,7,10,False,,8,3,260,0,0,4,0,0,0,0,1,3,4,0,0
A,B,296,148,10,8,False,,6,7,283,0,0,8,1,0,2,1,1,0,4,0,0
A,B,248,124,10,7,False,,9,4,235,0,0,8,0,2,0,0,0,2,4,0,0
A,A,227,114,10,8,False,,9,3,215,0,0,8,1,1,0,0,1,1,3,0,0
B,B,215,108,7,10,False,B,9,2,202,0,0,8,0,1,0,2,0,1,4,1,0
B,A,276,138,8,10,False,,5,9,262,0,0,5,1,0,2,0,0,0,2,0,0
A,A,187,94,10,7,False,,12,4,171,0,0,7,0,0,2,0,0,0,2,0,0
A,A,163,82,10,9,False,A,8,5,150,0,0,9,2,1,0,1,0,1,3,1,0
B,B,203,102,7,10,False,,11,1,191,0,0,6,2,0,2,0,0,1,3,0,0
A,A,229,115,10,7,False,A,7,3,219,0,0,8,2,3,1,0,2,0,6,1,0
A,B,272,136,10,9,False,,9,3,260,0,0,5,0,1,1,0,1,1,4,0,0
B,A,218,109,5,10,False,B,6,6,206,0,0,8,3,1,0,0,0,1,2,1,0
A,B,192,96,10,7,False,A,5,7,180,0,0,4,0,1,0,1,0,1,3,1,0
B,B,161,81,7,10,False,,4,9,143,0,0,2,0,0,1,1,0,0,2,0,0
B,A,256,128,9,10,False,,11,3,242,0,0,6,0,0,2,0,0,2,4,0,0
A,A,226,114,10,8,False,,11,2,210,0,0,7,0,0,2,1,1,1,5,0,0
A,B,268,134,10,8,False,,9,3,256,0,0,6,0,1,2,0,1,0,4,0,0
A,B,106,53,10,3,False,,8,4,94,0,0,4,2,0,0,0,0,1,1,0,0
A,A,265,133,10,8,False,,4,3,258,0,0,4,2,4,2,0,1,0,7,0,0
A,B,198,99,10,6,False,,5,7,186,0,0,7,1,1,1,1,1,1,5,0,0
B,A,244,123,6,10,False,,5,7,232,0,0,3,1,1,1,1,1,1,5,0,0
A,A,169,85,10,8,False,,9,2,156,0,0,4,0,1,1,1,0,1,4,0,0
B,A,170,86,9,10,False,,8,4,157,0,0,8,0,0,1,2,0,0,3,0,0
B,B,221,111,7,10,False,A,5,6,208,0,0,6,1,0,0,1,0,3,4,1,0
B,B,189,95,6,10,False,B,8,4,177,0,0,6,1,1,0,1,2,0,4,1,0
A,A,215,108,10,7,False,A,6,3,206,0,0,6,2,0,3,0,0,2,5,1,0
B,B,219,110,9,10,False,,10,4,205,0,0,4,0,0,1,0,0,1,2,0,0
A,A,215,108,10,5,False,,4,6,202,0,0,6,1,1,0,3,1,1,6,0,0
B,B,210,106,9,10,False,,12,2,192,0,0,6,1,1,0,1,0,0,2,0,0
A,A,249,125,10,8,False,,8,1,240,0,0,5,0,1,0,0,3,1,5,0,0
A,B,214,107,10,6,False,B,8,6,200,0,0,8,1,0,0,0,0,1,1,1,0
B,B,99,50,6,10,False,,10,2,85,0,0,6,2,0,0,1,1,0,2,0,0
B,A,138,70,8,10,False,,9,4,123,0,0,4,0,1,0,2,2,0,5,0,0
B,A,208,105,9,10,False,,8,2,198,0,0,8,0,1,2,1,0,2,6,0,0
A,A,202,102,10,6,False,,5,6,189,0,0,7,0,2,0,2,1,1,6,0,0
A,A,207,104,10,8,False,,5,6,194,0,0,9,2,1,1,1,2,0,5,0,0
A,A,235,118,10,9,False,A,7,3,225,0,0,8,1,2,1,2,0,1,6,1,0
B,A,138,69,6,10,False,,6,4,128,0,0,4,1,0,0,1,2,1,4,0,0
A,A,241,121,10,7,False,,7,4,229,1,2,7,1,1,0,1,3,0,6,0,0
A,B,138,69,10,4,False,A,10,3,125,0,0,9,1,0,0,1,1,2,4,1,0
A,B,204,102,10,7,False,,11,3,190,0,0,5,2,0,0,0,0,1,1,0,0
B,B,255,128,9,10,False,,8,5,242,0,0,4,0,1,0,1,1,3,6,0,0
B,B,195,98,9,10,False,,6,6,181,0,0,5,0,2,0,1,0,1,4,0,0
A,A,250,126,10,7,False,B,9,1,239,0,0,6,1,1,0,1,0,1,3,1,0
B,A,144,72,6,10,False,,7,6,131,0,0,8,0,1,0,2,0,1,4,0,0
B,A,178,89,5,10,False,,9,3,166,1,2,6,1,0,0,0,0,2,3,0,0
B,B,187,94,7,10,False,,9,4,172,0,0,4,1,1,0,1,0,1,3,0,0
B,B,278,140,8,10,False,,3,6,266,0,0,4,1,3,1,1,0,2,7,0,1
A,B,210,105,10,9,False,,8,3,193,0,0,4,0,1,0,3,1,0,5,0,0
B,B,204,103,8,10,False,A,6,3,193,0,0,8,1,1,1,2,0,2,6,1,0
B,B,209,105,8,10,False,,4,5,200,0,0,6,2,0,2,1,1,1,5,0,0
B,A,168,84,5,10,False,,8,6,154,0,0,6,1,0,2,0,1,0,3,0,0
A,B,214,107,10,7,False,,5,8,201,0,0,6,0,2,0,0,1,1,4,0,0
B,A,220,110,8,11,False,A,5,5,210,0,0,7,2,0,0,0,1,3,4,1,0
B,A,192,96,8,10,False,,11,4,177,0,0,4,0,1,1,1,0,0,3,0,0
A,B,256,128,10,8,False,,6,2,248,0,0,7,0,3,0,1,1,2,7,0,0
B,A,124,62,2,10,False,,6,5,113,1,2,7,1,1,1,0,0,0,3,0,0
A,B,190,95,10,6,False,,6,3,181,0,0,4,0,1,1,1,1,2,6,0,0
B,B,243,122,8,10,False,,7,3,233,0,0,7,1,1,1,0,0,1,3,0,0
B,B,247,124,7,11,False,,9,4,234,0,0,6,2,0,2,0,1,0,3,0,0
B,B,179,90,7,10,False,,9,4,162,0,0,5,0,1,0,1,1,1,4,0,0
A,B,204,102,10,7,False,,8,6,190,0,0,7,0,1,0,0,1,0,2,0,0
A,B,200,100,10,6,False,,6,3,191,0,0,8,0,1,0,1,2,1,5,0,0
B,A,178,90,7,10,False,,5,4,166,0,0,5,1,1,0,2,1,1,5,0,0
B,A,270,135,9,10,False,,8,3,259,0,0,6,1,1,0,0,2,1,4,0,0
B,A,212,107,6,10,False,,5,4,203,1,2,5,0,1,0,1,0,1,4,0,0
B,B,160,81,5,10,False,,6,4,148,0,0,5,0,0,1,1,2,1,5,0,1
A,B,210,105,10,7,False,B,9,7,194,0,0,6,0,0,1,1,1,0,3,1,0
B,B,194,98,8,10,False,,6,5,183,0,0,7,0,1,0,3,1,1,6,0,0
A,B,140,70,10,6,False,,10,3,127,0,0,6,0,1,0,1,0,0,2,0,0
B,B,229,115,8,10,False,B,9,4,216,0,0,5,2,0,1,0,1,1,3,1,0
A,B,140,70,10,4,False,,7,4,129,0,0,3,3,0,0,2,0,0,2,0,0
B,B,229,115,7,10,False,,9,6,214,0,0,5,0,0,0,0,1,1,2,0,0
B,B,227,114,8,10,False,B,5,5,217,0,0,4,1,2,1,0,0,0,3,1,0
B,B,187,94,7,10,False,,9,3,174,0,0,5,0,0,2,2,0,1,5,0,0
A,B,180,90,10,9,False,,7,7,166,0,0,5,0,0,0,1,0,1,2,0,0
A,A,206,104,10,7,False,,10,3,193,0,0,3,0,0,1,1,0,0,2,0,0
A,A,175,88,10,6,False,A,5,7,161,0,0,10,1,0,0,2,1,2,5,1,0
B,B,189,95,6,10,False,,10,4,174,0,0,3,1,0,0,1,1,1,3,0,0
A,B,194,97,10,7,False,,3,6,185,0,0,3,0,1,1,1,4,0,7,0,0
A,B,190,95,10,9,False,,6,5,176,0,0,6,1,0,0,2,1,1,4,0,1
A,B,224,112,10,7,False,,10,1,213,0,0,3,0,1,1,1,1,2,6,0,1
A,A,237,119,10,8,False,,10,3,224,0,0,7,0,1,0,0,1,0,2,0,0
A,A,191,96,10,8,False,,7,7,177,0,0,4,1,1,1,0,2,0,4,0,0
A,A,153,77,10,7,True,,8,3,140,0,0,3,2,2,2,0,1,0,5,0,0
B,B,176,89,8,10,False,,4,7,163,0,0,3,2,1,1,2,0,3,7,0,0
A,B,150,75,10,7,False,A,6,3,140,0,0,4,1,0,2,2,1,1,6,1,0
B,B,203,102,9,10,False,,8,2,193,0,0,3,1,1,1,0,2,1,5,0,0
B,B,197,99,6,10,False,B,12,2,183,0,0,5,0,0,1,0,0,0,1,1,0
B,B,191,96,8,10,False,,8,6,177,0,0,6,0,1,2,0,1,0,4,0,0
A,B,206,103,10,6,False,,9,0,197,0,0,4,0,1,3,0,1,0,5,0,0
B,B,232,117,9,10,False,,3,4,222,1,2,6,0,1,1,4,1,0,8,0,0
A,B,174,87,10,5,False,,5,5,164,0,0,2,1,4,1,1,0,0,6,0,0
A,B,226,113,10,8,False,,9,1,216,0,0,4,1,1,1,0,2,0,4,0,0
B,B,235,118,7,10,False,,8,5,222,0,0,2,1,1,0,0,0,1,2,0,0
A,B,158,79,10,7,False,,10,1,147,0,0,3,0,0,1,2,2,0,5,0,0
A,A,251,126,10,8,False,B,11,2,236,0,0,6,0,1,1,1,0,0,3,1,0
A,B,162,82,10,6,False,B,3,5,154,0,0,5,1,1,0,2,2,0,5,1,0
B,A,132,66,6,10,False,B,6,5,121,1,2,5,1,0,1,1,0,0,3,1,0
B,A,206,103,9,10,False,,10,4,192,0,0,6,3,1,2,0,0,0,3,0,0
A,A,210,106,10,9,False,,7,3,197,0,0,6,0,0,1,1,0,3,5,0,1
A,A,169,85,10,6,False,,5,2,162,0,0,5,1,3,2,0,1,1,7,0,0
B,A,218,109,9,10,False,,9,7,200,0,0,7,1,1,0,0,1,1,3,0,0
B,B,267,134,8,10,False,,6,5,256,0,0,9,1,1,1,0,1,1,4,0,0
A,B,166,83,10,9,False,,10,4,150,0,0,5,1,0,0,1,0,0,1,0,2
B,A,218,109,6,10,False,B,8,4,206,0,0,7,0,0,2,0,0,1,3,1,0
B,A,230,115,8,10,False,A,8,1,221,0,0,10,3,0,1,0,1,2,4,1,0
B,A,176,88,7,10,False,,7,6,163,0,0,4,1,0,3,0,1,0,4,0,0
B,B,162,82,6,10,False,B,11,2,146,0,0,8,0,0,1,1,0,0,2,1,0
B,A,174,87,8,10,False,,9,3,160,0,0,6,1,0,0,2,0,0,2,0,0
B,A,176,88,8,10,False,,12,5,159,0,0,4,2,0,0,0,0,0,0,0,0
B,B,229,115,6,10,False,A,5,5,219,0,0,7,0,1,2,1,0,1,5,1,0
B,B,266,134,9,10,False,,6,2,253,0,0,5,0,1,1,1,2,0,5,0,0
A,A,155,78,10,7,False,A|B,7,2,143,0,0,7,3,1,0,1,0,0,2,2,0
B,B,205,103,7,10,False,,8,5,192,0,0,5,1,0,1,1,1,1,4,0,0
A,A,181,91,10,6,False,,11,2,168,0,0,7,0,2,0,0,1,0,3,0,0
B,A,170,85,5,10,False,,6,4,160,0,0,8,1,1,0,0,2,1,4,0,0
B,B,191,96,6,10,False,,3,6,182,0,0,5,1,2,0,1,2,0,5,0,0
A,B,256,128,10,7,False,,11,5,240,0,0,6,1,0,1,0,2,0,3,0,0
A,A,209,105,10,9,False,A,6,1,200,0,0,8,1,0,1,2,2,1,6,1,0
A,A,263,132,10,9,False,,7,6,250,1,2,4,1,1,0,0,0,0,2,0,0
A,A,163,82,10,5,False,,8,5,149,0,0,6,1,1,0,1,1,0,3,0,0
B,A,192,96,9,10,False,,9,3,180,0,0,7,0,2,0,0,2,1,5,0,0
B,B,201,101,7,10,False,,11,3,187,0,0,7,0,0,0,1,1,1,3,0,0
A,B,252,126,10,8,False,,10,4,238,0,0,4,1,0,1,0,0,0,1,0,0
B,A,236,118,8,10,False,,4,7,225,0,0,5,0,2,3,0,1,0,6,0,1
B,A,132,67,6,10,False,,10,3,118,0,0,6,1,1,0,2,1,0,4,0,0
A,B,166,83,10,7,False,,11,4,151,0,0,8,0,1,1,1,0,0,3,0,0
B,A,226,113,9,10,False,,9,2,215,0,0,6,0,0,2,0,1,0,3,0,0
A,B,124,62,10,1,False,A,7,1,116,0,0,2,2,2,1,0,1,2,6,1,0
B,B,155,78,7,10,False,,9,4,138,0,0,6,0,0,1,4,0,0,5,0,0
A,A,264,133,12,7,False,,6,4,253,0,0,6,1,0,1,1,1,2,5,0,0
A,A,158,80,10,9,False,,5,4,148,0,0,2,2,1,0,2,0,1,4,0,0
B,A,82,41,0,10,False,,7,3,72,0,0,3,1,1,1,0,0,0,2,0,0
B,A,186,93,7,10,False,,9,1,176,0,0,6,0,1,0,1,0,2,4,0,0
B,A,258,129,9,10,False,,10,2,244,0,0,6,0,1,1,0,1,1,4,0,0
A,A,209,105,10,7,False,,9,4,196,0,0,10,0,0,1,1,1,1,4,0,0
B,A,200,100,7,10,False,,6,7,187,0,0,11,0,1,1,0,1,0,3,0,0
A,B,310,155,10,8,False,,5,7,298,0,0,6,0,2,0,0,2,1,5,0,0
B,A,164,82,5,10,False,,7,6,151,0,0,5,0,0,1,1,1,1,4,0,0
A,B,226,113,10,7,False,,2,10,214,0,0,4,1,0,1,0,1,1,3,0,0
A,B,196,99,10,9,False,,6,6,183,0,0,7,0,0,1,2,1,0,4,0,0
B,B,293,147,9,10,False,B,5,9,279,0,0,8,2,1,0,0,1,0,2,1,0
B,B,190,96,9,10,False,,6,5,177,0,0,8,0,1,1,3,0,2,7,0,0
B,A,230,115,7,10,False,,7,5,218,0,0,5,0,0,1,1,1,2,5,0,0
A,A,159,80,10,5,False,,10,1,146,0,0,7,0,0,0,1,2,0,3,0,0
A,B,148,74,10,4,False,A,8,1,139,0,0,4,1,1,1,1,0,2,5,1,0
A,A,229,115,10,5,False,A|B,3,7,219,0,0,3,1,1,3,0,0,0,4,2,0
B,A,174,87,9,10,False,,7,4,163,0,0,5,1,1,1,1,1,2,6,0,0
B,B,173,87,6,10,False,,7,6,158,0,0,6,1,1,3,1,0,0,5,0,0
A,B,166,83,10,3,False,A,11,3,152,0,0,5,0,0,1,0,1,1,3,1,0
A,A,205,103,10,8,False,,8,2,192,1,2,1,2,1,0,2,1,1,6,0,0
B,A,234,117,6,10,False,,8,4,222,0,0,4,1,0,3,0,0,0,3,0,0
B,A,130,65,6,10,False,B,8,4,118,0,0,7,2,1,0,1,1,0,3,1,0
A,A,193,97,10,8,False,,9,6,178,0,0,8,2,0,0,0,1,0,1,0,0
B,B,221,111,9,10,False,,10,0,209,0,0,5,0,1,1,1,0,1,4,0,0
A,B,160,80,10,7,False,,8,2,150,0,0,2,1,1,0,0,2,1,4,0,0
A,A,196,99,11,9,False,,9,4,182,0,0,6,3,0,1,1,0,0,2,0,0
A,B,222,112,10,9,False,,8,3,209,0,0,3,1,0,0,3,0,1,4,0,0
B,B,199,100,8,10,False,,8,5,186,0,0,7,2,0,1,0,0,0,1,0,0
B,B,287,144,9,11,False,,5,5,277,0,0,8,1,1,3,0,1,1,6,0,0
A,A,263,132,10,9,False,,10,6,247,0,0,7,0,0,1,0,1,0,2,0,0
A,A,311,156,10,9,False,,3,4,302,0,0,7,0,0,2,1,2,2,7,0,1
B,A,272,136,7,10,False,,3,7,262,0,0,8,0,1,1,0,3,1,6,0,0
B,B,112,57,4,10,False,,12,3,97,0,0,3,1,1,0,1,0,0,2,0,0
B,A,190,95,6,10,False,,4,4,181,0,0,4,2,1,1,1,1,2,6,0,0
B,A,168,84,5,10,False,,10,1,157,0,0,4,0,1,0,1,3,0,5,0,0
A,A,211,106,10,9,False,A,9,3,199,0,0,5,2,1,0,1,1,0,3,1,0
B,B,159,80,7,10,False,,10,3,146,0,0,5,1,1,0,1,0,0,2,0,0
B,A,144,72,5,10,False,,5,4,135,0,0,5,1,1,2,0,0,3,6,0,0
B,B,127,64,9,10,False,,6,3,111,0,0,6,1,1,0,3,0,0,4,0,0
B,A,140,70,6,10,False,,6,6,128,0,0,5,2,0,0,1,0,1,2,0,0
A,B,188,94,10,9,False,B,4,6,178,0,0,7,2,0,0,1,2,1,4,1,0
B,A,212,106,8,10,False,,6,5,198,0,0,3,0,0,1,2,1,0,4,0,0
B,A,178,89,8,10,False,,8,4,165,0,0,7,1,2,0,2,0,0,4,0,0
B,A,104,53,4,12,False,,13,1,90,0,0,6,2,0,0,1,0,0,1,0,0
B,B,271,136,9,10,False,B,12,5,254,0,0,7,1,0,0,0,1,0,1,1,0
A,B,174,87,10,9,False,B,8,1,165,0,0,8,1,1,1,1,1,0,4,1,0
A,A,293,147,10,9,False,A,7,5,281,0,0,6,0,0,1,0,1,3,5,1,0
B,B,163,82,9,10,False,,6,5,149,0,0,7,1,0,0,3,1,1,5,0,0
A,B,188,94,10,7,False,,12,2,174,0,0,7,0,0,3,1,2,0,6,0,0
B,A,186,93,7,10,False,,8,7,171,0,0,2,0,0,1,0,0,2,3,0,0
B,B,169,85,5,10,False,,7,4,155,0,0,3,0,0,1,1,1,1,4,0,1
B,B,227,114,7,10,False,A,5,6,215,0,0,5,0,0,1,1,3,1,6,1,0
A,A,111,56,10,6,False,B,12,1,98,0,0,6,1,1,0,0,0,0,1,1,0
A,B,214,107,10,6,False,,9,3,202,0,0,3,0,1,1,0,0,1,3,0,1
B,A,152,76,9,10,False,B,8,2,141,0,0,5,2,0,2,1,1,0,4,1,0
A,A,239,120,10,6,False,,9,4,226,0,0,6,1,1,0,0,0,0,1,0,0
A,B,244,122,10,8,False,,9,5,230,0,0,7,1,1,0,0,0,0,1,0,0
A,B,222,112,10,6,False,,6,4,212,0,0,5,0,2,1,1,0,2,6,0,0
B,B,193,97,6,10,False,,8,2,183,0,0,4,0,1,2,0,1,0,4,0,0
B,B,225,113,8,10,False,,6,5,214,0,0,7,1,0,1,2,0,0,3,0,0
A,B,226,113,10,9,False,,8,5,213,0,0,5,0,0,1,0,1,2,4,0,0
B,B,251,126,9,10,False,,10,3,234,0,0,7,2,1,2,1,1,0,5,0,0
B,A,202,101,9,10,False,,8,2,192,0,0,3,1,1,0,0,3,2,6,0,0
A,B,160,81,10,5,False,A,4,6,148,0,0,9,1,0,0,4,1,0,5,1,0
B,A,136,68,5,10,False,A|B,10,4,122,0,0,5,0,0,0,1,2,0,3,2,0
A,A,156,79,10,7,False,,9,5,141,0,0,2,1,1,0,1,0,1,3,0,0
B,B,117,59,5,10,True,,9,3,105,0,0,5,2,0,0,0,2,0,2,0,0
A,B,298,149,10,9,False,,6,5,287,0,0,7,0,0,2,0,1,2,5,0,0
B,A,240,120,9,10,False,,12,4,224,0,0,7,0,1,1,0,1,0,3,0,0
B,A,200,100,7,10,False,,11,5,184,0,0,8,0,1,0,1,1,0,3,0,0
A,A,133,67,10,6,False,,9,3,120,0,0,5,2,1,0,1,0,1,3,0,0
A,A,186,94,10,6,False,,9,4,171,0,0,7,0,0,2,1,0,1,4,0,0
B,A,230,115,7,10,False,B,9,2,219,0,0,8,1,0,2,0,1,1,4,1,0
B,A,238,119,7,10,False,,8,3,227,0,0,9,2,0,1,1,2,1,5,0,0
A,A,157,79,10,7,False,B,9,2,146,0,0,7,1,1,1,0,1,1,4,1,0
A,B,198,100,10,9,False,,7,5,183,0,0,8,1,0,0,2,0,1,3,0,0
A,B,178,89,10,5,False,A,5,8,165,0,0,2,0,0,2,0,1,1,4,1,0
A,A,195,98,10,8,False,,9,5,177,0,0,6,0,0,1,2,0,1,4,0,0
B,A,210,105,7,10,False,,10,5,195,0,0,9,0,0,0,2,0,0,2,0,0
B,B,171,86,8,10,False,A,8,4,157,0,0,4,0,0,0,1,0,1,2,1,0
B,A,144,72,4,10,False,,11,5,128,0,0,2,3,0,0,0,1,0,1,0,0
A,A,235,118,10,9,False,B,6,6,222,0,0,6,0,2,1,1,0,0,4,1,0
B,B,141,71,7,10,False,,8,3,130,0,0,7,1,0,1,3,1,1,6,0,0
B,A,166,83,5,10,False,,8,3,155,0,0,5,1,0,0,1,3,1,5,0,0
B,A,234,117,5,10,False,,4,7,223,0,0,6,0,0,3,0,0,2,5,0,0
B,B,224,113,9,10,False,,8,2,211,0,0,3,0,2,0,1,0,2,5,0,0
A,A,211,106,10,8,False,,8,5,198,0,0,5,1,3,0,0,2,0,5,0,0
A,A,193,97,10,7,False,,6,6,181,0,0,5,0,1,1,0,1,0,3,0,0
A,A,175,88,10,8,False,,11,2,162,0,0,6,1,0,1,0,0,3,4,0,0
B,A,160,80,6,10,False,,8,2,150,1,2,4,2,1,1,0,0,1,4,0,0
B,A,258,129,9,10,False,,6,8,244,0,0,7,0,0,3,0,1,1,5,0,0
B,B,267,134,6,10,False,,4,6,257,0,0,6,0,0,2,0,1,1,4,0,0
A,B,250,125,10,7,False,,8,3,239,0,0,7,0,1,2,0,0,2,5,0,0
A,B,180,90,10,9,False,,5,5,166,0,0,9,1,1,0,2,0,0,3,0,0
A,B,316,158,10,7,False,,4,6,306,0,0,2,1,2,2,0,0,0,4,0,0
A,A,206,104,10,6,False,,10,3,193,0,0,5,0,2,1,1,2,0,6,0,0
B,B,203,102,8,10,False,,5,7,188,0,0,7,0,2,1,1,0,0,4,0,0
A,B,202,101,10,9,False,A,6,4,190,0,0,5,1,1,1,1,1,1,5,1,0
A,B,292,146,10,9,False,,8,8,276,0,0,5,0,1,0,0,0,0,1,0,0
B,A,186,93,8,10,False,,6,8,172,0,0,5,1,0,1,0,1,2,4,0,0
B,A,188,94,8,10,False,,8,5,171,0,0,7,0,0,0,2,1,0,3,0,0
A,A,143,72,10,4,False,,8,5,130,0,0,3,1,2,1,0,0,1,4,0,0
B,B,147,74,5,10,False,,8,1,136,0,0,4,0,0,1,1,3,0,5,0,1
A,A,188,95,10,6,False,,6,2,179,0,0,8,1,3,1,1,0,1,6,0,0
A,B,176,89,11,7,False,A,6,3,167,0,0,5,2,0,1,1,2,0,4,1,0
A,B,298,149,10,9,False,,9,1,288,0,0,6,0,1,1,0,0,2,4,0,0
B,A,164,82,4,10,False,,9,1,154,0,0,1,0,0,0,1,4,1,6,0,0
A,B,260,131,10,9,False,,9,4,247,0,0,5,1,0,2,1,0,1,4,0,0
A,A,241,121,10,7,False,A|B,8,2,231,0,0,10,1,0,2,0,0,2,4,2,0
A,A,175,88,10,9,False,,6,6,156,0,0,6,0,0,1,2,0,0,3,0,0
A,A,150,76,10,7,False,A|B,5,7,138,0,0,7,2,0,0,1,2,0,3,2,0
A,B,184,93,10,7,False,,9,3,172,0,0,7,1,0,0,2,0,1,3,0,0
B,B,187,94,8,10,False,,7,2,178,0,0,10,0,0,2,0,2,1,5,0,0
B,B,215,108,7,10,False,,9,2,204,0,0,4,1,1,1,0,2,1,5,0,0
B,A,234,117,9,10,False,,7,6,221,0,0,2,1,1,0,0,0,0,1,0,0
A,B,218,110,10,6,False,,8,4,206,0,0,4,1,1,1,2,1,0,5,0,0
B,A,212,107,5,10,False,B,7,4,201,0,0,8,0,1,1,1,0,2,5,1,0
A,B,268,134,10,9,False,,8,6,254,0,0,5,1,1,2,0,0,0,3,0,0
B,A,236,118,7,10,False,,8,5,223,0,0,3,0,0,1,0,0,2,3,0,0
A,B,254,127,10,9,False,,9,4,241,0,0,4,1,1,1,0,0,1,3,0,0
A,A,231,116,10,8,False,,7,3,221,0,0,7,1,2,0,0,1,2,5,0,0
B,A,208,104,6,10,False,,10,4,194,0,0,8,1,1,1,0,0,1,3,0,0
A,B,160,80,10,6,False,A,9,2,147,0,0,3,1,1,0,0,1,1,3,1,0
B,B,225,113,5,10,False,B,6,5,213,0,0,3,1,2,0,1,0,2,5,1,0
B,A,214,107,8,10,False,B,10,4,200,0,0,6,0,0,2,0,1,0,3,1,0
B,A,282,141,9,10,False,,3,8,268,0,0,6,0,0,1,1,1,0,3,0,0
A,B,222,111,11,5,False,A,8,4,210,0,0,6,1,0,0,1,0,2,3,1,0
A,A,177,89,10,7,False,,8,4,165,0,0,4,0,0,1,0,1,1,3,0,0
A,B,174,87,10,8,False,,13,0,161,0,0,3,2,0,0,0,0,2,2,0,0
B,B,199,100,8,10,False,A,7,3,187,0,0,6,1,1,1,2,1,0,5,1,0
A,B,238,119,10,9,False,,8,7,223,0,0,6,0,0,0,0,0,1,1,0,0
A,B,162,81,10,4,False,A,10,2,150,0,0,5,1,2,1,0,2,0,5,1,0
A,B,234,117,10,9,False,B,6,2,226,0,0,4,1,2,3,0,1,0,6,1,0
A,B,190,95,10,8,False,B,7,5,178,0,0,3,1,1,1,1,0,0,3,1,0
A,B,148,75,10,5,False,,4,6,138,0,0,4,2,1,0,1,2,1,5,0,0
B,B,161,81,8,10,False,,11,6,144,0,0,3,2,0,0,1,0,0,1,0,0
A,A,205,103,10,7,False,,7,6,191,0,0,3,1,3,2,1,0,0,6,0,0
A,B,210,105,10,6,False,,10,4,196,0,0,3,1,1,1,0,0,0,2,0,0
A,A,91,46,10,5,False,,10,4,77,0,0,4,2,0,0,0,0,0,0,0,0
B,B,243,122,9,10,False,,6,5,229,0,0,7,1,0,0,2,1,1,4,0,0
A,B,116,58,10,6,False,B,11,2,103,0,0,7,1,0,0,1,0,1,2,1,0
A,A,166,84,10,6,False,A,5,8,151,0,0,7,0,1,0,1,0,0,2,1,0
A,A,187,94,10,5,False,,8,4,172,0,0,8,0,0,1,1,2,1,5,0,0
A,A,163,82,10,7,False,,12,2,147,0,0,10,1,1,1,1,0,1,4,0,0
B,B,217,109,7,10,False,,10,4,200,0,0,4,1,0,2,1,3,2,8,0,0
B,B,233,117,9,10,False,,11,5,217,0,0,5,0,0,0,0,2,1,3,0,0
A,B,292,146,10,8,False,,8,6,278,0,0,9,0,2,1,0,2,1,6,0,0
B,A,96,48,4,10,False,,9,1,86,0,0,2,1,1,0,0,0,0,1,0,0
B,B,187,94,7,10,False,,11,3,173,0,0,3,0,0,0,1,0,2,3,0,0
A,B,182,91,10,8,False,,7,3,171,0,0,7,0,1,1,2,2,1,7,0,0
B,A,214,107,7,10,False,,9,5,200,0,0,9,0,0,1,0,0,0,1,0,0
A,B,282,141,10,9,False,,9,4,269,0,0,8,0,0,0,0,1,1,2,0,0
A,A,235,118,10,7,False,,7,3,225,0,0,6,0,0,2,0,1,2,5,0,0
B,B,209,105,6,10,False,,8,3,198,0,0,8,1,0,0,1,1,1,3,0,1
A,B,248,124,10,7,False,,10,5,233,0,0,7,1,0,2,0,0,2,4,0,0
A,B,206,104,12,9,False,,8,3,195,0,0,6,1,0,0,2,0,2,4,0,0
B,A,248,124,5,10,False,,6,5,237,0,0,6,1,3,0,1,1,1,6,0,0
B,B,217,109,9,10,False,,5,9,202,0,0,6,1,0,0,2,1,0,3,0,0
B,B,155,78,7,10,False,,7,3,142,0,0,7,1,0,1,2,1,1,5,0,0
B,B,175,88,7,10,False,,7,6,159,0,0,6,1,0,0,1,0,1,2,0,0
A,A,201,101,10,6,False,,8,4,188,0,0,7,0,0,1,1,1,0,3,0,0
B,A,182,92,8,10,False,A|B,9,2,171,0,0,8,2,0,0,1,0,1,2,2,0
A,A,201,101,10,9,False,,7,3,190,1,2,4,1,0,0,2,1,2,6,0,1
A,B,146,73,10,6,False,,8,0,138,0,0,6,2,0,1,2,2,0,5,0,0
A,A,214,108,10,8,False,,9,3,201,0,0,9,0,0,1,1,2,0,4,0,0
B,A,188,94,9,10,False,,11,3,174,0,0,5,1,0,0,1,1,1,3,0,0
B,A,178,90,8,10,False,,10,3,165,0,0,3,0,1,0,1,1,1,4,0,0
B,A,116,58,6,10,False,,10,3,103,0,0,4,2,0,1,1,0,0,2,0,0
B,A,252,126,6,10,False,,6,3,243,0,0,5,0,2,1,0,2,1,6,0,0
B,B,253,127,7,10,False,B,10,1,242,0,0,6,1,0,4,0,1,1,6,1,0
B,A,238,119,9,10,False,,8,5,225,0,0,5,0,1,1,0,1,0,3,0,0
A,B,200,100,10,9,False,,8,0,190,0,0,5,0,0,2,1,0,3,6,0,0
A,A,150,76,10,6,False,,7,2,140,0,0,5,1,0,2,1,2,0,5,0,0
A,B,256,128,10,7,False,,9,3,244,0,0,2,0,1,1,0,1,1,4,0,0
B,B,238,120,7,10,False,,3,8,226,0,0,5,0,3,1,1,0,0,5,0,0
B,B,215,108,6,10,False,,9,5,201,0,0,6,0,0,2,0,0,1,3,0,0
A,B,174,87,10,4,False,,9,3,162,0,0,5,1,0,2,0,1,2,5,0,0
A,B,144,72,10,7,False,,3,6,133,1,2,8,0,1,0,2,2,0,6,0,0
B,A,160,80,7,10,False,B,6,7,147,0,0,4,2,0,0,1,1,2,4,1,0
A,B,166,83,10,9,False,,7,2,157,0,0,6,3,0,1,1,1,2,5,0,0
A,B,256,128,10,6,False,,7,8,241,0,0,5,0,0,3,0,0,1,4,0,0
A,B,166,83,11,8,False,,7,4,155,0,0,4,1,1,0,1,1,0,3,0,0
B,B,209,105,8,10,False,,8,2,195,0,0,6,0,1,2,3,0,2,8,0,0
B,A,216,108,6,10,False,B,8,4,204,0,0,9,0,0,1,0,2,1,4,1,0
B,B,109,55,3,10,False,,6,7,96,0,0,4,1,1,2,0,0,0,3,0,0
B,A,148,74,5,10,False,B,6,6,136,0,0,8,2,0,1,0,3,0,4,1,0
B,A,176,88,7,10,False,,13,1,162,0,0,3,0,0,0,0,1,1,2,0,0
A,B,160,80,10,6,False,,6,7,147,0,0,9,0,0,0,1,0,1,2,0,0
B,A,148,74,5,10,False,B,9,1,138,0,0,4,1,0,0,1,1,1,3,1,0
A,B,134,67,10,5,False,A,7,3,120,0,0,3,2,0,1,0,1,1,3,1,0
B,B,257,129,9,10,False,,4,10,243,0,0,10,0,1,0,0,1,0,2,0,0
A,B,142,71,10,3,False,A,9,2,131,0,0,3,0,0,1,0,0,2,3,1,0
B,B,215,108,6,10,False,,9,4,198,0,0,4,0,0,0,2,2,1,5,0,0
A,B,236,118,10,8,False,A,7,4,225,0,0,4,1,2,1,1,0,0,4,1,1
A,B,222,112,10,5,False,,6,6,210,0,0,5,0,2,1,1,1,0,5,0,0
A,B,152,76,10,6,False,,13,2,136,0,0,4,0,0,1,2,1,0,4,0,0
B,A,202,101,8,10,False,A,8,1,193,0,0,3,1,2,2,1,1,1,7,1,0
B,B,221,111,8,10,False,A,9,3,209,0,0,6,0,2,0,0,0,1,3,1,0
B,B,267,134,8,10,False,,2,10,255,0,0,6,0,1,0,0,2,1,4,0,0
A,A,150,76,10,9,False,,8,3,135,0,0,4,0,0,2,2,0,0,4,0,0
B,B,253,127,9,10,False,,6,3,244,0,0,7,0,1,1,0,3,1,6,0,0
B,A,314,157,8,10,False,,6,5,303,0,0,4,1,2,2,0,2,0,6,0,0
B,B,201,101,7,10,False,A,5,4,188,0,0,8,0,1,2,1,2,0,6,1,0
B,B,159,80,6,10,False,B,5,6,145,0,0,5,1,1,0,2,1,2,6,1,0
B,B,181,91,9,10,False,,6,9,166,0,0,7,2,0,0,2,0,0,2,0,0
A,B,150,75,10,6,False,B,7,1,142,0,0,3,2,1,1,0,2,1,5,1,0
A,A,255,128,10,9,False,,9,3,243,0,0,9,1,0,2,0,0,1,3,0,0
B,A,110,55,5,10,False,,11,0,99,0,0,5,2,2,0,1,0,0,3,0,0
A,B,184,93,10,7,False,,4,6,172,1,2,8,1,1,1,2,1,1,6,1,0
A,B,184,92,10,7,False,,6,6,172,0,0,6,0,1,0,1,0,1,3,0,0
A,B,162,81,10,8,False,,9,6,143,0,0,9,0,0,0,2,0,0,2,0,0
B,A,182,91,7,10,False,,10,2,170,0,0,5,2,1,0,0,2,1,4,0,0
A,B,148,74,10,6,False,,8,4,134,0,0,9,1,2,1,0,1,0,4,0,0
B,A,152,76,7,10,False,,9,6,137,0,0,6,1,3,0,0,0,0,3,0,0
A,B,136,68,10,5,False,,9,6,121,0,0,4,1,0,1,0,1,0,2,0,0
B,A,182,91,7,10,False,,9,4,169,0,0,5,0,1,1,1,0,1,4,0,0
A,B,220,110,10,8,False,,9,3,206,0,0,5,1,1,1,1,1,1,5,0,0
A,A,287,144,10,8,False,,7,8,272,0,0,5,1,1,0,0,0,0,1,0,0
B,A,274,137,6,10,False,,5,5,264,0,0,8,0,2,2,1,0,1,6,0,0
A,A,239,120,10,7,False,,8,3,226,0,0,8,1,1,0,1,1,0,3,0,0
B,B,263,132,8,10,False,A,8,1,254,0,0,4,1,1,3,0,0,1,5,1,0
A,B,148,74,10,4,False,,6,3,139,0,0,8,1,1,0,2,0,1,4,0,0
A,B,232,116,10,9,False,,8,5,219,0,0,5,1,0,1,0,0,1,2,0,0
A,B,78,39,10,4,False,,7,0,71,0,0,3,2,0,0,1,1,0,2,0,0
A,A,247,124,10,8,False,,11,1,235,0,0,5,1,0,2,0,1,1,4,0,0
B,B,181,91,5,10,False,,11,3,167,0,0,7,0,2,1,0,0,0,3,0,0
B,A,224,112,7,10,False,,10,2,212,0,0,8,0,1,2,0,0,2,5,0,0
A,B,222,111,10,8,False,,8,2,212,0,0,6,0,0,1,0,3,2,6,0,1
A,A,184,93,10,8,False,,6,3,171,0,0,6,0,1,0,2,0,3,6,0,0
B,B,211,106,9,10,False,,11,1,196,0,0,4,0,0,1,1,0,2,4,0,0
B,A,206,103,8,10,False,,5,2,197,0,0,2,1,1,1,2,1,2,7,0,0
B,B,227,114,9,10,False,,8,7,212,0,0,8,1,0,0,1,1,1,3,0,0
A,A,201,101,10,7,False,B,6,2,188,0,0,8,1,2,0,1,2,1,6,1,0
A,A,153,77,10,6,False,,7,4,142,0,0,5,1,0,1,0,3,0,4,0,0
B,B,171,86,6,10,False,,4,7,160,0,0,3,3,2,0,0,1,1,4,0,0
B,B,227,114,8,11,False,,9,7,211,0,0,8,1,0,0,0,1,0,1,0,0
B,B,227,114,7,10,False,,9,2,216,1,2,6,0,0,1,0,0,0,2,0,0
B,B,176,89,7,10,False,,5,5,166,0,0,6,2,0,1,2,0,2,5,0,0
B,A,248,124,5,10,False,,5,9,234,0,0,6,0,0,1,0,1,1,3,0,0
A,B,206,104,10,7,False,,6,7,193,0,0,5,0,2,1,2,0,1,6,0,0
B,A,182,91,9,10,False,,8,4,170,0,0,4,2,0,1,1,1,1,4,0,0
A,B,254,127,10,9,False,A,7,6,241,0,0,6,2,0,0,0,1,2,3,1,0
B,A,230,115,8,10,False,,7,3,220,0,0,3,1,0,0,0,0,4,4,0,0
A,B,208,104,10,7,False,,4,5,199,0,0,6,0,2,1,2,0,0,5,0,1
A,A,147,74,10,7,False,B,7,3,137,1,2,6,1,2,0,1,1,0,5,1,0
B,A,124,63,9,10,False,,7,2,113,0,0,6,1,1,1,2,1,1,6,0,0
B,A,286,143,8,10,False,,6,9,271,0,0,5,1,0,1,0,0,0,1,0,0
A,A,187,94,10,7,False,,6,2,178,0,0,4,1,0,2,1,0,2,5,0,0
A,B,194,97,10,6,False,,7,3,184,0,0,6,0,0,0,1,0,2,3,0,0
A,A,231,116,10,8,False,,5,7,218,0,0,9,0,1,0,1,2,2,6,0,0
B,B,227,114,8,10,False,A|B,12,4,211,0,0,8,0,2,1,0,0,0,3,2,0
B,B,189,95,5,10,False,,7,6,176,0,0,7,1,0,0,1,2,0,3,0,0
A,A,187,94,10,6,False,,12,0,175,0,0,6,0,0,1,0,1,1,3,0,0
A,A,201,101,10,8,False,,10,4,185,0,0,5,0,0,0,1,0,1,2,0,0
B,B,239,120,8,10,False,,8,3,228,0,0,7,0,2,1,0,1,0,4,0,1
B,B,211,106,9,10,False,,8,3,200,0,0,4,1,0,1,1,1,1,4,0,0
A,B,268,134,10,8,False,,7,4,251,0,0,7,1,2,0,0,0,1,3,0,0
B,B,238,120,7,10,False,,7,7,222,0,0,9,1,0,3,1,0,0,4,0,0
B,A,186,93,9,10,False,A,9,2,175,0,0,8,1,0,0,0,2,0,2,1,0
B,A,276,138,9,10,False,,7,4,265,0,0,8,2,1,2,0,0,1,4,0,0
A,B,220,110,10,9,True,A,10,1,209,0,0,3,2,1,0,1,1,0,3,1,0
A,A,243,122,10,9,False,,9,3,231,0,0,8,1,1,2,0,0,1,4,0,0
A,B,212,106,10,9,False,,9,1,202,0,0,6,2,3,0,1,1,1,6,0,0
B,B,193,97,8,10,False,,7,3,181,0,0,8,0,1,1,1,0,1,4,0,0
B,A,138,69,4,10,False,,9,2,127,0,0,3,2,1,0,1,1,0,3,0,0
B,B,148,75,7,10,False,,5,6,136,0,0,7,0,1,2,2,0,0,5,0,0
B,B,215,108,7,10,False,,7,6,200,0,0,6,1,1,0,2,0,0,3,0,0
B,A,164,82,5,10,False,,8,2,154,0,0,6,0,0,2,1,0,1,4,0,0
B,B,144,73,6,10,False,,6,4,130,0,0,7,0,1,2,1,0,0,4,0,0
A,B,182,91,10,8,False,A,6,3,170,0,0,9,1,1,0,4,2,0,7,1,0
A,B,144,72,10,6,False,,8,5,131,0,0,9,2,1,0,0,0,0,1,0,0
B,B,219,110,6,10,False,,6,7,206,0,0,10,1,2,1,0,0,1,4,0,0
B,B,198,100,8,10,False,,10,4,182,0,0,6,0,1,0,2,0,0,3,0,0
A,B,180,91,10,5,False,,7,4,169,0,0,5,0,0,0,1,2,0,3,0,0
B,A,162,81,4,10,False,,7,4,151,0,0,3,2,1,1,0,1,0,3,0,0
A,A,267,134,10,9,False,,7,2,258,0,0,3,0,2,1,0,1,1,5,0,0
A,A,175,88,10,5,False,,9,3,161,0,0,3,0,1,1,1,1,1,5,0,0
B,B,191,96,7,10,False,,7,3,179,0,0,6,1,2,1,2,0,0,5,0,0
A,B,270,135,10,9,False,A,3,7,260,0,0,10,1,1,1,0,1,0,3,1,0
B,A,224,113,9,10,False,,7,2,212,0,0,6,0,2,0,3,1,0,6,0,0
A,B,274,137,10,9,False,,6,5,263,0,0,6,1,2,1,0,2,0,5,0,0
A,B,190,96,10,9,False,,10,3,177,0,0,7,1,1,0,2,1,0,4,0,0
B,A,154,78,9,10,False,,7,5,140,0,0,7,1,1,2,2,1,0,6,0,0
A,B,156,79,10,6,False,,10,4,142,0,0,8,0,0,1,1,0,1,3,0,0
A,A,231,116,10,5,False,,7,5,216,0,0,6,0,0,2,1,0,0,3,0,0
B,B,173,87,6,10,False,,11,4,157,0,0,8,0,2,0,1,0,0,3,0,0
B,A,164,82,7,10,False,,8,7,149,0,0,6,1,0,0,1,1,1,3,0,0
A,A,217,109,10,9,False,B,9,2,204,0,0,7,0,0,1,1,2,0,4,1,0
B,B,181,91,6,10,False,,8,3,168,0,0,6,0,0,3,1,0,0,4,0,0
A,A,165,83,10,3,False,,8,6,149,0,0,3,0,0,1,1,0,1,3,0,0
B,B,255,128,7,10,False,,11,3,241,0,0,6,0,1,1,0,0,1,3,0,0
A,B,200,100,10,7,False,,8,5,187,0,0,7,0,2,2,1,0,1,6,0,0
B,A,202,101,7,10,False,,9,2,191,0,0,2,1,0,1,1,0,0,2,0,2
A,B,200,100,10,7,False,,6,5,189,0,0,4,0,1,1,1,0,1,4,0,0
A,B,182,91,10,6,False,,8,5,169,0,0,3,1,1,0,1,0,1,3,0,0
B,B,217,109,9,10,False,,11,4,202,0,0,9,0,0,0,0,1,0,1,0,0
A,B,204,102,10,8,False,,8,3,190,0,0,5,0,1,1,3,3,0,8,0,0
B,B,162,82,6,10,False,,6,6,149,0,0,7,1,2,0,1,1,0,4,0,0
B,B,225,113,9,10,False,,7,7,211,0,0,7,1,0,0,0,2,0,2,0,0
B,B,273,137,9,10,True,,9,4,260,0,0,7,0,0,1,0,0,1,2,0,0
A,B,188,95,10,6,False,,7,4,177,0,0,8,1,1,1,1,2,0,5,0,0
B,B,279,140,8,10,False,,9,3,267,0,0,5,0,2,0,0,1,1,4,0,0
B,B,101,51,3,10,False,,6,0,95,0,0,2,3,3,1,0,1,0,5,0,0
A,B,176,88,10,7,False,,7,6,163,0,0,9,0,0,0,1,2,1,4,0,0
B,A,220,110,9,10,False,,10,0,210,0,0,3,2,0,0,0,3,1,4,0,0
B,B,227,114,7,10,False,,8,3,216,0,0,7,0,2,0,0,0,0,2,0,1
A,A,171,86,10,8,False,,5,8,154,0,0,8,0,0,1,2,1,0,4,0,0
B,A,268,134,9,10,False,,4,3,261,0,0,6,1,1,3,0,2,1,7,0,0
A,A,224,113,10,8,False,,6,5,211,0,0,6,0,1,2,1,2,1,7,0,0
B,B,303,152,8,10,False,,8,6,289,0,0,8,0,0,1,0,0,1,2,0,0
A,B,170,85,10,6,False,,8,3,157,0,0,5,1,2,0,2,0,0,4,0,1
B,B,234,118,7,10,False,,7,5,221,0,0,5,0,1,1,1,1,0,4,0,0
B,B,215,108,5,10,False,,6,4,205,0,0,5,1,1,1,0,2,0,4,0,0
B,A,242,121,9,10,False,,7,7,228,0,0,6,2,1,1,0,0,0,2,0,0
A,B,182,91,11,9,False,,6,4,172,0,0,7,2,1,0,1,0,2,4,0,1
B,A,252,126,7,10,False,,9,4,239,0,0,8,0,1,2,0,0,1,4,0,0
A,B,180,90,10,5,False,,5,9,166,0,0,3,0,0,1,1,1,1,4,0,0
A,A,229,115,10,7,False,,9,2,218,0,0,9,0,0,1,0,1,4,6,0,0
B,B,259,130,9,10,False,,6,5,248,0,0,5,0,1,0,1,2,1,5,0,0
A,B,304,152,10,7,False,,6,4,294,0,0,8,0,1,3,0,0,1,5,0,0
A,B,232,116,10,8,False,B,4,5,223,0,0,9,2,1,0,1,0,2,4,1,0
A,A,275,138,10,5,False,,5,3,267,0,0,2,1,3,1,0,2,0,6,0,0
B,B,201,101,8,10,False,,8,2,191,0,0,7,1,0,1,0,2,1,4,0,0
B,B,91,46,4,10,False,B,4,2,84,0,0,5,2,0,1,3,0,0,4,1,0
A,A,214,108,10,6,False,A,7,5,201,0,0,6,1,1,0,1,0,1,3,1,0
B,A,308,154,9,10,False,,8,5,295,0,0,6,0,1,0,0,0,1,2,0,0
A,B,262,131,10,9,False,,9,5,248,0,0,4,1,0,0,0,1,2,3,0,0
A,A,209,105,10,9,False,B,8,6,194,0,0,6,1,1,1,1,0,1,4,1,0
A,B,158,79,10,7,False,,6,3,149,1,2,2,3,0,1,1,1,1,5,0,0
B,A,262,131,8,10,False,,8,6,248,0,0,6,1,2,2,0,0,1,5,0,0
A,B,200,100,10,7,False,,8,1,191,0,0,8,0,2,2,1,1,1,7,0,0
B,B,207,104,7,10,False,,8,4,195,0,0,7,0,1,0,0,2,1,4,0,0
A,B,266,133,10,5,False,,5,6,255,0,0,6,1,2,1,0,1,1,5,0,0
B,B,131,66,5,10,False,,6,5,120,0,0,5,1,0,1,0,3,0,4,0,0
B,A,248,124,8,10,False,B,10,4,234,0,0,7,0,0,0,0,2,1,3,1,1
B,A,156,78,5,10,False,,9,2,145,0,0,4,0,2,1,1,1,0,5,0,0
B,A,140,70,7,10,False,A,7,6,127,0,0,7,1,2,0,0,0,0,2,1,0
A,A,265,133,10,7,False,,6,3,256,0,0,4,3,3,1,0,1,1,6,0,0
B,B,263,132,9,10,False,,6,6,251,0,0,4,0,0,1,0,2,1,4,0,0
B,A,220,110,8,10,False,,12,3,205,0,0,6,2,1,0,0,0,0,1,0,0
A,B,192,96,10,7,False,,6,6,180,0,0,5,0,0,0,1,2,1,4,0,0
B,B,221,111,5,10,False,B,8,4,209,0,0,7,3,0,0,0,0,3,3,1,0
A,A,257,129,10,8,False,,8,5,244,0,0,4,1,0,0,0,0,3,3,0,0
B,A,204,102,5,10,False,,6,5,193,0,0,5,1,1,1,0,0,2,4,0,0
A,B,174,88,10,8,False,A,4,5,165,0,0,9,1,1,1,1,1,2,6,1,0
A,A,221,111,10,9,False,,11,2,208,0,0,6,0,0,2,0,0,1,3,0,0
B,B,211,106,6,10,False,,6,5,199,0,0,5,0,2,1,1,0,1,5,0,0
B,A,184,92,5,10,False,B,3,4,177,0,0,5,2,3,1,0,0,1,5,1,0
A,A,130,66,10,6,False,,9,4,116,1,2,7,0,0,0,1,3,0,5,0,0
B,A,222,111,6,10,False,,10,5,207,0,0,4,1,0,0,1,0,0,1,0,0
B,A,142,71,5,10,False,,9,3,130,0,0,2,0,0,0,0,2,2,4,0,0
B,B,192,97,9,10,False,,4,5,180,0,0,6,1,1,0,2,0,2,5,0,0
A,B,216,108,10,9,False,,7,10,199,0,0,5,0,1,1,1,0,0,3,0,0
B,B,171,86,7,10,False,,8,3,158,0,0,6,1,0,0,1,2,2,5,0,0
B,B,259,130,9,10,False,B,6,7,246,0,0,6,0,0,0,0,0,0,0,1,0
B,A,148,74,3,10,False,,11,2,135,0,0,3,2,0,0,0,1,1,2,0,0
B,A,142,72,6,10,False,,6,5,131,0,0,7,1,2,2,1,1,1,7,0,0
B,A,162,81,8,10,False,B,7,2,153,0,0,6,2,0,2,0,1,0,3,1,0
A,B,204,102,10,8,False,,8,3,193,0,0,7,0,0,0,2,0,3,5,0,0
B,A,226,113,7,10,False,,7,4,215,0,0,6,0,1,1,0,0,2,4,0,0
A,A,259,130,10,7,False,,9,2,248,1,2,9,0,1,0,0,0,1,3,0,0
A,B,260,130,10,9,False,,7,6,247,1,2,7,1,1,1,0,1,0,3,1,0
B,A,230,116,5,10,False,B,9,3,218,0,0,6,1,0,1,1,1,0,3,1,0
A,A,99,50,10,3,False,,10,0,89,0,0,1,2,0,0,2,0,2,4,0,0
A,B,174,87,10,6,False,,7,5,162,0,0,4,1,2,2,1,0,0,5,0,0
A,B,166,83,10,8,False,,10,2,154,0,0,4,1,1,1,0,2,0,4,0,0
A,A,231,116,10,8,False,,8,2,221,0,0,6,2,3,3,0,1,0,7,0,0
A,B,234,118,10,6,False,,6,6,222,0,0,7,0,0,0,2,1,1,4,0,0
B,A,252,126,8,10,False,,3,8,241,0,0,8,1,0,1,0,2,1,4,0,0
A,A,243,122,10,6,False,,9,1,233,0,0,7,0,1,1,0,2,1,5,0,0
B,A,260,130,9,10,False,,8,4,248,0,0,7,0,1,1,0,1,1,4,0,0
B,A,228,114,7,10,False,,9,5,214,0,0,6,1,1,0,0,1,0,2,0,0
A,A,201,101,10,9,False,,9,7,185,0,0,6,1,1,0,1,0,0,2,0,0
A,B,216,108,10,9,False,,9,8,199,0,0,9,0,0,0,1,0,1,2,0,0
B,A,152,76,6,10,False,,8,3,141,0,0,2,1,2,1,1,0,0,4,0,0
B,B,186,94,9,10,False,A,8,4,172,0,0,6,0,1,0,1,1,0,3,1,0
A,A,283,142,10,7,False,,5,4,274,0,0,9,0,2,3,0,1,2,8,0,0
A,A,181,91,10,8,False,A,5,5,171,0,0,9,1,0,2,0,4,1,7,1,0
B,A,214,107,9,10,True,,5,4,205,0,0,7,2,1,1,1,2,1,6,0,0
A,A,279,140,10,8,False,,6,4,269,0,0,5,1,3,0,0,0,3,6,0,0
B,A,254,127,8,10,False,,10,4,240,0,0,8,1,1,0,0,1,0,2,0,0
A,B,202,102,10,8,False,,6,7,189,0,0,8,0,0,0,1,2,0,3,0,0
A,B,170,85,10,6,False,,8,4,156,0,0,6,0,0,1,2,0,1,4,0,0
B,A,154,77,5,10,False,A,7,3,144,0,0,6,1,2,0,1,2,1,6,1,0
B,A,148,74,2,10,False,B,10,1,137,0,0,7,1,0,0,0,2,1,3,1,0
A,A,233,117,10,8,False,B,8,2,223,0,0,9,1,1,1,1,1,1,5,1,0
B,A,224,112,9,10,False,,9,4,211,0,0,6,0,0,1,0,3,0,4,0,0
B,A,190,95,9,10,False,,9,4,177,0,0,8,0,1,1,1,1,0,4,0,0
A,A,147,74,10,7,False,,11,3,131,0,0,4,1,0,0,1,1,1,3,0,0
B,B,197,99,8,10,False,,10,3,182,0,0,4,0,0,0,1,1,1,3,0,0
B,A,286,143,7,10,False,,8,3,275,0,0,8,1,0,2,0,1,1,4,0,0
A,B,152,76,10,9,False,,10,2,132,0,0,5,0,0,0,1,2,0,3,0,0
B,A,210,105,7,10,False,B,11,3,196,0,0,5,0,0,0,0,2,0,2,1,0
A,B,120,60,10,5,False,A,7,5,107,0,0,5,1,0,1,2,1,0,4,1,0
B,A,286,143,7,10,False,,8,6,272,0,0,7,0,2,0,0,0,2,4,0,0
A,B,232,116,10,8,False,,11,2,219,0,0,3,1,1,1,0,2,0,4,0,0
B,B,199,100,6,10,False,,11,3,185,0,0,3,1,1,1,0,0,1,3,0,0
B,B,203,102,9,10,False,,11,5,187,0,0,6,0,0,2,0,0,0,2,0,0
B,B,227,114,7,10,False,,9,2,216,0,0,7,2,0,2,0,0,1,3,0,0
B,B,211,106,8,10,False,,8,7,194,0,0,8,0,0,1,1,0,0,2,0,0
B,A,216,108,6,10,False,,8,2,206,0,0,4,2,1,1,0,0,1,3,0,0
B,B,207,104,8,10,False,,5,5,193,0,0,7,1,2,0,3,0,3,8,0,0
A,B,232,116,10,8,False,A,8,3,220,0,0,4,1,2,1,1,1,0,5,1,0
A,A,162,82,10,8,False,,7,3,148,0,0,3,1,1,1,2,1,1,6,0,0
A,B,114,57,10,7,False,,8,4,98,0,0,2,0,1,0,2,3,0,6,0,0
B,B,216,109,9,10,False,,7,5,201,0,0,7,0,1,0,2,1,1,5,0,0
A,B,176,88,10,8,False,,9,5,162,0,0,3,1,1,0,0,0,2,3,0,0
A,B,228,114,10,9,False,B,9,3,216,0,0,6,0,1,0,1,1,0,3,1,0
B,A,276,138,8,10,False,,10,2,264,0,0,7,1,1,1,0,0,1,3,0,0
A,B,254,127,10,9,False,,7,9,238,0,0,5,0,2,0,0,1,0,3,0,0
B,A,224,112,5,10,False,,8,6,210,0,0,5,0,0,1,1,1,1,4,0,0
A,A,151,76,10,7,False,,8,5,137,0,0,4,3,1,0,1,0,0,2,0,0
B,A,152,76,7,10,False,,6,6,138,0,0,3,1,0,2,1,2,0,5,0,0
B,A,160,81,8,10,False,,11,1,148,0,0,7,1,1,1,1,2,0,5,0,0
A,B,280,140,10,9,False,,7,5,268,0,0,5,1,0,0,0,1,3,4,0,0
A,B,184,93,10,9,False,,11,5,168,0,0,5,0,1,0,1,1,0,3,0,0
A,A,185,93,10,7,False,A,9,3,171,0,0,3,0,1,0,1,1,0,3,1,0
B,A,136,69,9,10,False,,8,6,122,0,0,6,1,1,1,1,0,0,3,0,0
A,B,118,59,10,5,False,A,7,3,107,0,0,7,1,0,1,1,1,1,4,1,0
A,B,262,131,10,9,False,,7,5,250,0,0,7,1,1,0,0,0,1,2,0,0
B,B,155,78,9,10,False,,7,4,142,0,0,3,2,1,0,1,1,2,5,0,0
B,B,265,133,8,12,False,A,5,3,257,0,0,8,3,3,2,1,0,0,6,1,0
A,A,153,77,10,5,False,,8,4,138,1,2,3,0,0,0,2,1,0,4,0,0
A,A,237,119,10,9,False,,9,1,223,1,2,8,1,0,0,1,0,1,3,0,0
B,A,198,99,8,10,False,,7,5,186,0,0,8,2,2,0,1,0,0,3,0,0
A,B,200,100,10,7,False,,7,4,189,0,0,5,0,1,2,1,1,0,5,0,0
B,B,119,60,8,10,False,,7,6,104,0,0,5,2,0,0,3,1,0,4,0,0
A,A,206,104,10,9,True,,6,7,191,0,0,7,2,0,2,1,1,0,4,0,0
A,A,243,122,10,9,False,,9,0,234,1,2,4,1,0,2,0,2,0,5,0,0
A,A,299,150,10,9,False,,7,7,285,0,0,6,0,2,0,0,0,0,2,0,0
B,B,217,109,6,10,False,,11,0,206,0,0,5,1,2,1,0,1,0,4,0,0
A,A,129,65,10,7,False,,7,6,116,0,0,4,2,1,2,0,0,1,4,0,0
B,A,180,90,9,10,False,,11,1,164,0,0,7,1,0,0,3,0,2,5,0,0
A,B,220,110,10,7,False,B,9,2,209,0,0,8,0,1,0,1,1,2,5,1,0
A,A,215,108,10,4,False,,5,6,202,0,0,5,0,1,0,1,2,0,4,0,0
B,B,267,134,6,10,False,,4,7,256,0,0,6,0,1,2,0,0,2,5,0,0
B,A,148,75,4,10,False,B,5,4,139,0,0,4,1,3,0,1,1,0,5,1,0
B,B,171,86,9,10,False,,5,3,160,1,2,9,2,1,0,1,2,1,5,1,0
A,A,191,96,10,8,False,A,5,7,179,0,0,9,2,3,0,0,1,1,5,1,0
A,B,174,88,10,8,False,A,6,5,163,0,0,4,1,1,2,1,1,0,5,1,0
B,B,165,83,8,10,False,,9,2,152,0,0,7,1,2,0,2,0,1,5,0,0
A,B,210,105,10,9,False,,9,7,194,0,0,5,2,1,0,0,0,0,1,0,0
B,B,179,90,7,10,False,,10,4,163,0,0,5,0,0,0,1,0,0,1,0,1
B,B,188,95,9,10,False,,10,3,171,0,0,7,0,2,0,2,0,1,5,0,0
B,B,309,155,9,10,False,B,5,5,299,0,0,6,0,2,3,0,1,0,6,1,0
B,A,140,71,5,10,False,,6,3,130,1,2,4,1,0,1,2,0,1,4,1,0
B,B,129,65,4,10,False,,10,1,117,0,0,2,1,0,1,1,1,0,3,0,0
B,A,176,88,4,10,False,,7,3,166,0,0,6,1,2,0,0,0,1,3,0,0
B,A,208,105,8,10,False,,10,3,195,0,0,3,0,1,0,1,1,0,3,0,0
A,B,162,81,10,7,False,,6,7,149,1,2,6,0,0,1,1,1,0,4,0,0
A,A,140,71,10,7,False,,8,3,126,0,0,5,1,0,1,2,1,0,4,0,0
B,A,216,108,6,10,False,,4,2,210,0,0,5,0,2,1,1,2,2,8,0,0
A,B,150,75,10,6,False,B,8,2,140,0,0,3,1,1,0,2,0,2,5,1,0
B,B,163,82,8,10,False,,9,0,152,0,0,7,1,2,1,1,0,1,5,0,0
A,A,225,113,10,7,False,,10,1,214,0,0,5,1,1,1,1,1,0,4,0,0
A,A,199,100,10,8,False,,10,4,182,0,0,8,0,2,0,2,1,0,5,0,0
B,A,176,89,9,10,False,,8,2,165,0,0,6,1,1,2,2,1,0,6,0,0
A,A,150,76,10,7,False,,5,9,134,0,0,3,2,2,0,2,1,0,5,0,0
A,B,158,80,10,8,False,,7,5,142,0,0,5,0,0,0,5,0,0,5,0,0
A,B,226,113,10,7,False,,8,5,213,0,0,6,0,0,0,0,1,0,1,0,1
B,B,146,74,7,10,False,,5,5,133,0,0,4,0,3,0,4,1,0,8,0,0
A,A,214,108,10,9,False,,7,3,201,0,0,5,0,1,0,2,1,1,5,0,1
B,B,247,124,9,10,False,,8,7,232,0,0,6,0,1,0,0,0,1,2,0,0
B,A,202,101,9,10,False,,6,6,186,0,0,8,0,0,1,2,1,1,5,0,0
B,A,314,157,9,10,False,,9,3,302,0,0,8,0,0,1,0,0,4,5,0,0
A,B,230,115,10,5,False,,10,3,217,0,0,5,2,1,1,1,0,0,3,0,0
A,A,136,69,10,9,False,,8,3,123,0,0,4,2,1,1,2,0,0,4,0,0
B,A,206,103,6,10,False,B,10,4,192,0,0,6,0,1,0,1,0,0,2,1,0
A,A,213,107,10,8,False,,7,6,200,0,0,4,0,1,0,0,1,1,3,0,0
B,B,170,86,7,10,False,,6,5,157,0,0,5,1,0,1,2,1,2,6,0,0
A,A,281,141,10,7,False,,3,8,270,0,0,8,1,1,1,0,0,0,2,0,0
A,B,168,85,10,8,False,,9,1,158,0,0,4,1,1,1,1,1,1,5,0,0
A,B,250,125,10,6,False,,10,5,235,0,0,5,1,1,0,0,0,2,3,0,0
B,A,232,116,9,10,False,B,9,2,221,0,0,7,0,0,2,0,1,0,3,1,0
B,A,170,85,6,10,False,,6,6,158,0,0,3,0,1,1,1,0,1,4,0,0
B,B,227,114,9,10,False,,7,8,209,0,0,4,0,0,1,1,1,0,3,0,0
A,A,265,133,10,9,False,,8,6,251,0,0,6,0,1,0,1,1,1,4,0,0
B,A,320,160,9,10,False,,5,5,310,0,0,5,2,2,1,0,1,1,5,0,0
A,A,130,66,10,2,False,,7,3,120,0,0,4,1,0,0,1,2,1,4,0,0
B,A,214,108,9,10,False,A,4,10,200,0,0,6,1,0,1,1,2,0,4,1,0
B,B,245,123,7,10,False,,6,3,236,0,0,5,1,1,2,0,0,3,6,0,0
A,B,210,106,10,6,False,,9,4,195,0,0,6,1,0,0,1,0,1,2,0,0
A,B,258,129,10,9,False,,4,8,243,0,0,9,3,0,2,1,0,1,4,0,0
A,A,265,133,10,9,False,A,7,4,254,0,0,7,0,1,1,0,0,1,3,1,0
B,B,185,93,6,10,False,,9,4,170,0,0,6,0,1,0,1,1,1,4,0,0
A,A,249,125,10,8,False,B,6,5,238,0,0,9,1,0,1,0,1,1,3,1,0
B,A,214,107,7,10,False,,6,6,202,0,0,7,0,1,1,2,1,0,5,0,0
B,B,139,70,9,10,False,A,6,6,124,0,0,9,0,0,0,3,0,1,4,1,0
B,A,238,119,7,10,False,,5,5,228,0,0,4,0,2,1,0,2,0,5,0,0
B,B,247,124,8,10,False,,6,4,237,0,0,8,0,0,0,0,1,1,2,0,1
B,A,270,135,9,10,False,,7,2,261,0,0,6,2,0,1,0,3,1,5,0,0
A,B,184,92,10,8,False,B,12,1,171,0,0,5,0,0,0,0,2,1,3,1,0
A,B,202,101,10,7,False,,7,6,189,0,0,7,0,2,0,0,2,1,5,0,0
A,A,199,100,10,8,False,B,9,2,186,0,0,9,0,1,1,1,0,0,3,1,0
B,B,164,83,7,10,False,,7,6,148,0,0,4,0,1,1,2,0,1,5,0,1
A,B,168,84,10,6,False,,8,4,156,0,0,8,0,0,1,1,1,0,3,0,0
B,A,190,95,7,10,False,,9,2,179,0,0,6,0,0,1,0,2,0,3,0,0
B,A,256,128,9,10,False,A,9,2,241,0,0,7,1,0,1,0,2,0,3,1,0
A,A,251,126,10,7,False,B,2,4,245,0,0,7,0,3,2,0,0,2,7,1,0
A,A,283,142,10,9,False,,6,4,273,0,0,8,0,2,0,0,2,2,6,0,0
A,B,204,102,10,7,False,,7,5,192,0,0,7,1,1,0,1,0,0,2,0,0
A,B,230,115,10,7,False,,9,3,218,0,0,6,1,0,1,2,0,0,3,0,0
A,B,146,73,10,6,False,,9,1,136,0,0,2,1,0,2,1,2,0,5,0,0
A,B,216,108,10,9,False,,12,3,201,0,0,8,0,0,0,0,2,0,2,0,0
B,A,202,101,8,10,False,,7,2,193,0,0,8,2,1,0,1,1,1,4,0,0
A,A,221,111,10,6,False,,7,4,209,1,2,4,1,1,0,2,0,0,4,0,0
B,B,207,104,7,10,False,,7,4,195,0,0,3,1,1,1,2,1,0,5,0,0
A,A,161,81,10,3,False,,6,6,149,0,0,6,1,1,0,0,2,1,4,0,0
B,A,176,88,8,10,False,,6,6,159,0,0,6,0,0,1,2,0,1,4,0,0
B,A,206,103,5,10,False,,4,7,195,0,0,5,2,0,0,1,1,2,4,0,0
B,A,242,121,6,10,False,,8,2,232,0,0,8,1,0,0,0,2,3,5,0,0
B,B,217,109,8,10,False,,6,7,201,0,0,6,0,1,0,1,1,2,5,0,0
A,A,237,119,10,9,False,B,5,6,226,0,0,5,1,0,0,0,2,0,2,1,0
B,A,190,95,8,10,False,,6,4,180,0,0,9,0,1,1,1,0,1,4,0,0
B,A,164,83,7,10,False,,7,5,152,0,0,2,0,0,0,2,1,1,4,0,0
A,B,260,130,10,8,False,,6,7,247,0,0,7,1,0,1,0,2,1,4,0,0
A,A,203,102,10,8,False,,7,1,193,1,2,4,1,1,0,1,1,1,5,0,0
B,B,205,103,6,10,False,B,7,4,191,0,0,3,1,1,0,1,2,1,5,1,0
B,B,166,84,7,10,False,,8,5,150,0,0,6,0,0,1,2,1,1,5,0,0
B,B,181,91,6,10,False,,7,1,171,0,0,3,0,1,4,1,0,0,6,0,0
B,B,187,94,8,10,False,,10,5,172,0,0,4,0,1,0,0,1,0,2,0,0
B,B,253,127,7,10,False,,10,4,239,0,0,8,0,0,1,0,1,0,2,0,0
B,A,252,126,8,10,False,,5,9,238,0,0,3,0,3,0,0,1,0,4,0,0
B,B,228,115,5,10,False,,4,8,213,0,0,5,1,1,0,1,0,3,5,0,0
A,B,202,101,10,5,False,,6,6,190,0,0,6,0,1,0,1,0,2,4,0,0
B,B,193,97,8,10,False,,9,3,178,0,0,5,1,2,0,1,1,1,5,0,0
A,B,160,81,10,1,False,,6,3,147,0,0,6,1,2,1,1,1,0,5,0,0
B,A,246,123,9,10,False,,9,2,232,0,0,7,0,0,1,1,2,0,4,0,0
B,B,259,130,7,10,False,,7,7,245,0,0,6,2,1,1,0,0,0,2,0,0
A,B,214,107,10,9,False,,8,4,202,0,0,4,1,0,1,0,1,0,2,0,0
A,B,200,100,10,8,False,,8,6,186,0,0,8,2,0,1,0,1,2,4,0,0
A,B,126,63,10,6,False,,6,6,114,0,0,4,1,1,2,1,1,0,5,0,0
A,B,162,82,10,8,False,,6,4,151,0,0,6,0,1,1,3,0,0,5,0,0
B,A,226,113,8,10,False,,10,4,212,0,0,4,0,1,2,0,1,1,5,0,0
A,B,116,58,10,4,False,,9,3,104,0,0,4,0,0,0,1,1,1,3,0,0
B,A,158,79,9,10,True,,4,8,146,0,0,7,2,0,1,1,1,0,3,0,0
B,A,136,68,5,10,False,,11,1,124,0,0,4,1,1,0,1,1,1,4,0,0
B,B,214,108,6,10,False,,13,2,197,0,0,5,0,0,1,1,0,0,2,0,0
B,A,218,109,5,10,False,,7,0,211,0,0,5,0,2,2,1,0,1,6,0,0
A,B,126,63,10,5,False,,6,3,117,1,2,2,0,0,2,1,1,1,6,0,0
A,B,180,90,10,8,False,,6,3,171,0,0,9,2,1,2,1,1,0,5,0,0
A,B,168,85,10,8,False,,7,6,155,0,0,8,2,1,0,1,2,1,5,0,0
A,B,272,136,10,9,False,B,5,7,260,0,0,7,2,0,1,1,0,2,4,1,0
B,A,162,81,7,10,False,,7,5,150,0,0,5,1,0,1,1,0,0,2,0,0
A,A,211,106,10,8,False,,8,2,201,0,0,6,1,2,0,0,2,2,6,0,0
A,A,179,90,10,7,False,,10,1,168,0,0,5,0,0,2,1,0,1,4,0,0
A,B,246,123,10,6,False,,7,4,235,0,0,6,0,1,1,0,3,1,6,0,0
B,B,211,106,8,10,False,,8,6,197,0,0,5,0,3,0,0,0,0,3,0,0
A,B,206,103,10,7,False,,8,6,192,0,0,6,0,1,1,1,0,1,4,0,0
B,A,168,84,7,10,False,A,8,3,157,0,0,4,2,0,1,0,0,0,1,1,0
B,A,202,102,9,10,False,,6,6,187,0,0,6,0,0,1,2,1,0,4,0,0
B,A,184,92,7,10,False,,6,1,177,0,0,6,1,3,2,2,1,0,8,0,0
A,A,185,93,10,7,False,,7,3,173,0,0,6,1,2,0,1,2,1,6,0,0
B,A,250,125,8,10,False,,11,5,234,0,0,5,0,0,1,0,0,0,1,0,0
A,A,247,124,10,6,False,,7,3,237,0,0,6,1,1,3,0,0,1,5,0,0
B,A,172,86,9,10,False,,8,1,157,0,0,5,0,0,1,3,1,1,6,0,0
A,B,170,86,10,3,False,A|B,6,4,160,0,0,5,2,0,2,1,2,1,6,2,0
A,B,226,113,10,5,False,,4,5,217,0,0,3,1,0,2,2,0,1,5,0,0
A,B,250,125,10,9,False,,10,4,236,0,0,7,0,0,0,0,3,0,3,0,0
A,B,170,86,10,9,False,,11,4,155,0,0,7,0,0,0,1,1,0,2,0,0
A,A,129,65,11,4,False,,8,5,116,0,0,6,2,1,1,0,1,1,4,0,0
B,A,174,88,7,10,False,,9,4,161,0,0,7,1,1,1,1,2,0,5,0,0
A,A,213,107,10,7,False,,11,2,200,0,0,8,0,0,2,1,1,0,4,0,0
A,B,182,92,10,9,False,,8,4,168,0,0,5,0,1,1,3,0,1,6,0,0
A,B,156,78,10,9,False,B,6,4,146,0,0,5,2,0,0,2,2,0,4,1,0
B,B,271,136,9,10,False,,9,3,259,0,0,4,0,1,0,0,2,0,3,0,0
A,A,213,107,10,7,False,,11,5,194,0,0,4,0,1,1,1,0,0,3,0,0
A,B,278,139,10,8,False,,9,4,265,0,0,7,0,1,1,0,0,0,2,0,0
B,B,99,50,3,10,False,,6,3,89,1,2,1,2,0,0,1,1,1,3,1,0
B,B,171,86,6,10,False,,9,5,157,0,0,6,2,0,0,0,0,2,2,0,0
A,A,217,109,10,7,False,,5,11,201,0,0,3,0,0,0,0,1,0,1,0,0
A,B,176,88,10,6,False,,10,2,164,0,0,3,0,0,1,1,0,3,5,0,0
A,A,153,77,10,8,False,,8,5,138,0,0,5,2,1,1,0,0,0,2,0,0
A,B,232,116,10,8,False,,3,10,219,0,0,8,1,2,1,1,0,0,4,0,0
B,B,247,124,8,10,False,B,6,4,237,1,2,9,1,0,1,0,1,0,3,1,0
B,A,204,103,9,10,False,,8,6,190,0,0,5,0,0,0,1,1,1,3,0,0
B,A,224,112,8,10,False,,10,2,212,0,0,7,1,1,1,1,0,0,3,0,0
A,A,181,91,10,9,False,,7,4,168,0,0,7,1,0,1,2,0,1,4,0,0
A,A,261,131,10,8,False,,8,4,249,1,2,4,0,0,1,0,2,0,3,1,0
B,B,211,106,5,10,False,,9,3,199,0,0,7,1,0,0,0,1,1,2,0,0
A,B,240,120,10,9,False,A,10,3,227,0,0,5,0,1,1,0,1,0,3,1,0
B,B,253,127,7,10,False,,8,6,239,0,0,3,0,1,1,0,1,1,4,0,0
B,A,240,120,9,10,False,,11,2,227,0,0,5,0,1,1,0,0,1,3,0,0
B,A,258,129,9,10,False,,11,3,244,0,0,7,0,1,0,0,3,0,4,0,0
B,B,177,89,5,10,False,,9,2,166,1,2,6,0,2,0,0,3,0,6,0,0
A,B,218,109,10,7,False,,5,7,206,0,0,4,0,0,4,0,1,0,5,0,0
B,B,136,69,6,10,False,,7,8,120,0,0,8,0,0,1,1,0,1,3,0,0
B,A,270,135,9,10,False,,7,3,260,0,0,7,0,0,2,0,4,2,8,0,0
A,B,222,111,10,6,False,,6,2,214,0,0,6,0,3,1,1,0,1,6,0,0
B,B,209,105,5,10,False,,5,7,196,0,0,5,0,1,1,2,0,1,5,0,0
B,B,153,77,6,10,False,,7,4,141,0,0,7,1,1,1,2,0,0,4,0,0
A,B,202,101,10,9,False,,10,5,182,0,0,6,1,0,1,1,0,0,2,0,0
A,A,165,83,10,6,False,,8,5,152,0,0,6,2,0,3,1,1,0,5,0,0
A,A,174,88,10,9,False,,5,4,161,0,0,4,1,0,0,2,2,0,4,0,0
A,B,214,107,10,9,False,,11,2,201,0,0,6,2,0,1,0,1,0,2,0,0
B,A,246,123,8,10,False,,9,2,235,0,0,8,0,1,1,0,3,0,5,0,0
B,B,128,65,5,10,False,,10,2,115,0,0,8,0,1,2,1,1,0,5,0,0
A,A,161,81,10,6,False,,10,1,149,0,0,6,1,0,1,2,1,1,5,0,0
A,B,218,109,10,9,False,,8,7,203,0,0,6,1,0,0,0,1,2,3,0,0
B,A,294,147,9,10,False,B,5,5,284,0,0,10,1,1,1,0,1,2,5,1,0
B,A,124,63,9,10,False,,6,5,106,0,0,6,1,0,0,2,2,0,4,0,0
A,B,230,116,10,9,False,,10,3,217,0,0,4,1,1,1,1,0,0,3,0,0
A,B,228,114,10,5,False,,8,2,218,0,0,5,0,3,1,1,2,0,7,0,0
B,A,190,95,7,10,False,B,8,4,178,0,0,5,0,1,1,0,2,0,4,1,0
A,A,139,70,10,7,False,,7,6,123,0,0,6,0,0,0,3,1,0,4,0,0
A,A,243,122,11,9,False,,7,5,231,0,0,5,1,2,2,0,0,1,5,0,0
B,A,282,141,8,10,False,,4,5,273,0,0,6,1,0,1,0,1,4,6,0,0
A,B,144,72,10,4,False,,5,6,133,1,2,6,1,1,0,0,1,0,3,0,0
B,A,170,86,8,10,False,,7,3,158,1,2,5,1,0,1,3,0,0,5,0,0
A,A,221,111,10,9,False,,8,2,211,0,0,6,2,0,1,0,1,2,4,0,0
A,A,205,103,10,6,False,B,11,0,194,0,0,4,0,1,1,0,3,0,5,1,0
A,A,175,88,10,6,False,,8,5,158,0,0,4,1,1,1,1,0,0,3,0,0
A,B,132,66,10,7,False,,7,3,121,0,0,2,2,1,0,1,1,2,5,0,0
B,B,275,138,7,10,False,,7,4,263,0,0,7,0,0,1,1,0,2,4,0,0
B,A,206,104,8,10,False,,6,3,197,0,0,8,1,1,2,1,1,1,6,0,0
B,B,159,80,8,10,False,,7,3,145,0,0,5,0,0,0,3,1,1,5,0,0
B,A,216,108,7,11,False,,8,3,205,0,0,9,2,0,0,1,3,2,6,0,0
B,B,91,46,4,10,False,,11,1,79,0,0,4,1,0,0,0,1,0,1,0,0
B,B,213,107,7,10,False,A,8,2,203,0,0,6,1,0,2,1,0,2,5,1,0
A,A,182,92,10,9,False,,7,4,168,0,0,10,1,1,3,2,1,0,7,0,0
B,B,209,105,8,10,False,,10,3,196,0,0,7,1,0,1,0,0,1,2,0,0
B,A,130,65,7,10,False,,10,2,113,0,0,6,2,1,0,2,0,1,4,0,0
B,B,223,112,7,10,False,,12,2,209,0,0,6,0,1,0,0,1,1,3,0,0
A,A,207,104,10,6,False,,7,3,195,0,0,7,0,0,2,1,3,1,7,0,0
A,A,239,120,10,6,False,A,6,4,229,0,0,5,1,3,1,0,0,0,4,1,0
B,B,267,134,8,10,False,,7,9,251,0,0,4,0,0,1,0,0,1,2,0,0
A,A,303,152,10,8,False,B,2,10,291,0,0,10,1,1,1,0,0,2,4,1,0
A,B,132,66,10,4,False,,6,3,123,0,0,4,1,0,4,1,0,0,5,0,0
A,A,212,107,10,8,False,,6,5,198,1,2,4,2,0,2,1,0,0,4,0,0
B,A,248,124,7,10,False,,5,7,236,0,0,8,0,2,1,0,0,2,5,0,0
A,B,174,87,10,4,False,,7,5,162,0,0,10,1,2,0,0,2,0,4,0,0
A,B,194,97,10,8,False,B,11,2,179,0,0,6,2,0,1,2,0,0,3,1,0
A,B,244,122,10,8,False,,5,5,234,0,0,7,1,0,0,1,1,3,5,0,0
B,B,145,73,6,10,False,,11,3,131,0,0,3,1,0,0,0,2,2,4,0,0
A,A,209,105,10,7,False,,10,1,198,0,0,5,0,2,1,0,1,0,4,0,0
B,A,274,137,9,10,False,,4,10,260,0,0,8,0,1,1,0,0,3,5,0,0
A,B,266,133,10,9,False,,6,4,255,0,0,7,1,0,4,1,0,2,7,0,0
B,B,201,101,9,10,False,,6,6,187,0,0,7,1,0,0,2,1,0,3,0,0
B,B,263,132,7,10,False,A,5,3,255,0,0,9,0,3,0,1,1,3,8,1,0
A,A,183,92,10,7,False,,4,6,172,1,2,4,0,1,1,1,1,2,6,1,0
B,A,176,88,9,10,False,B,7,4,165,0,0,7,1,1,1,1,0,1,4,1,0
A,B,218,109,10,5,False,,7,4,207,0,0,4,0,1,0,1,2,1,5,0,0
A,B,188,94,10,6,False,,10,4,174,0,0,7,0,1,0,1,0,2,4,0,0
B,B,161,81,8,10,False,,9,5,145,0,0,10,0,0,1,1,0,1,3,0,0
B,B,229,115,4,10,False,,7,5,217,0,0,7,1,3,0,0,1,1,5,0,0
A,A,169,85,10,8,False,,7,3,156,0,0,4,1,1,1,1,1,0,4,0,0
B,A,208,104,6,10,False,,4,3,201,0,0,7,0,1,1,1,3,0,6,0,1
B,A,172,86,5,10,False,,13,2,157,0,0,2,0,0,0,1,1,1,3,0,0
A,A,235,118,10,9,False,,9,4,222,0,0,5,0,0,0,0,1,1,2,0,0
B,B,213,107,4,10,False,,6,6,199,0,0,4,1,1,0,1,1,1,4,0,0
B,A,166,83,7,10,False,,11,2,153,0,0,6,2,1,1,0,0,1,3,0,0
B,B,279,140,9,10,False,,8,1,270,0,0,6,2,0,2,0,1,1,4,0,0
B,B,261,131,7,10,False,,8,3,250,1,2,8,1,0,2,0,2,0,5,0,0
B,A,162,82,4,10,False,,7,6,149,0,0,2,0,0,1,1,2,1,5,0,0
B,B,237,119,8,10,False,,8,8,218,0,0,6,0,0,0,1,1,1,3,0,0
B,B,161,81,5,10,False,B,5,7,148,0,0,5,2,0,0,1,1,1,3,1,0
B,A,234,117,8,10,False,A,11,3,220,0,0,5,1,1,0,0,0,0,1,1,0
B,B,249,125,8,10,False,,7,3,237,0,0,6,3,1,1,1,1,0,4,0,0
A,B,114,58,10,5,False,A|B,5,4,102,0,0,9,3,1,1,3,0,0,5,2,0
A,B,270,135,10,7,False,A,6,5,259,0,0,8,0,1,0,0,1,2,4,1,0
B,A,206,103,8,10,False,,9,3,194,0,0,5,0,0,0,0,1,1,2,0,1
A,A,179,90,10,6,False,,8,5,165,0,0,5,0,0,0,2,1,1,4,0,0
A,B,160,80,10,5,False,,7,4,149,0,0,5,0,1,2,1,1,0,5,0,0
A,A,163,82,10,7,False,,9,1,150,0,0,6,1,0,2,1,0,0,3,0,1
A,B,154,77,10,5,False,,7,3,142,0,0,5,1,1,2,1,0,1,5,0,0
A,A,239,120,10,8,False,,6,7,226,0,0,7,1,1,0,0,2,0,3,0,0
A,B,192,96,10,5,False,,10,4,178,0,0,3,1,0,3,0,0,1,4,0,0
B,A,164,82,8,10,False,,6,2,153,0,0,3,0,1,1,2,3,1,8,0,0
A,B,242,121,10,8,False,,10,4,228,0,0,6,1,1,0,0,1,2,4,0,0
A,A,177,89,10,8,False,,9,4,162,0,0,9,0,0,0,2,1,0,3,0,0
A,B,170,85,10,6,False,,7,4,159,0,0,6,0,1,2,1,0,1,5,0,1
B,A,176,89,8,10,False,,8,3,163,0,0,5,0,0,1,3,0,0,4,0,0
A,A,211,106,10,8,False,,5,5,197,0,0,5,1,1,0,2,3,0,6,0,0
A,A,249,125,10,8,False,,5,9,235,0,0,7,0,0,2,0,1,1,4,0,0
A,B,166,83,10,6,False,,10,3,153,0,0,6,1,1,0,1,0,0,2,0,0
A,B,168,84,10,3,False,,6,3,159,1,2,5,2,2,1,0,1,1,6,0,0
A,A,137,69,10,6,False,,9,2,123,0,0,7,0,0,3,1,1,0,5,0,0
B,B,215,108,9,10,False,,9,2,204,0,0,6,3,1,0,1,1,0,3,0,0
A,B,178,90,10,7,False,,8,3,167,0,0,3,0,0,1,2,0,1,4,0,0
B,A,210,105,8,10,False,,10,2,198,0,0,4,0,1,0,0,1,1,3,0,0
A,A,293,147,10,8,False,,9,2,282,0,0,7,0,1,1,0,1,2,5,0,0
A,B,274,137,10,9,False,,9,4,261,0,0,3,0,0,1,0,0,0,1,0,0
B,B,285,143,7,10,False,,5,4,276,0,0,7,1,0,0,0,3,2,5,0,0
B,B,193,97,6,10,False,,8,6,176,0,0,8,0,2,0,1,0,0,3,0,0
A,B,222,111,10,7,False,,11,5,206,0,0,6,1,1,0,0,0,1,2,0,0
A,B,150,75,10,4,False,,7,3,140,0,0,5,2,1,1,0,1,1,4,0,0
B,A,216,108,8,10,False,A|B,7,3,206,0,0,6,0,1,0,1,1,1,4,2,0
B,B,187,94,7,10,False,,8,2,177,0,0,6,0,1,3,1,0,0,5,0,0
A,B,150,75,10,5,False,,6,8,136,0,0,3,1,0,1,2,0,1,4,0,0
A,A,201,101,10,6,False,,6,3,191,0,0,6,1,0,2,1,1,2,6,0,0
B,A,302,151,9,10,False,,6,9,287,0,0,6,0,3,0,0,0,0,3,0,0
A,A,223,112,10,9,False,,10,1,211,0,0,11,1,2,1,1,1,0,5,0,0
B,A,256,129,7,10,False,A,4,5,247,0,0,3,1,0,1,1,0,4,6,1,0
B,B,173,87,9,10,False,,11,0,162,0,0,4,1,1,0,1,1,0,3,0,1
A,B,186,93,10,8,False,,9,6,171,0,0,8,2,1,0,0,0,0,1,0,0
B,B,188,95,7,10,False,,9,3,172,0,0,6,1,0,0,2,0,1,3,0,1
B,A,170,85,9,11,False,,12,3,155,0,0,6,1,0,0,1,0,0,1,0,0
A,A,299,150,10,8,False,,10,3,286,0,0,4,0,2,0,0,1,1,4,0,0
B,B,275,138,9,10,False,,8,6,261,0,0,5,0,0,1,0,0,1,2,0,0
B,A,228,114,6,10,False,,10,3,212,0,0,11,1,0,0,1,1,1,3,0,0
A,B,216,109,10,6,False,,6,7,203,0,0,7,0,0,0,1,3,1,5,0,0
A,A,141,71,10,6,False,,10,5,126,0,0,5,2,0,1,2,0,0,3,0,0
A,A,201,101,10,9,False,A,6,4,191,0,0,7,1,0,2,2,2,0,6,1,0
A,A,219,110,10,8,False,B,5,2,212,0,0,7,2,3,0,0,0,3,6,1,1
A,A,213,107,10,6,False,,8,3,200,0,0,5,1,2,1,2,0,2,7,0,0
A,A,193,97,10,7,False,,5,6,179,0,0,6,1,0,0,1,1,2,4,0,0
A,B,262,132,10,9,False,,7,3,252,0,0,8,1,2,2,1,0,0,5,0,1
A,B,208,104,10,5,False,,6,9,193,0,0,5,0,1,2,0,1,0,4,0,0
A,B,200,100,10,8,False,,8,5,187,0,0,6,0,0,2,1,0,0,3,0,0
A,B,204,102,10,8,False,A,8,3,193,0,0,9,0,0,2,0,0,2,4,1,0
A,A,187,94,10,9,False,,9,6,169,0,0,7,0,0,0,1,0,0,1,0,0
B,A,206,103,6,10,False,,5,3,198,0,0,4,0,1,2,2,0,2,7,0,0
B,A,174,87,8,10,False,,10,3,161,0,0,5,1,1,0,0,1,0,2,0,0
A,B,216,108,10,6,False,A,6,5,205,0,0,4,0,2,0,0,0,2,4,1,0
B,B,195,98,5,10,False,B,7,1,187,0,0,6,0,0,2,0,3,1,6,1,0
B,B,170,86,6,10,False,,9,3,157,0,0,6,1,0,0,2,1,1,4,0,0
B,B,143,72,5,10,False,,11,5,127,0,0,6,1,1,0,0,0,2,3,0,0
A,A,275,138,10,9,False,,5,3,267,1,2,7,1,2,1,0,2,0,6,0,1
A,B,168,84,10,5,False,,8,2,158,0,0,2,0,1,3,1,0,0,5,0,0
A,A,220,111,10,6,False,A,8,1,210,0,0,7,0,3,0,2,1,0,6,1,0
A,B,186,93,10,6,False,,8,4,174,0,0,9,1,0,1,1,0,3,5,0,0
A,B,224,112,10,6,False,B,5,3,216,0,0,7,1,0,2,1,2,0,5,1,0
B,B,224,113,8,10,False,,7,2,211,0,0,6,1,2,0,1,1,1,5,0,0
B,A,182,91,6,10,False,,5,9,168,0,0,8,1,0,0,1,0,0,1,0,0
A,B,160,80,10,9,False,A|B,8,3,148,0,0,4,2,0,0,2,0,0,2,2,0
A,A,197,99,10,6,False,,9,1,184,0,0,5,1,0,2,1,1,0,4,0,0
A,A,181,91,10,9,False,,6,7,168,0,0,7,2,1,0,1,0,2,4,0,0
B,A,168,84,4,10,False,B,9,0,158,0,0,4,3,1,1,1,0,1,4,1,0
B,B,157,79,4,10,False,,7,5,143,0,0,6,1,1,0,1,1,1,4,0,0
A,A,195,98,10,7,False,B,7,2,186,0,0,5,1,3,1,1,1,0,6,1,0
A,A,215,108,10,7,False,,7,5,200,0,0,4,1,1,1,1,2,0,5,0,0
A,B,192,96,10,9,False,,13,2,177,0,0,5,0,0,1,0,1,0,2,0,0
B,A,226,113,8,10,False,,4,10,212,0,0,5,1,2,0,0,0,1,3,0,0
A,B,192,96,10,6,False,,10,2,180,0,0,3,0,1,2,0,2,0,5,0,0
B,B,231,116,8,10,False,,7,4,218,0,0,5,0,1,1,1,2,1,6,0,0
B,B,207,104,8,10,False,,9,5,193,0,0,8,0,0,1,0,0,0,1,0,0
A,B,212,106,10,8,False,B,9,5,198,0,0,6,0,0,0,0,1,0,1,1,0
A,B,108,54,10,4,False,,6,1,101,0,0,3,1,1,1,0,2,1,5,0,0
B,A,222,111,9,10,False,,7,5,210,0,0,7,3,0,1,0,0,2,3,0,0
A,A,211,106,10,7,False,,9,6,196,0,0,5,0,0,1,0,3,1,5,0,0
B,A,216,108,8,10,False,,8,6,200,0,0,8,2,0,0,1,1,1,3,0,0
A,B,284,142,10,8,False,,4,8,272,0,0,7,1,1,2,0,2,0,5,0,0
B,A,260,130,9,10,False,,8,5,247,0,0,9,1,1,1,0,1,0,3,0,0
A,B,208,105,10,7,False,,7,7,194,0,0,4,0,0,1,2,0,1,4,0,0
B,B,227,114,9,10,False,,7,6,214,0,0,2,0,2,1,0,0,0,3,0,0
B,A,176,88,5,10,False,,6,4,166,0,0,5,0,0,1,1,1,1,4,0,0
B,A,240,120,8,10,False,A,10,2,228,0,0,7,1,1,0,1,1,1,4,1,0
B,A,164,82,7,10,False,B,9,4,151,0,0,7,0,0,1,1,1,0,3,1,0
B,B,168,85,8,10,False,,4,6,157,0,0,6,1,1,0,3,1,0,5,0,0
B,A,274,138,9,10,False,,7,2,265,0,0,6,0,2,1,1,2,1,7,0,0
A,A,173,87,10,6,False,,9,4,160,0,0,4,1,1,0,0,1,1,3,0,0
A,A,230,116,10,6,False,,5,6,218,0,0,3,0,1,0,1,2,0,4,0,0
B,A,184,92,4,10,False,B,6,7,171,0,0,5,0,1,2,1,0,0,4,1,0
B,B,177,89,6,10,False,,7,6,164,0,0,5,1,2,0,1,2,0,5,0,0
A,B,246,123,10,7,False,B,5,5,236,0,0,6,0,2,0,1,1,1,5,1,0
B,A,216,108,6,10,False,,8,4,204,0,0,6,1,2,1,0,0,0,3,0,0
B,A,214,107,7,10,False,,4,5,205,0,0,8,1,0,3,1,0,4,8,0,0
A,B,198,99,10,6,False,A,9,3,186,1,2,6,1,1,1,1,0,0,4,1,0
B,B,213,107,6,10,False,,4,6,201,0,0,4,1,0,2,1,1,2,6,0,0
B,A,234,117,9,10,False,A,6,3,225,0,0,9,1,1,1,0,1,1,4,1,0
B,B,230,116,7,10,False,,4,5,218,0,0,5,1,0,0,1,2,2,5,0,2
B,B,281,141,7,10,False,,6,6,269,0,0,6,0,1,1,0,1,0,3,0,0
B,B,299,150,8,10,False,,8,5,286,0,0,3,1,0,2,0,0,1,3,0,0
B,B,173,87,9,10,False,,7,6,160,0,0,6,1,0,1,1,0,0,2,0,0
B,A,244,122,8,10,False,A,4,9,231,0,0,9,2,0,0,1,1,0,2,1,0
A,B,220,110,10,9,False,,8,9,203,0,0,7,0,1,0,0,0,0,1,0,0
A,B,274,137,10,9,False,,11,3,260,0,0,5,1,0,1,1,1,1,4,0,0
B,B,193,97,7,10,False,,7,4,182,1,2,7,1,0,1,0,1,0,3,0,0
B,B,231,116,9,10,False,,7,3,219,0,0,5,0,2,2,1,0,1,6,0,0
B,A,170,86,8,10,False,A,9,2,158,0,0,8,0,0,1,2,0,2,5,1,0
A,B,172,86,10,7,False,,6,3,160,0,0,2,0,0,1,2,1,1,5,0,0
A,B,190,95,10,9,True,,5,6,179,0,0,5,2,0,0,1,2,1,4,0,0
B,A,156,78,2,10,False,B,5,4,147,0,0,6,1,2,1,1,2,1,7,1,0
B,A,184,92,7,10,False,B,5,4,175,0,0,4,0,2,1,0,1,1,5,1,0
A,A,192,97,10,6,False,,8,4,179,0,0,7,1,1,2,1,0,1,5,0,0
B,A,238,119,9,10,False,,7,3,228,0,0,9,1,0,1,0,1,0,2,0,1
A,B,230,115,10,7,False,,7,7,216,0,0,5,0,1,1,0,0,0,2,0,0
A,A,213,107,10,6,False,,10,6,197,1,2,7,1,0,1,0,0,0,2,0,0
A,B,254,127,10,7,False,,6,5,243,0,0,7,0,0,1,0,0,2,3,0,0
A,A,127,64,10,8,False,,13,0,112,0,0,5,2,0,1,1,1,1,4,0,0
A,A,253,127,10,9,False,,11,4,238,0,0,7,1,0,0,0,1,1,2,0,0
B,B,174,88,9,10,False,,6,7,159,0,0,7,0,0,2,3,0,1,6,0,0
B,A,182,91,6,10,False,,8,1,170,0,0,7,0,1,0,1,2,1,5,0,0
A,A,235,118,10,8,False,A,9,3,223,0,0,11,0,1,0,0,1,1,3,1,1
B,B,243,122,6,10,False,,8,5,228,0,0,6,0,2,0,1,1,0,4,0,0
B,B,193,97,8,10,False,,10,5,176,0,0,6,0,1,0,1,1,0,3,0,0
B,B,233,117,6,10,False,,6,4,223,0,0,5,1,1,3,0,2,0,6,0,0
B,A,172,86,6,10,False,,11,2,159,0,0,7,0,1,0,1,2,1,5,0,0
A,A,187,94,10,8,False,,11,1,175,0,0,3,0,0,1,0,1,1,3,0,0
A,B,140,70,10,6,False,,9,2,129,0,0,6,0,1,0,1,0,1,3,0,0
B,B,213,107,9,10,False,,6,3,203,0,0,7,0,0,3,1,0,2,6,0,0
A,B,176,89,10,8,False,,8,1,167,0,0,5,1,1,0,1,2,0,4,0,0
A,B,184,93,10,9,False,,7,5,168,0,0,5,1,0,0,2,2,0,4,0,0
A,A,255,128,10,8,False,,8,5,242,1,2,4,0,0,1,0,0,2,4,0,0
B,B,245,123,8,10,True,,6,5,234,0,0,7,1,2,2,0,1,2,7,0,0
B,B,219,110,7,10,False,,6,3,207,0,0,8,0,1,2,1,0,2,6,0,0
B,A,180,91,5,10,False,,5,6,169,0,0,5,2,1,0,1,1,0,3,0,0
A,A,179,90,10,8,False,,9,8,162,0,0,7,1,1,0,0,1,0,2,0,0
A,A,179,90,10,7,False,,10,2,167,0,0,8,2,0,1,0,1,1,3,0,0
A,B,206,103,10,8,False,,8,4,194,0,0,9,1,0,3,0,1,0,4,0,0
B,B,257,129,9,10,False,,7,7,241,0,0,6,0,1,0,1,0,2,4,0,0
B,B,149,75,4,10,False,,10,1,138,0,0,4,1,1,0,0,0,2,3,0,0
A,A,149,75,10,7,False,A,4,2,139,0,0,9,2,1,1,3,0,2,7,1,0
B,B,221,111,8,10,False,,8,3,208,0,0,5,1,1,1,2,1,0,5,0,0
A,B,146,73,10,8,False,,9,4,129,0,0,4,0,0,0,2,0,1,3,0,0
B,B,313,157,9,10,False,,7,5,301,0,0,4,0,1,1,0,0,1,3,0,0
A,B,176,88,10,9,False,,8,0,168,1,2,3,1,0,0,1,3,1,6,0,0
B,A,244,122,8,10,False,,10,3,231,0,0,9,1,2,0,0,0,3,5,0,0
B,B,193,97,8,10,False,,6,8,179,0,0,7,1,1,0,1,1,0,3,0,0
B,A,192,97,9,10,False,B,6,4,180,0,0,8,1,0,0,2,0,2,4,1,0
A,A,176,89,10,7,False,A,9,3,162,0,0,7,1,1,0,1,2,0,4,1,0
A,B,188,94,10,7,False,,7,3,178,0,0,6,0,1,2,1,3,0,7,0,0
A,B,280,140,10,8,False,,11,3,266,0,0,6,0,2,1,0,0,1,4,0,0
B,B,169,85,6,10,False,,8,6,155,0,0,6,2,0,1,1,0,1,3,0,0
A,B,232,116,10,7,False,,6,6,220,0,0,4,2,0,0,0,1,2,3,0,0
B,A,270,135,9,10,False,B,9,4,257,0,0,7,0,1,0,0,0,2,3,1,0
B,A,288,144,8,10,False,,7,3,278,0,0,5,0,1,1,0,3,1,6,0,0
A,A,263,132,11,8,True,,9,3,251,1,2,5,4,0,0,0,1,1,2,1,0
B,A,218,109,9,10,False,,11,2,205,0,0,9,0,0,0,0,2,0,2,0,0
A,B,212,106,10,7,False,,9,6,197,0,0,5,0,0,0,1,1,2,4,0,0
A,B,128,64,10,5,False,A|B,6,3,119,0,0,4,1,0,1,0,0,2,3,2,1
A,A,192,97,10,9,False,,9,2,176,0,0,5,0,0,1,3,1,1,6,0,0
A,A,185,93,10,8,False,,7,7,170,0,0,8,1,0,2,1,0,0,3,0,0
A,B,208,104,10,4,False,,7,3,198,0,0,6,1,1,3,1,1,0,6,0,0
B,B,125,63,5,10,False,,7,6,112,0,0,4,2,0,1,1,0,1,3,0,0
A,B,244,122,10,8,False,,10,2,232,0,0,9,0,0,0,0,2,0,2,0,0
B,B,151,76,7,10,False,,8,6,136,0,0,8,0,1,0,1,1,0,3,0,0
A,B,190,95,10,9,False,A,2,9,175,0,0,7,0,0,1,2,1,2,6,1,0
A,B,280,140,10,8,False,,9,1,270,0,0,4,0,1,0,0,1,3,5,0,0
B,A,90,45,2,10,False,,6,3,81,0,0,2,1,0,0,1,2,0,3,0,0
B,B,194,98,7,10,False,,9,4,179,0,0,4,1,0,0,1,2,1,4,0,0
A,A,135,68,10,6,False,,8,1,126,1,2,6,2,0,1,0,1,0,3,0,0
A,A,285,143,10,9,False,,8,4,273,0,0,6,0,2,0,0,2,0,4,0,0
A,B,252,126,10,7,False,A,5,3,244,0,0,5,1,2,1,1,0,2,6,1,0
B,A,138,69,7,10,False,,8,4,124,0,0,5,0,2,2,2,0,0,6,0,0
B,B,189,95,7,10,False,B,9,3,177,0,0,12,1,1,0,0,1,2,4,1,0
B,A,154,77,6,10,False,,7,5,141,0,0,6,3,1,0,1,3,0,5,0,0
B,A,242,121,7,10,False,,8,1,233,0,0,7,1,3,1,0,0,1,5,0,0
B,A,186,93,6,10,False,,8,9,169,0,0,2,0,0,1,1,0,0,2,0,0
B,B,255,128,8,10,False,,4,9,242,0,0,4,1,0,0,0,0,2,2,0,0
A,A,329,165,10,9,True,,7,5,317,0,0,4,2,0,1,0,1,1,3,0,0
B,A,132,66,5,10,False,,10,4,118,0,0,6,1,1,1,0,1,0,3,0,0
A,B,160,80,10,9,False,,8,4,143,0,0,7,1,1,0,1,1,1,4,0,0
B,B,225,113,9,10,False,B,8,5,212,0,0,6,1,2,0,0,0,2,4,1,0
B,A,248,125,8,10,False,B,7,2,235,0,0,6,2,0,1,3,1,0,5,1,0
B,A,218,109,9,10,False,,5,5,204,0,0,6,1,0,0,2,1,1,4,0,0
A,A,295,148,10,9,False,,5,6,284,0,0,8,1,1,2,0,0,2,5,0,0
B,B,221,111,9,10,False,,10,4,207,0,0,7,2,0,2,0,0,1,3,0,0
A,B,242,121,10,6,False,A,6,6,230,0,0,6,0,1,2,0,1,0,4,1,0
B,B,172,87,7,10,False,,7,4,157,0,0,2,0,1,1,1,2,0,5,0,0
A,B,176,88,10,7,False,,5,6,165,0,0,5,2,3,3,1,0,1,8,0,0
A,B,206,104,10,8,False,,9,3,194,0,0,7,1,0,0,1,0,1,2,0,0
B,B,229,115,8,10,False,,10,4,215,0,0,4,0,0,1,0,2,0,3,0,0
A,B,202,101,10,9,True,,6,3,193,0,0,5,2,3,0,0,0,1,4,0,0
B,B,205,103,7,10,False,,9,1,195,0,0,4,2,1,1,0,1,1,4,0,0
B,B,185,93,8,10,False,B,8,2,173,0,0,9,1,2,0,1,0,1,4,1,0
B,A,146,73,9,10,False,,7,1,137,0,0,6,3,1,1,1,1,1,5,0,0
B,A,190,95,9,10,False,,8,3,178,0,0,5,1,0,1,1,0,0,2,0,0
B,B,159,80,8,10,False,,7,4,145,0,0,4,0,2,1,2,0,1,6,0,0
B,A,224,112,4,10,False,B,6,4,214,0,0,4,1,3,1,0,0,1,5,1,0
B,A,226,113,5,10,False,A,5,5,216,0,0,8,0,0,1,1,0,2,4,1,0
B,A,210,105,7,10,False,,7,6,197,0,0,3,2,1,0,0,0,2,3,0,0
B,A,204,103,7,10,False,,7,5,192,0,0,6,0,1,1,1,0,0,3,0,0
A,A,225,113,10,9,False,,11,3,211,0,0,3,1,2,0,0,0,0,2,0,0
B,A,120,61,8,10,False,B,7,3,110,0,0,5,1,0,0,2,0,1,3,1,0
B,A,222,111,8,10,False,,11,2,209,0,0,4,1,0,1,0,1,1,3,0,0
A,B,200,100,10,4,False,,4,7,189,0,0,4,0,2,1,1,0,0,4,0,0
A,A,239,120,10,6,False,,10,2,227,0,0,5,0,1,0,0,1,2,4,0,0
B,B,157,79,5,10,False,,10,2,145,0,0,8,1,1,1,2,0,0,4,0,0
A,B,218,109,10,8,False,,8,7,203,0,0,5,0,1,0,0,0,0,1,0,0
A,A,215,108,10,7,False,A,11,4,200,0,0,7,0,0,0,0,0,0,0,1,0
A,A,173,87,10,6,False,,6,1,166,0,0,3,0,3,2,0,2,0,7,0,0
A,B,268,134,10,9,False,,6,4,258,0,0,5,1,2,1,0,0,1,4,0,0
A,B,180,91,10,6,False,,7,6,167,0,0,9,0,0,0,1,0,2,3,0,0
B,A,222,111,4,10,False,B,4,8,210,0,0,3,0,0,1,0,0,2,3,1,1
B,B,245,123,8,10,False,,9,4,232,0,0,4,0,1,0,0,1,1,3,0,0
A,A,241,121,10,8,False,,7,2,232,0,0,7,0,0,1,0,2,4,7,0,0
A,B,214,107,10,6,False,,9,3,202,0,0,4,0,1,1,0,1,0,3,0,0
B,A,224,112,5,10,False,,7,2,215,0,0,7,2,0,1,1,1,0,3,0,0
B,A,218,109,7,10,False,,5,4,209,0,0,3,2,2,1,0,1,1,5,0,0
A,B,188,94,10,9,False,,10,3,175,0,0,9,0,0,0,2,0,2,4,0,0
B,B,233,117,9,10,False,,10,3,220,0,0,8,0,0,1,1,1,0,3,0,0
A,A,185,93,10,9,False,,8,3,168,0,0,8,1,0,1,2,2,1,6,0,0
B,B,221,111,7,10,False,,5,9,204,0,0,6,0,1,1,1,0,0,3,0,0
A,B,108,54,10,7,False,,8,8,91,0,0,4,0,1,0,2,0,0,3,0,0
B,B,165,83,6,10,False,,10,3,152,0,0,6,1,0,1,0,0,2,3,0,0
B,B,169,85,7,10,False,A,6,4,158,0,0,5,1,1,0,1,2,2,6,1,0
A,B,188,95,10,7,False,,8,3,177,0,0,3,0,0,3,1,0,2,6,0,0
B,B,173,87,8,10,False,,10,2,159,0,0,2,0,0,0,2,2,1,5,0,0
B,B,223,112,8,10,False,,7,6,210,1,2,4,2,1,0,0,0,1,2,1,0
A,A,219,110,10,8,False,,6,5,205,0,0,5,1,0,1,1,1,0,3,0,0
A,B,188,94,10,9,False,,11,2,175,0,0,6,0,3,0,0,0,0,3,0,0
B,A,226,113,8,10,False,,5,3,218,0,0,7,1,1,1,0,3,1,6,0,0
B,A,128,64,4,10,False,,7,5,114,0,0,6,1,0,0,2,0,0,2,0,0
B,B,189,95,6,10,False,B,7,5,177,0,0,4,3,0,1,1,1,2,5,1,0
B,B,231,116,7,10,False,A,7,4,220,0,0,5,1,1,1,0,1,0,3,1,0
A,A,221,111,10,7,False,,9,4,205,0,0,7,1,3,1,1,0,0,5,0,0
A,B,262,131,10,9,False,,9,2,251,0,0,6,1,1,3,0,1,0,5,0,0
A,A,211,106,10,9,False,A,7,4,200,0,0,10,0,1,1,1,0,2,5,1,0
B,A,222,111,4,10,False,,5,6,211,0,0,5,0,0,1,1,2,1,5,0,0
B,B,255,128,9,10,False,,6,3,246,0,0,6,2,2,1,0,0,1,4,0,0
A,B,236,118,10,9,False,,4,6,226,0,0,7,0,0,1,0,1,2,4,0,1
A,A,191,96,10,6,False,,10,3,177,0,0,6,0,1,1,2,0,0,4,0,0
B,A,218,109,9,10,False,,7,0,211,0,0,7,0,1,1,1,1,2,6,0,0
B,A,232,117,5,10,False,,9,3,220,0,0,4,0,2,2,1,0,0,5,0,0
B,B,140,71,8,10,False,,5,6,129,0,0,4,2,0,0,2,1,0,3,0,0
B,A,186,93,9,10,False,,6,5,172,0,0,6,0,1,2,2,1,1,7,0,0
B,A,156,78,7,10,False,A,9,0,147,0,0,6,1,2,0,1,0,1,4,1,0
A,A,231,116,10,8,False,,6,3,222,1,2,3,1,2,1,0,0,0,4,0,0
B,A,266,133,9,10,False,A|B,7,4,253,0,0,5,0,0,0,1,1,1,3,2,0
A,B,194,98,10,9,False,,11,2,177,0,0,8,2,1,0,2,1,0,4,0,0
A,A,239,120,10,9,False,,8,6,225,0,0,10,0,0,1,0,1,0,2,0,1
A,A,225,113,10,7,False,,11,3,210,0,0,8,0,0,1,1,0,0,2,0,0
A,A,183,92,10,7,False,,7,5,170,0,0,4,1,1,0,1,2,1,5,0,0
A,A,225,113,10,7,False,,8,8,207,0,0,6,0,0,2,1,0,0,3,0,0
A,A,241,121,10,9,True,,8,8,225,1,2,8,0,0,0,0,1,0,2,0,0
A,A,201,101,10,5,False,,4,7,190,0,0,4,1,1,1,1,2,1,6,0,0
A,B,190,96,10,8,False,,8,4,174,0,0,3,1,0,0,3,1,0,4,0,0
A,A,239,120,10,8,False,,9,6,224,0,0,5,0,0,2,0,0,0,2,0,0
A,A,221,111,10,8,False,A,7,4,210,0,0,8,1,1,1,1,1,1,5,1,0
A,A,166,84,10,9,False,,4,6,152,0,0,5,0,3,0,2,0,1,6,0,0
B,B,208,105,6,10,False,,9,5,193,0,0,5,0,0,1,1,1,0,3,0,0
B,A,186,93,8,10,False,,11,3,172,0,0,7,0,0,1,0,0,1,2,0,0
B,A,194,97,8,10,False,,8,3,179,0,0,5,0,1,0,2,1,1,5,0,0
B,A,132,66,3,10,False,,12,2,118,0,0,6,1,0,0,0,1,2,3,0,0
B,A,200,100,7,10,False,,6,7,185,0,0,5,0,1,1,2,0,0,4,0,0
A,A,176,89,10,9,True,,6,5,164,0,0,6,1,0,2,1,3,0,6,0,0
A,B,214,107,10,9,False,B,11,4,199,0,0,5,1,3,0,1,0,1,5,1,0
B,B,215,108,4,10,False,,5,3,204,0,0,6,1,1,2,1,1,3,8,0,0
A,B,234,117,10,7,False,,7,4,223,1,2,5,1,2,0,0,0,2,5,0,0
A,A,191,96,10,5,False,,12,4,175,0,0,2,0,0,0,0,0,1,1,0,0
A,A,216,109,10,8,False,,9,4,201,0,0,6,2,0,0,1,1,0,2,0,0
B,A,238,119,8,10,False,,9,3,226,0,0,8,0,2,3,0,0,1,6,0,0
B,A,238,119,9,10,False,,4,8,222,1,2,7,0,2,1,1,0,0,5,0,0
B,A,268,134,9,10,False,,5,8,255,0,0,4,0,1,2,0,1,0,4,0,0
B,A,230,115,9,10,False,,6,6,218,0,0,5,0,1,0,0,1,1,3,0,0
A,B,224,112,10,8,False,,9,2,213,0,0,8,1,0,2,0,0,1,3,0,0
B,A,212,106,9,10,False,,11,3,195,0,0,6,0,0,0,1,0,2,3,0,0
B,A,164,82,5,10,False,B,8,4,152,0,0,3,2,1,0,0,1,1,3,1,0
B,B,219,110,9,10,False,,7,5,207,0,0,4,1,0,1,0,2,1,4,0,0
B,A,124,62,8,10,False,,10,4,106,0,0,5,0,1,0,2,1,0,4,0,0
A,A,235,118,10,8,False,,7,6,222,0,0,7,0,0,1,0,1,2,4,0,0
B,A,216,108,9,10,False,,7,5,202,0,0,6,1,0,1,3,0,2,6,0,0
A,A,167,84,10,6,False,,7,4,156,0,0,4,2,0,0,0,2,0,2,0,0
A,B,190,95,10,8,False,,8,6,176,0,0,9,0,0,0,1,0,0,1,0,0
A,A,141,71,10,2,False,,8,5,128,0,0,7,1,2,0,0,1,1,4,0,0
B,B,225,113,9,10,False,,8,5,212,0,0,8,1,0,1,0,0,1,2,0,0
A,B,220,110,10,7,False,,6,3,211,0,0,3,0,0,1,2,2,0,5,0,1
B,A,236,118,9,10,False,B,8,4,224,0,0,9,1,0,2,1,0,1,4,1,0
A,A,170,86,10,7,False,B,5,5,155,0,0,6,0,0,0,2,1,0,3,1,0
A,B,202,101,10,7,False,,8,4,190,0,0,5,1,2,1,1,1,0,5,0,0
B,A,204,102,8,10,False,,9,4,191,0,0,4,0,0,1,0,0,1,2,0,0
B,B,216,109,9,10,False,,8,4,200,0,0,8,0,0,0,3,2,1,6,0,0
A,B,154,77,10,9,True,,7,2,141,0,0,5,2,2,0,0,2,2,6,0,0
A,A,181,91,10,9,False,,6,5,169,0,0,6,3,1,0,1,0,0,2,0,0
B,A,188,95,7,10,False,,11,4,173,0,0,7,0,2,0,1,0,0,3,0,0
A,B,198,99,10,6,False,,4,9,185,0,0,5,0,1,1,2,0,1,5,0,0
B,A,158,79,7,10,False,,10,4,141,0,0,7,0,0,1,2,0,0,3,0,0
B,B,251,126,7,10,False,,11,4,234,0,0,7,0,0,1,1,0,0,2,0,0
A,B,216,109,10,9,False,,5,7,200,0,0,6,0,1,0,2,0,1,4,0,0
B,A,170,86,5,10,False,,7,8,155,0,0,7,0,1,1,1,0,1,4,0,0
B,A,258,129,8,10,False,,9,5,244,0,0,6,0,1,1,0,1,1,4,0,0
A,A,238,120,10,9,False,,8,4,225,0,0,7,0,1,0,1,1,1,4,0,0
B,A,150,75,7,10,False,,11,0,139,0,0,8,0,0,1,1,2,1,5,0,0
A,B,210,105,10,9,False,,6,3,201,1,2,8,0,1,1,1,2,0,6,0,0
A,A,140,71,10,6,False,A,7,6,126,0,0,7,1,0,1,1,0,0,2,1,0
B,B,150,76,7,10,False,,7,4,136,0,0,5,0,0,0,4,2,0,6,0,0
A,B,202,101,10,6,False,,11,4,187,0,0,5,0,2,0,0,0,1,3,0,0
A,A,198,100,10,4,False,A,4,8,184,0,0,2,1,0,1,1,1,0,3,1,0
B,A,216,108,6,10,False,,11,1,204,0,0,3,1,0,0,1,1,1,3,0,0
A,B,208,104,10,7,False,,8,1,199,0,0,7,0,1,3,0,0,2,6,0,0
A,A,271,136,10,9,False,A,7,3,261,0,0,7,1,4,0,0,0,1,5,1,0
A,A,195,98,10,7,False,,6,3,183,0,0,6,0,0,2,1,1,3,7,0,0
B,A,172,87,6,10,False,B,7,8,157,0,0,7,0,0,0,1,1,1,3,1,0
B,B,239,120,6,10,False,B,7,6,226,0,0,11,0,0,0,0,0,2,2,1,0
A,A,279,140,10,8,False,,8,6,265,0,0,6,0,0,0,0,2,1,3,0,0
B,A,224,112,7,10,False,,6,3,214,0,0,8,1,1,1,1,1,2,6,0,0
B,B,177,89,9,10,False,,11,1,165,0,0,4,2,0,2,1,0,1,4,0,0
B,A,222,111,7,10,False,,4,3,215,1,2,8,2,1,0,2,2,1,7,0,0
B,B,301,151,9,10,False,B,7,6,288,0,0,5,1,1,0,0,0,0,1,1,0
B,A,180,90,8,10,False,B,9,0,171,0,0,8,0,0,1,1,1,1,4,1,0
B,B,261,131,8,10,False,B,9,3,248,1,2,8,0,0,0,1,0,1,3,1,0
A,A,221,111,10,7,False,,4,6,208,0,0,6,2,0,1,1,1,0,3,0,0
A,A,201,101,10,7,False,A,8,2,189,0,0,5,2,0,1,1,2,1,5,1,0
A,B,180,90,10,9,True,,7,5,168,0,0,3,1,1,0,1,1,1,4,0,0
B,B,239,120,6,10,False,,7,6,226,0,0,5,1,0,1,0,1,0,2,0,0
A,A,183,92,10,9,False,,6,6,171,0,0,5,1,2,0,1,1,0,4,0,0
A,A,217,109,10,8,False,,10,4,203,0,0,9,1,0,1,0,1,1,3,0,0
B,B,235,118,5,10,False,,6,8,221,0,0,3,0,0,0,1,1,2,4,0,0
B,A,220,110,9,10,False,,7,5,208,0,0,9,1,0,1,1,1,1,4,0,0
A,B,164,82,10,7,False,B,9,4,151,0,0,7,1,1,1,0,0,1,3,1,0
B,A,198,99,9,10,False,,11,3,179,0,0,5,0,1,1,2,0,0,4,0,0
A,B,240,120,10,9,False,,12,3,224,0,0,10,0,0,0,1,0,1,2,0,0
B,A,212,106,7,10,False,,9,8,195,0,0,3,0,0,1,0,1,1,3,0,0
A,B,216,108,10,9,False,A,6,7,203,0,0,4,2,1,0,0,0,0,1,1,0
A,A,277,139,10,9,False,A,9,5,263,0,0,7,1,1,1,0,0,0,2,1,0
A,B,218,109,10,7,False,,3,7,208,0,0,9,0,1,2,1,2,1,7,0,0
A,A,221,111,10,9,False,,9,2,210,0,0,3,1,1,0,1,0,2,4,0,0
B,A,198,99,6,10,False,A,6,4,188,0,0,4,0,1,0,2,0,0,3,1,1
A,B,170,85,10,6,False,,7,4,159,0,0,5,1,0,2,1,2,0,5,0,0
A,B,136,68,10,5,False,,7,5,124,1,2,7,1,0,0,1,1,1,4,0,0
A,B,176,88,10,6,False,,10,2,164,0,0,5,0,0,1,2,0,2,5,0,0
B,A,190,95,7,10,False,,6,4,180,0,0,3,2,2,1,0,2,1,6,0,0
B,B,105,53,3,10,False,,11,3,91,0,0,6,1,0,0,0,0,2,2,0,0
A,B,180,91,10,8,False,,1,7,172,0,0,4,1,1,1,2,1,1,6,0,0
A,B,214,108,10,7,False,,8,3,203,0,0,6,0,0,2,1,1,1,5,0,0
B,A,232,116,9,10,False,,9,3,220,1,2,6,1,0,0,0,2,0,3,0,0
B,B,129,65,6,10,False,,6,8,115,0,0,1,1,1,0,0,0,0,1,0,0
B,B,207,104,5,10,False,B,4,5,197,0,0,6,1,2,2,1,1,0,6,1,0
A,B,190,95,10,9,False,A,7,4,179,0,0,6,0,0,1,0,1,0,2,1,0
B,B,205,103,4,10,False,,6,2,197,0,0,4,1,2,0,1,1,1,5,0,0
B,A,274,137,9,10,False,,6,6,262,0,0,5,0,0,1,0,1,1,3,0,0
A,A,159,80,10,7,False,,13,2,144,0,0,8,0,0,0,1,1,0,2,0,0
B,B,199,100,8,10,False,,7,5,185,0,0,6,1,0,0,2,0,2,4,0,0
A,B,234,117,10,8,False,,9,6,219,0,0,7,0,2,2,0,0,0,4,0,0
A,B,168,84,10,7,False,,6,3,157,0,0,5,0,2,1,1,2,1,7,0,0
B,B,205,103,8,10,False,B,8,4,190,0,0,8,1,1,1,2,0,0,4,1,0
B,B,199,100,9,10,False,,10,3,186,0,0,6,0,1,0,1,2,0,4,0,0
B,B,185,93,8,10,False,,6,6,171,0,0,10,2,0,1,1,0,1,3,0,0
B,A,140,70,7,10,False,,5,5,128,0,0,6,2,0,2,1,0,2,5,0,0
B,B,97,49,2,10,False,,4,5,88,0,0,5,1,1,1,0,0,1,3,0,0
B,B,187,94,9,10,False,,5,4,178,0,0,6,1,2,2,1,1,0,6,0,0
B,B,175,88,7,10,True,,8,4,163,0,0,5,3,1,1,0,0,0,2,0,0
A,B,204,102,10,5,False,A,10,5,189,0,0,5,1,2,0,0,0,0,2,1,0
A,A,191,96,10,6,False,,9,4,177,0,0,4,1,1,1,1,1,0,4,0,0
A,B,264,132,10,9,False,,7,5,252,0,0,6,1,3,0,0,1,0,4,0,0
B,A,256,128,8,10,False,,6,7,242,0,0,9,1,0,2,1,0,1,4,0,0
B,A,156,78,7,10,False,B,8,4,144,0,0,4,2,0,0,1,2,0,3,1,0
B,A,142,71,8,10,False,,9,4,129,0,0,5,2,0,3,1,0,1,5,0,0
B,A,226,113,9,10,False,A,6,5,215,0,0,6,1,1,3,0,0,0,4,1,0
A,B,190,96,10,8,False,,5,5,178,0,0,2,0,1,2,2,1,1,7,0,0
A,B,162,81,10,9,False,,8,4,148,0,0,5,0,0,0,3,2,2,7,0,0
A,B,178,89,10,6,False,A,5,8,165,0,0,4,1,2,1,0,1,1,5,1,0
A,B,184,92,10,6,False,,7,3,174,0,0,4,2,1,1,1,1,1,5,0,0
A,B,190,95,10,6,False,,8,3,179,0,0,7,0,0,0,1,3,0,4,0,0
A,B,234,117,10,9,False,,9,3,222,1,2,5,0,0,1,0,0,0,2,0,0
B,B,195,98,7,10,False,,11,1,182,0,0,6,0,0,0,2,0,2,4,0,0
B,A,310,155,7,10,False,,5,6,299,1,2,6,0,0,0,0,1,1,3,0,0
B,A,128,65,9,10,False,,5,6,116,0,0,4,1,0,1,3,0,1,5,0,0
A,A,195,98,10,6,False,,6,6,180,0,0,5,0,2,1,1,1,1,6,0,0
B,A,232,116,6,10,False,,7,7,218,0,0,5,0,1,2,0,0,0,3,0,0
B,A,178,89,5,10,False,,10,2,166,0,0,4,0,0,1,1,1,1,4,0,0
B,A,172,86,5,10,False,,6,9,157,0,0,5,1,2,0,0,0,0,2,0,0
B,A,194,98,8,10,False,,7,8,179,0,0,7,0,1,0,1,0,1,3,0,0
A,B,224,113,10,9,False,,6,6,207,0,0,6,0,0,1,2,0,1,4,0,0
B,B,138,70,6,10,False,B,5,7,125,0,0,4,2,1,0,1,1,1,4,1,0
A,A,203,102,10,9,False,B,8,3,192,0,0,6,0,0,2,0,0,0,2,1,0
B,B,117,59,2,10,False,A,6,5,106,0,0,6,1,0,2,0,0,2,4,1,0
B,A,282,141,9,10,False,,8,3,271,0,0,6,0,0,1,0,1,2,4,0,0
A,B,226,113,10,8,False,,9,7,210,0,0,7,0,0,0,0,0,2,2,0,0
B,A,198,99,7,10,False,,6,6,186,0,0,5,2,3,0,0,1,0,4,0,0
B,A,158,79,7,10,False,A,5,6,147,0,0,2,3,2,0,0,1,0,3,1,0
B,A,174,88,8,10,False,B,7,6,161,0,0,2,0,1,0,1,2,0,4,1,0
B,A,182,91,6,10,False,A,7,4,171,0,0,6,0,0,1,1,1,2,5,1,0
B,B,127,64,9,10,False,,9,5,111,0,0,8,1,0,1,1,1,0,3,0,0
A,B,172,86,10,8,False,,11,1,160,1,2,3,2,0,2,1,0,0,4,0,0
B,A,250,125,8,10,False,A,6,7,237,0,0,8,1,1,0,1,1,2,5,1,0
B,A,162,81,7,10,False,,7,6,149,0,0,3,1,1,0,0,0,0,1,0,0
A,B,272,136,10,7,False,,6,5,261,0,0,6,0,0,1,0,1,2,4,0,0
A,A,109,55,10,3,False,,8,7,94,0,0,4,1,2,1,0,0,1,4,0,0
B,B,163,82,8,10,False,,12,3,147,0,0,6,1,0,0,1,0,1,2,0,0
A,B,162,81,10,5,False,A,4,6,152,0,0,4,2,0,0,1,2,1,4,1,0
B,B,175,88,7,10,False,A|B,3,10,162,0,0,6,1,2,2,0,0,0,4,2,0
A,B,304,152,10,8,False,,5,7,292,0,0,5,0,2,1,0,0,0,3,0,0
B,B,200,101,7,10,False,,4,5,189,0,0,5,0,0,1,2,2,2,7,0,0
A,B,234,117,10,8,False,,5,7,222,0,0,5,0,1,0,1,0,4,6,0,0
B,B,181,91,8,10,False,,11,6,164,0,0,8,2,0,1,0,1,0,2,0,0
A,A,259,130,10,8,False,A,5,7,247,0,0,7,0,1,0,0,0,2,3,1,0
A,A,211,106,10,9,False,,8,5,194,0,0,6,0,0,0,1,1,1,3,0,0
A,B,170,86,11,9,False,,9,3,158,0,0,3,2,1,1,1,0,1,4,0,0
A,B,270,135,10,9,False,,12,2,256,0,0,3,0,0,2,0,0,0,2,0,0
A,A,187,94,10,7,False,,8,5,173,0,0,10,1,0,1,1,1,2,5,0,0
A,B,238,119,10,6,False,,4,9,225,0,0,3,0,0,1,1,0,0,2,0,0
A,B,180,90,10,9,False,B,12,1,167,0,0,9,1,0,0,0,1,0,1,1,0
A,B,198,99,10,6,False,,9,3,186,0,0,7,0,2,0,0,0,1,3,0,0
A,A,187,94,10,7,False,,8,2,177,1,2,7,0,2,1,0,1,1,6,0,0
A,A,281,141,12,9,False,,5,6,270,1,2,6,1,0,0,1,0,3,5,0,0
B,B,205,103,6,10,False,,6,9,190,0,0,6,0,0,2,0,1,0,3,0,0
A,B,280,140,10,5,False,,3,8,269,0,0,2,0,2,1,1,1,1,6,0,0
A,B,232,116,10,6,False,B,6,5,221,0,0,6,0,1,0,0,0,0,1,1,0
B,A,238,119,6,10,False,,7,4,227,0,0,5,1,2,2,1,0,0,5,0,0
B,B,221,111,7,10,False,B,7,4,210,0,0,7,1,3,0,0,0,1,4,1,0
B,B,141,71,7,10,False,B,10,1,128,0,0,6,1,0,1,2,0,1,4,1,0
A,A,213,107,10,7,False,,5,6,201,0,0,4,1,0,1,1,1,1,4,0,0
A,B,238,120,10,5,False,,9,2,227,0,0,7,0,0,0,1,0,3,4,0,0
B,A,250,125,6,10,False,,7,7,236,1,2,4,0,1,0,0,0,1,3,0,0
A,A,195,98,10,9,False,,7,6,182,0,0,7,0,2,1,0,1,0,4,0,0
A,B,190,95,10,8,False,,6,5,179,0,0,6,2,1,0,3,1,1,6,0,0
B,B,175,88,8,10,False,,9,3,159,0,0,6,1,1,1,2,0,0,4,0,0
B,B,187,94,4,10,False,,10,2,175,0,0,6,0,1,0,0,2,1,4,0,0
A,A,194,98,10,6,False,A,6,3,184,0,0,5,2,1,1,1,1,2,6,1,0
B,A,178,89,8,10,False,,9,2,165,0,0,8,0,0,0,1,1,1,3,0,0
B,B,247,124,9,10,False,,9,2,236,0,0,6,0,0,2,0,1,0,3,0,0
B,A,170,85,8,10,False,,9,3,157,0,0,6,1,0,2,2,1,0,5,0,0
B,B,79,40,1,10,False,,6,2,71,0,0,1,1,0,2,1,0,1,4,0,0
A,B,170,85,10,8,False,,9,3,158,0,0,7,0,0,1,2,1,0,4,0,0
B,A,260,130,6,10,False,,11,2,247,0,0,7,0,1,0,0,1,2,4,0,0
B,A,190,95,8,10,False,,10,2,178,0,0,7,2,1,0,0,2,2,5,0,0
B,B,203,102,9,10,False,B,9,4,190,0,0,7,1,1,1,0,1,0,3,1,0
A,A,199,100,10,9,False,B,8,2,189,0,0,5,1,0,0,0,1,1,2,1,0
B,A,224,112,8,10,False,,9,6,209,0,0,5,1,0,0,0,1,0,1,0,0
A,B,188,95,10,7,False,,7,6,175,0,0,4,0,1,1,1,0,1,4,0,0
A,A,227,114,10,7,False,,12,3,212,0,0,9,0,1,1,0,0,0,2,0,0
B,B,193,97,8,10,False,,10,3,177,0,0,4,1,0,1,1,1,0,3,0,0
B,A,216,109,8,10,False,,10,1,205,0,0,8,0,1,1,1,2,1,6,0,0
A,B,206,103,10,9,False,,11,2,193,0,0,3,1,0,1,0,1,0,2,0,0
B,B,180,91,7,10,False,,10,4,166,0,0,6,0,0,1,1,1,0,3,0,0
A,A,137,69,10,8,False,A,8,4,125,0,0,6,3,0,2,1,0,0,3,1,0
A,B,204,102,10,9,False,,6,6,192,0,0,10,0,0,0,1,1,4,6,0,0
B,A,158,79,6,10,False,A,6,8,144,0,0,3,1,0,0,0,1,1,2,1,0
A,A,228,115,10,8,False,,9,2,215,0,0,8,1,1,0,1,1,1,4,0,0
A,A,201,101,10,9,False,,7,8,186,0,0,3,0,0,1,0,1,1,3,0,0
A,A,209,105,10,8,False,,7,4,198,0,0,5,1,0,0,0,1,2,3,0,0
B,A,240,120,8,10,False,,8,3,229,0,0,7,1,0,2,1,0,0,3,0,1
B,A,202,101,6,10,False,,9,4,189,0,0,5,0,1,1,0,1,1,4,0,0
A,A,145,73,10,3,False,,7,3,135,0,0,7,1,0,1,1,1,2,5,0,0
A,A,194,98,10,6,False,,6,3,183,0,0,5,0,1,0,2,1,1,5,0,1
A,B,138,69,10,6,False,,12,1,125,0,0,3,0,0,2,1,1,0,4,0,0
B,B,191,96,7,10,False,A,6,5,180,0,0,8,1,1,1,0,0,2,4,1,0
A,B,158,79,10,9,False,,7,4,144,1,2,6,1,0,0,2,1,0,3,1,0
B,A,136,68,5,10,False,,9,3,124,0,0,5,1,1,0,0,1,1,3,0,0
A,B,258,129,10,9,False,,7,3,248,0,0,5,0,0,1,0,4,1,6,0,0
A,B,292,146,10,6,False,,4,11,277,0,0,8,0,1,1,0,0,0,2,0,0
A,B,170,85,10,8,False,,6,9,155,0,0,6,1,0,1,0,1,0,2,0,0
A,B,238,120,10,7,False,,7,5,226,0,0,7,0,2,0,1,1,0,4,0,0
A,B,194,97,10,7,False,,6,1,187,0,0,4,1,1,1,2,1,1,6,0,0
A,B,220,110,10,6,False,,9,5,206,0,0,6,0,0,1,0,1,0,2,0,0
B,B,199,100,7,10,False,B,3,10,186,0,0,2,2,0,2,1,0,0,3,1,0
B,A,204,102,7,10,False,,5,8,191,0,0,10,1,1,0,0,0,0,1,0,0
B,B,186,94,8,10,False,,8,3,172,0,0,3,0,1,0,2,2,1,6,0,0
A,B,172,87,10,5,False,,6,1,163,0,0,3,0,2,0,2,2,3,9,0,0
A,A,267,134,10,8,False,,10,6,251,0,0,7,0,0,1,0,0,1,2,0,0
B,B,207,104,8,10,False,,10,4,193,0,0,4,0,0,1,0,1,0,2,0,0
B,A,242,121,7,10,False,,6,5,231,0,0,5,1,0,0,2,2,1,5,0,0
B,A,224,112,5,10,False,B,6,5,212,0,0,6,1,1,2,1,1,0,5,1,0
B,B,119,60,4,10,False,,7,4,107,0,0,8,1,0,0,1,2,1,4,0,0
B,B,173,87,8,10,False,,10,1,161,0,0,4,1,1,0,2,1,0,4,0,0
B,B,221,111,6,10,False,B,12,0,208,0,0,8,0,1,1,1,0,1,4,1,0
A,A,243,122,10,6,False,,8,3,229,0,0,4,1,2,0,1,1,1,5,0,0
B,B,179,90,9,10,False,B,6,5,168,0,0,8,0,2,1,1,1,0,5,1,0
B,A,264,132,9,10,False,B,10,4,250,0,0,7,0,1,0,0,0,2,3,1,0
A,B,140,70,10,5,False,,10,2,128,0,0,4,1,1,1,0,0,1,3,0,0
B,A,132,66,4,10,False,,9,2,121,0,0,7,0,0,1,1,0,1,3,0,0
A,A,251,126,10,9,False,B,8,5,237,0,0,8,0,1,0,1,0,1,3,1,0
A,A,207,104,10,7,False,,9,3,195,0,0,8,0,1,0,0,2,1,4,0,0
B,A,180,90,9,10,False,,8,7,165,0,0,7,1,0,2,1,1,1,5,0,0
A,A,239,120,10,7,False,,11,4,224,0,0,5,0,0,1,0,0,0,1,0,0
B,A,322,161,9,10,False,,11,1,310,0,0,8,0,0,0,0,0,4,4,0,0
A,B,254,127,10,8,False,,10,3,241,0,0,7,0,0,1,0,1,1,3,0,0
B,A,316,158,9,10,False,,8,6,302,0,0,6,0,0,0,0,0,2,2,0,0
B,A,218,109,9,10,False,,9,4,205,0,0,7,1,0,1,0,1,1,3,0,0
A,A,197,99,10,9,False,,3,6,184,0,0,5,0,3,0,2,1,0,6,0,0
B,A,236,118,9,10,False,B,8,2,226,0,0,6,1,3,0,0,1,1,5,1,0
A,A,211,106,10,8,False,,8,3,200,0,0,4,0,1,2,0,1,1,5,0,0
B,B,191,96,8,10,False,,11,1,179,0,0,7,0,2,0,0,2,0,4,0,0
B,B,179,90,7,10,False,,9,4,161,0,0,7,0,0,0,2,1,0,3,0,0
A,A,226,114,10,5,False,,9,3,212,0,0,5,2,0,0,1,0,1,2,0,0
B,A,138,69,3,10,False,,5,5,128,0,0,5,2,0,1,0,2,1,4,0,0
B,B,167,84,7,10,False,,7,5,155,1,2,8,1,0,0,0,2,0,3,0,0
A,B,182,91,10,9,True,,8,4,170,0,0,6,1,1,1,1,1,0,4,0,0
A,B,218,109,10,7,True,,4,6,208,0,0,4,2,2,1,1,1,0,5,0,0
A,B,186,93,10,9,False,,7,3,172,0,0,6,0,0,0,2,1,2,5,0,0
A,B,180,90,10,7,False,,7,4,169,1,2,5,1,0,0,0,1,1,3,0,0
A,A,181,91,10,8,False,,4,9,162,0,0,6,0,0,1,2,0,1,4,0,0
A,B,244,122,10,5,False,,5,6,233,0,0,8,0,2,1,0,3,1,7,0,0
A,A,249,125,10,9,False,,9,3,237,0,0,8,1,0,4,0,0,0,4,0,0
A,B,210,105,10,8,True,B,7,2,201,0,0,9,1,0,0,1,2,1,4,1,0
A,B,260,130,10,9,False,,5,7,248,0,0,7,0,0,1,0,3,0,4,0,1
B,B,199,100,9,10,False,B,8,2,189,0,0,8,2,2,0,0,2,1,5,1,0
B,B,209,105,9,10,False,,8,3,198,0,0,6,2,3,1,1,1,0,6,0,0
A,A,169,85,10,7,False,B,7,7,155,0,0,6,1,0,0,0,1,1,2,1,0
A,A,227,114,10,8,False,,10,5,212,0,0,4,0,0,2,0,0,0,2,0,0
B,B,177,89,8,10,False,B,5,4,164,0,0,6,1,0,1,2,0,1,4,1,0
B,B,187,94,8,10,False,,12,2,167,0,0,6,0,1,0,0,0,0,1,0,0
B,B,265,133,9,10,False,,5,4,254,0,0,6,3,0,0,2,2,1,5,0,0
A,A,213,107,10,9,False,,6,6,198,0,0,3,1,0,1,1,1,1,4,0,0
B,A,272,136,6,10,False,,9,2,261,0,0,7,2,1,0,0,1,1,3,0,0
B,B,273,137,8,10,False,,3,8,262,0,0,4,0,1,4,0,1,1,7,0,0
A,B,232,116,10,8,False,A,8,4,220,0,0,5,1,0,2,0,0,0,2,1,0
B,B,171,86,7,10,False,,8,5,154,0,0,2,0,0,2,1,0,0,3,0,0
B,A,154,77,6,10,False,,8,3,143,0,0,5,1,0,0,1,1,0,2,0,1
B,A,124,62,2,10,False,,8,3,113,0,0,4,1,1,0,0,1,1,3,0,0
A,B,136,69,10,4,False,,5,4,126,0,0,2,2,1,1,2,1,0,5,0,0
B,B,259,130,8,10,False,,7,5,247,0,0,5,2,0,0,1,2,1,4,0,0
B,A,192,97,9,10,False,,6,6,178,0,0,8,2,0,0,2,0,1,3,0,1
A,A,209,105,10,7,False,,8,5,196,0,0,3,1,0,1,0,1,0,2,0,0
A,B,190,95,10,8,False,,7,1,178,0,0,5,1,1,2,3,0,2,8,0,0
B,A,208,104,7,10,False,B,4,1,203,0,0,6,1,0,1,1,5,1,8,1,0
B,A,296,148,6,10,False,,6,11,279,0,0,5,2,0,0,0,1,1,2,0,0
B,B,215,108,7,10,False,,7,2,206,0,0,5,0,2,0,0,2,2,6,0,0
A,B,232,116,10,7,False,B,10,1,221,0,0,9,1,2,1,0,0,0,3,1,0
B,A,192,96,9,10,False,,6,5,180,0,0,5,2,1,0,1,1,1,4,0,0
A,A,301,151,10,6,False,,5,6,290,0,0,7,1,1,1,0,1,2,5,0,0
B,B,245,123,9,10,False,,8,1,236,0,0,4,0,2,0,0,3,1,6,0,0
B,B,235,118,9,10,False,,6,4,225,0,0,6,1,1,0,0,2,1,4,0,0
B,B,235,118,8,10,False,,14,1,220,0,0,3,0,0,0,0,1,0,1,0,0
A,B,128,65,10,9,False,,8,3,116,0,0,5,2,0,1,2,1,2,6,0,0
A,B,230,115,10,8,False,,9,1,220,0,0,10,1,1,0,0,1,3,5,0,0
B,B,179,90,8,10,False,,10,5,164,0,0,1,1,0,1,1,0,0,2,0,0
A,A,229,115,10,8,False,,7,5,217,0,0,4,0,2,0,0,2,0,4,0,0
A,A,169,85,10,8,False,,7,3,158,0,0,6,1,0,3,1,0,0,4,0,0
A,A,205,103,10,8,False,B,7,2,193,0,0,4,1,0,1,1,1,1,4,1,0
A,A,127,64,10,4,False,,10,4,113,0,0,4,1,1,1,0,1,1,4,0,0
A,A,175,88,10,8,False,A,8,3,164,0,0,7,1,0,0,0,1,0,1,1,0
B,A,234,117,7,10,False,,8,6,220,0,0,5,1,0,0,0,0,1,1,0,0
B,B,141,71,7,10,False,B,6,3,130,0,0,6,2,0,3,2,0,0,5,1,0
B,A,214,108,7,10,False,,7,6,201,0,0,6,0,0,0,1,3,0,4,0,0
A,A,203,102,10,6,False,,9,4,190,0,0,6,1,0,2,0,1,1,4,0,0
A,B,210,106,10,8,False,,9,4,197,0,0,5,1,0,2,1,0,1,4,0,0
B,B,185,93,8,10,False,,11,3,169,0,0,6,1,1,0,1,1,0,3,0,0
B,B,203,102,7,10,False,,9,4,190,0,0,7,1,0,1,0,0,1,2,0,0
A,B,126,63,10,5,False,,8,3,113,0,0,6,0,0,1,1,1,2,5,0,0
A,B,158,79,10,4,False,A,7,5,146,0,0,5,1,0,0,1,0,0,1,1,0
B,A,248,124,7,10,False,,6,5,237,0,0,9,0,1,0,0,1,1,3,0,0
A,B,152,76,10,6,False,,6,4,140,0,0,6,0,2,1,1,2,1,7,0,0
A,A,269,135,10,9,False,,6,4,259,0,0,8,1,0,2,0,1,2,5,0,0
B,A,176,88,6,10,False,,5,5,165,0,0,1,1,2,1,1,2,1,7,0,0
B,B,273,137,9,10,False,,7,4,262,0,0,5,0,1,1,0,1,0,3,0,1
A,A,229,115,10,8,False,,6,7,216,0,0,6,0,1,2,1,0,1,5,0,0
B,B,213,107,9,10,False,,7,8,198,0,0,4,0,1,1,0,1,0,3,0,0
B,B,195,98,5,12,False,,8,5,180,1,2,3,2,0,1,1,1,0,4,0,0
A,B,282,141,10,8,False,,8,2,272,0,0,11,1,0,2,0,0,2,4,0,0
A,B,270,135,10,8,False,,10,2,258,0,0,2,0,4,1,0,0,0,5,0,0
A,B,186,94,10,8,False,,12,1,173,0,0,8,0,2,1,1,1,0,5,0,0
B,B,181,91,6,10,False,,9,1,170,0,0,5,2,0,1,1,2,2,6,0,0
B,A,240,120,6,10,False,,8,5,227,1,2,2,0,0,0,0,2,0,3,0,0
A,B,286,143,10,8,False,,6,4,276,0,0,6,1,1,0,1,2,0,4,0,0
A,B,192,96,10,7,False,,11,1,178,0,0,4,0,0,1,2,1,1,5,0,0
A,A,250,126,10,9,True,,9,2,239,0,0,6,2,1,1,1,1,0,4,0,0
B,A,242,121,7,10,False,B,7,2,233,0,0,9,1,3,1,1,1,0,6,1,0
B,B,235,118,8,10,False,B,7,3,224,0,0,5,2,0,1,1,1,0,3,1,0
A,A,199,100,10,7,False,,9,1,186,0,0,3,0,0,1,1,2,2,6,0,0
B,A,156,79,8,10,False,,9,2,142,0,0,4,1,0,1,2,1,0,4,0,1
A,A,199,100,10,6,False,,6,4,188,0,0,5,0,1,0,1,4,1,7,0,0
B,B,241,121,9,10,False,,10,7,224,0,0,8,1,1,0,0,0,0,1,0,0
A,A,147,74,10,3,False,,9,3,135,0,0,4,3,0,3,0,0,0,3,0,0
A,B,204,102,10,9,False,B,5,5,194,0,0,8,1,1,1,0,2,2,6,1,0
A,B,252,126,10,7,False,A|B,6,2,244,0,0,7,0,3,1,0,1,0,5,2,0
A,A,174,88,10,7,False,,9,2,160,0,0,6,0,1,0,1,0,3,5,0,1
A,B,164,82,10,8,False,,8,3,152,0,0,7,2,2,1,2,0,0,5,0,0
B,B,207,104,5,10,False,A,6,5,196,0,0,5,1,2,2,0,0,0,4,1,0
A,A,207,104,10,6,False,B,9,4,194,0,0,6,2,0,0,1,0,3,4,1,0
A,A,207,104,10,9,False,,10,4,193,0,0,3,2,2,2,0,0,1,5,0,0
A,B,188,95,10,8,False,,7,2,179,0,0,5,1,3,0,2,0,1,6,0,0
A,A,57,29,10,2,False,,9,2,46,0,0,2,1,1,0,0,1,0,2,0,0
B,A,236,118,9,10,False,,5,6,225,0,0,6,1,1,2,0,1,0,4,0,0
A,A,187,94,10,7,False,A,4,7,173,0,0,6,1,1,0,2,0,1,4,1,0
B,A,210,105,6,10,False,,13,4,193,0,0,7,0,1,0,0,0,1,2,0,0
B,B,207,104,6,10,False,B,8,6,193,0,0,7,0,1,1,0,1,1,4,1,0
B,A,172,86,9,10,False,,9,1,161,0,0,9,1,1,0,2,1,0,4,0,0
A,A,179,90,10,9,False,,4,11,162,0,0,10,0,0,0,2,0,0,2,0,0
B,A,228,114,9,10,False,,7,4,213,0,0,5,1,0,0,2,2,0,4,0,0
A,A,195,98,10,7,False,,12,1,182,0,0,7,0,2,0,0,0,1,3,0,0
B,B,233,117,6,10,False,,7,5,221,0,0,7,2,1,1,1,0,0,3,0,0
A,A,215,108,10,8,False,A,9,2,204,0,0,6,0,0,1,1,1,0,3,1,0
B,B,223,112,6,10,False,,5,7,209,0,0,5,2,1,1,1,1,0,4,0,0
A,A,221,111,10,6,False,A,8,6,205,0,0,3,0,0,1,1,1,2,5,1,0
A,A,251,126,10,7,False,,9,6,236,0,0,2,1,0,0,0,1,1,2,0,0
A,A,151,76,10,7,False,,8,3,137,0,0,7,1,2,2,2,1,1,8,0,0
B,A,236,118,7,10,False,A,9,4,223,0,0,7,0,0,0,1,0,1,2,1,0
B,A,176,89,5,10,False,B,7,4,164,0,0,4,1,0,2,2,0,1,5,1,0
A,B,176,89,10,5,False,,11,0,165,0,0,7,0,0,0,1,1,1,3,0,0
B,B,195,98,8,10,False,B,5,4,184,0,0,7,1,0,1,2,1,0,4,1,0
A,B,188,94,10,7,False,,8,4,176,0,0,8,0,0,1,1,1,0,3,0,0
A,A,207,104,10,7,False,,8,4,195,0,0,7,0,2,2,0,1,1,6,0,0
A,B,206,103,10,6,False,A|B,6,4,192,0,0,7,0,0,1,1,1,0,3,2,0
A,B,184,92,10,8,False,,10,0,174,1,2,7,0,0,1,1,0,1,4,0,0
A,A,223,112,10,5,False,B,6,5,209,0,0,9,0,2,1,1,0,1,5,1,0
B,B,179,90,8,10,False,,7,4,167,0,0,5,1,1,1,1,0,0,3,0,0
A,B,218,109,10,8,False,,11,0,207,0,0,2,0,1,2,1,0,1,5,0,0
B,B,174,88,9,10,False,,10,3,160,0,0,6,3,1,1,2,0,0,4,0,0
B,B,253,127,8,10,False,,9,4,240,0,0,4,0,0,2,0,0,0,2,0,0
A,A,159,80,10,7,False,,7,7,144,0,0,5,2,1,0,1,1,1,4,0,0
A,A,120,61,10,8,False,A,9,3,104,0,0,3,1,0,0,2,0,0,2,1,0
B,A,258,129,7,10,False,B,8,1,249,0,0,7,0,4,1,0,0,1,6,1,0
A,A,197,99,10,7,False,,7,4,184,0,0,5,0,1,1,1,4,0,7,0,0
A,A,227,114,10,7,False,,10,5,212,0,0,6,0,0,1,1,2,0,4,0,0
B,A,178,89,7,10,False,,8,5,165,0,0,6,1,0,1,0,0,1,2,0,0
B,A,222,111,9,10,False,,11,3,208,0,0,7,0,1,1,0,0,1,3,0,0
B,A,228,114,7,10,False,,9,1,218,0,0,10,0,1,2,0,3,0,6,0,0
B,A,216,108,7,10,False,,12,4,200,0,0,8,1,1,0,0,0,0,1,0,0
B,A,190,95,5,10,False,,6,3,181,0,0,5,3,2,1,1,0,2,6,0,0
B,A,254,127,8,10,False,,7,4,243,0,0,5,1,1,1,1,1,1,5,0,0
B,B,281,141,9,10,False,,6,8,265,0,0,3,1,0,0,1,0,0,1,0,1
A,B,134,67,10,5,False,A|B,7,1,126,0,0,5,2,3,1,1,0,1,6,2,0
A,A,225,113,10,5,False,,4,3,218,0,0,6,0,3,1,0,2,1,7,0,0
A,A,199,100,10,5,False,,6,5,188,0,0,5,1,2,1,0,1,2,6,0,0
B,A,198,99,3,10,False,,8,4,186,0,0,7,1,0,1,2,0,0,3,0,0
B,B,205,103,4,10,False,,4,10,189,0,0,6,0,0,1,1,0,3,5,0,0
A,A,197,99,10,8,False,A,3,8,186,0,0,7,0,1,0,0,2,1,4,1,0
B,A,136,68,5,10,False,A|B,6,2,128,0,0,4,3,0,1,2,0,2,5,2,0
A,B,168,84,10,7,False,A,6,5,157,0,0,5,1,1,2,0,0,1,4,1,0
A,A,195,98,10,9,False,,8,6,181,0,0,4,0,1,0,0,1,0,2,0,0
B,B,137,69,7,10,False,,9,4,123,0,0,6,1,0,1,2,0,1,4,0,0
B,A,224,112,7,10,False,,6,6,212,0,0,7,2,1,1,0,1,0,3,0,0
B,A,202,101,5,10,False,,6,6,190,0,0,6,2,1,2,0,1,0,4,0,0
A,A,175,88,10,7,False,,12,1,162,0,0,7,2,0,1,0,1,0,2,0,0
A,A,219,110,10,6,False,,6,9,201,0,0,9,0,1,1,1,0,0,3,0,0
A,A,247,124,10,9,False,,5,8,234,0,0,6,1,1,1,0,1,0,3,0,0
A,B,164,83,10,8,False,,9,4,150,0,0,3,1,0,1,2,1,0,4,0,0
A,B,220,110,10,9,False,A,7,7,206,0,0,5,0,2,0,0,1,0,3,1,0
B,A,148,74,6,10,False,A,5,5,138,0,0,4,2,0,1,0,0,1,2,1,0
B,B,165,83,4,10,False,,7,8,148,1,2,4,0,0,0,1,0,0,2,0,0
B,B,130,66,5,10,False,,10,4,113,0,0,5,1,1,1,1,0,0,3,0,0
A,B,198,99,10,4,False,,4,6,188,0,0,2,0,1,1,2,1,2,7,0,0
A,B,258,129,10,8,False,,8,7,243,0,0,9,0,1,1,0,0,0,2,0,0
B,B,230,116,7,10,False,,5,7,216,0,0,8,1,1,1,1,1,1,5,0,0
A,B,220,110,10,9,False,,9,8,203,0,0,7,0,0,1,0,0,1,2,0,0
B,B,139,70,4,10,False,,7,6,126,0,0,2,2,2,1,0,0,0,3,0,0
A,A,183,92,10,5,False,B,5,4,174,0,0,4,2,1,2,0,0,0,3,1,0
B,B,245,123,8,10,False,,9,1,235,0,0,7,0,3,1,0,1,0,5,0,0
B,B,246,124,8,10,False,,7,4,233,0,0,8,2,1,1,1,0,1,4,0,0
B,B,231,116,9,10,False,,13,1,211,0,0,7,0,1,0,0,1,0,2,0,0
B,B,247,124,8,10,False,,9,5,233,0,0,4,0,1,1,0,1,0,3,0,0
A,A,183,92,10,8,False,,6,6,169,1,2,7,0,1,0,1,0,0,3,0,0
A,A,197,99,10,6,False,,6,8,183,0,0,3,0,1,2,0,1,0,4,0,0
B,A,256,128,9,10,False,,7,7,238,0,0,5,3,0,0,1,2,0,3,0,0
A,B,242,121,10,6,False,,7,7,228,0,0,5,1,0,1,0,1,0,2,0,0
A,B,180,90,10,6,False,,12,2,166,0,0,5,0,1,0,2,1,0,4,0,0
A,B,160,80,10,7,False,,10,3,147,0,0,8,0,0,0,1,0,2,3,0,0
A,B,188,94,10,9,False,,6,3,178,0,0,4,1,1,1,1,1,1,5,0,0
A,A,171,86,10,6,False,,7,3,161,0,0,6,2,2,0,0,1,1,4,0,0
A,A,214,108,10,9,False,A,2,8,202,0,0,6,0,1,1,4,0,0,6,1,0
B,B,227,114,8,10,False,,9,5,213,0,0,4,0,2,1,0,0,1,4,0,0
B,B,119,60,4,11,False,B,2,7,110,0,0,6,3,0,2,1,1,0,4,1,0
A,A,197,99,10,7,False,,7,4,183,0,0,5,1,1,1,1,1,0,4,0,0
A,A,257,129,10,8,False,,8,1,247,0,0,8,0,2,1,1,0,1,5,0,0
B,A,212,106,9,10,False,A,9,1,202,0,0,11,0,0,2,1,1,1,5,1,0
A,A,148,75,10,8,False,,7,1,135,0,0,5,1,0,1,3,2,1,7,0,0
B,A,218,109,8,10,False,,12,0,206,0,0,5,0,0,1,1,1,1,4,0,0
A,B,198,99,10,9,False,,13,3,182,0,0,8,0,0,0,0,3,0,3,0,0
A,A,144,73,10,6,False,,9,1,133,0,0,3,2,1,2,1,0,1,5,0,0
B,A,242,121,8,10,False,A,7,3,232,0,0,6,1,0,2,1,3,1,7,1,0
B,A,248,125,9,10,False,,8,5,233,0,0,5,1,2,0,2,0,0,4,0,0
A,A,207,104,10,9,False,,8,2,197,0,0,3,4,0,2,1,0,0,3,0,0
B,B,145,73,8,10,False,,9,5,128,0,0,1,2,2,0,1,0,0,3,0,0
B,B,185,93,7,10,False,,6,8,170,0,0,2,0,2,0,1,0,0,3,0,0
B,A,266,133,7,10,False,A,8,5,253,0,0,7,0,0,2,0,0,2,4,1,0
A,A,191,96,10,9,False,,11,4,176,0,0,5,0,1,0,0,1,0,2,0,0
B,A,172,86,9,10,False,,9,4,159,0,0,2,0,1,1,1,0,0,3,0,0
B,A,136,68,4,10,False,A|B,5,3,128,0,0,6,1,0,1,1,1,2,5,2,0
A,A,151,76,10,2,False,A|B,7,3,141,0,0,5,1,3,2,0,0,1,6,2,0
A,A,123,62,10,6,False,,9,3,109,0,0,5,0,0,1,1,0,1,3,0,0
B,B,137,69,7,10,False,,8,6,122,0,0,3,0,0,0,2,0,0,2,0,1
B,B,235,118,8,10,False,,10,5,220,0,0,10,0,3,0,0,0,1,4,0,0
B,B,179,90,8,10,False,,9,6,164,0,0,4,2,1,0,0,1,1,3,0,0
A,B,160,81,10,6,False,,11,3,146,0,0,7,0,0,0,2,1,0,3,0,1
B,A,120,60,4,10,False,B,8,1,111,0,0,4,2,2,1,0,0,0,3,1,0
B,B,225,113,9,10,False,,6,7,212,0,0,8,0,0,3,0,0,0,3,0,0
B,B,297,149,9,10,False,,6,5,286,0,0,5,0,0,2,0,1,2,5,0,0
B,A,184,92,9,10,False,,5,8,171,0,0,4,1,2,1,0,1,0,4,0,0
B,B,176,89,5,10,False,,3,9,162,0,0,9,0,1,1,1,0,1,4,0,0
B,A,194,97,8,10,False,,9,4,181,0,0,4,0,0,1,1,0,1,3,0,0
B,A,262,131,9,10,False,,7,8,247,0,0,4,1,1,0,0,1,0,2,0,0
A,A,221,111,10,6,False,,7,2,210,0,0,7,0,1,0,1,2,2,6,0,0
B,A,240,120,8,10,False,,9,1,230,0,0,5,0,1,0,0,2,3,6,0,0
B,A,172,86,6,10,False,,8,4,160,0,0,6,0,0,0,1,2,1,4,0,0
B,A,276,138,9,10,False,,6,6,264,0,0,6,1,3,1,0,0,1,5,0,0
A,A,193,97,10,7,False,,9,6,174,0,0,3,0,0,0,1,1,0,2,0,0
B,B,223,112,8,10,False,,7,6,208,1,2,5,0,1,0,1,0,0,3,0,0
A,B,228,114,10,7,False,,11,1,216,0,0,7,1,1,0,1,0,2,4,0,0
B,B,215,108,7,10,False,,7,4,202,0,0,7,1,1,0,3,1,0,5,0,0
B,B,145,73,9,10,False,,9,2,134,1,2,5,2,0,1,1,1,0,4,0,0
B,A,190,95,6,10,False,A,8,5,177,0,0,5,1,1,0,1,1,0,3,1,0
A,B,240,121,10,8,False,,7,6,227,0,0,4,1,0,0,1,1,0,2,0,0
A,B,256,128,10,7,False,,8,0,248,0,0,6,0,1,4,0,2,0,7,0,0
A,A,177,89,10,8,False,,5,5,166,0,0,5,0,2,1,1,0,0,4,0,0
A,B,214,107,10,7,False,,5,5,204,0,0,6,0,0,1,1,1,2,5,0,0
A,A,227,114,10,7,False,,11,4,212,0,0,5,0,1,1,0,1,0,3,0,0
A,B,126,63,10,5,False,A,11,4,111,0,0,5,1,0,0,1,1,0,2,1,0
B,A,254,127,7,10,False,,11,1,242,0,0,8,0,0,0,0,2,2,4,0,0
A,B,258,129,10,9,False,,7,6,245,0,0,6,0,0,1,0,3,0,4,0,0
B,A,140,70,8,10,False,,7,6,125,0,0,4,0,2,0,2,0,0,4,0,0
B,A,138,69,3,10,False,,6,3,127,0,0,4,2,3,1,1,0,0,5,0,0
B,A,204,102,6,10,False,A,6,5,193,0,0,6,0,1,0,1,0,1,3,1,0
A,A,207,104,10,9,False,,8,5,192,0,0,8,0,0,0,1,0,2,3,0,1
B,B,205,103,9,10,False,,11,4,190,0,0,9,1,0,3,0,0,0,3,0,0
B,A,198,99,6,10,False,,7,9,182,0,0,6,1,0,1,0,0,0,1,0,0
A,A,181,91,10,5,False,,9,2,170,1,2,6,0,1,0,0,1,1,4,0,0
B,B,157,79,7,10,False,,10,4,141,0,0,4,1,0,0,2,0,0,2,0,0
B,A,160,80,9,10,False,,10,5,143,0,0,6,0,0,1,2,0,0,3,0,0
A,A,101,51,10,5,False,,9,1,91,0,0,4,3,1,1,0,1,0,3,0,0
A,A,245,123,10,8,False,,7,4,234,0,0,5,0,0,2,0,2,0,4,0,1
A,B,186,93,10,7,False,,12,3,171,0,0,6,1,0,0,0,1,0,1,0,0
A,B,200,100,10,6,False,,8,6,186,0,0,6,2,2,0,0,0,1,3,0,0
A,B,296,148,10,9,False,,8,7,281,0,0,7,0,2,1,0,0,1,4,0,0
B,B,181,91,9,10,True,,6,3,172,0,0,7,2,0,0,0,1,2,3,0,0
B,B,172,87,6,10,False,,5,6,159,0,0,5,0,0,2,1,1,0,4,0,0
B,A,224,112,7,10,False,B,8,7,209,0,0,6,0,0,0,0,1,0,1,1,0
B,B,186,94,7,10,False,,6,7,172,0,0,3,0,0,0,2,1,1,4,0,0
B,A,268,134,9,10,False,,5,8,255,0,0,6,0,0,0,0,1,3,4,0,0
A,B,212,106,10,9,False,,10,3,199,0,0,6,0,0,0,0,2,2,4,0,1
B,A,170,85,6,10,False,,10,3,157,0,0,4,0,0,1,2,0,0,3,0,0
A,A,139,70,10,8,False,,8,4,126,0,0,4,0,0,0,2,0,1,3,0,0
B,B,267,134,9,10,False,A,9,3,255,0,0,8,1,0,1,0,0,2,3,1,0
B,A,158,79,6,10,False,,9,4,145,0,0,3,1,0,2,1,1,0,4,0,0
B,A,200,100,9,10,False,B,8,6,182,0,0,7,0,0,0,1,1,0,2,1,0
A,B,170,85,10,3,False,,11,2,157,0,0,4,2,1,0,0,1,0,2,0,0
A,A,205,103,10,8,False,,7,5,193,0,0,7,0,1,0,0,3,2,6,0,0
B,A,202,101,6,10,False,B,5,7,190,0,0,8,0,2,0,0,1,1,4,1,0
A,A,251,126,10,9,False,,13,2,236,0,0,10,0,0,0,0,1,1,2,0,0
A,B,186,93,10,4,False,,10,4,172,0,0,4,0,1,1,0,0,2,4,0,0
A,B,242,121,10,9,False,A,5,6,231,0,0,9,0,0,2,0,2,1,5,1,0
B,A,180,90,7,10,False,,7,5,168,0,0,6,0,1,2,0,2,0,5,0,0
B,B,195,98,9,10,False,,6,3,182,0,0,9,0,1,1,2,1,2,7,0,0
B,A,124,62,5,10,False,,9,5,108,0,0,5,2,0,0,1,2,0,3,0,0
B,A,256,128,9,10,False,,9,5,242,0,0,8,2,1,0,0,2,2,5,0,0
A,B,164,82,10,7,False,,9,3,152,0,0,7,1,1,0,0,2,1,4,0,0
A,A,205,103,10,9,False,,6,6,193,0,0,4,1,1,0,2,0,0,3,0,0
B,B,171,86,9,10,False,,6,5,159,0,0,3,0,2,0,2,0,1,5,0,1
B,B,189,95,6,10,False,,7,3,175,0,0,5,2,4,0,1,1,1,7,0,0
A,A,275,138,10,5,False,,7,4,264,1,2,6,2,1,0,0,2,0,4,0,0
B,B,205,103,6,10,False,B,6,2,197,1,2,6,1,0,0,0,2,1,4,1,0
A,A,135,68,10,7,False,,8,3,122,0,0,4,2,1,1,2,1,1,6,0,0
B,A,178,89,6,10,False,B,8,5,165,0,0,5,2,0,1,0,0,0,1,1,0
A,B,206,103,10,7,False,,9,5,192,0,0,5,1,1,0,0,0,3,4,0,0
B,A,198,99,6,10,False,,9,5,184,0,0,4,1,0,1,0,1,0,2,0,0
A,B,176,88,10,6,False,,7,3,164,0,0,5,2,2,1,0,1,2,6,0,0
B,A,126,63,5,10,False,,10,5,111,0,0,3,1,1,0,0,0,1,2,0,0
A,B,206,103,10,6,False,A,8,5,193,0,0,7,0,0,0,1,1,0,2,1,0
A,A,318,160,10,8,False,A,3,9,305,0,0,6,0,0,0,1,0,4,5,1,0
B,A,198,99,9,10,False,,8,3,187,0,0,4,0,2,0,1,1,0,4,0,0
B,B,221,111,9,10,False,,8,5,207,0,0,7,1,0,1,1,0,0,2,0,0
A,B,220,110,10,9,False,,11,3,206,0,0,5,0,0,0,0,1,2,3,0,0
B,A,180,90,6,10,False,,9,4,167,0,0,6,0,1,0,1,0,1,3,0,0
B,B,221,111,6,10,False,B,7,5,209,0,0,7,0,0,1,0,3,0,4,1,0
A,A,233,117,10,9,False,,9,4,220,0,0,8,2,1,1,0,0,1,3,0,0
B,A,212,106,7,10,False,,9,4,199,0,0,2,2,0,0,1,0,2,3,0,0
A,A,177,89,10,9,False,B,7,3,163,0,0,3,1,0,0,2,1,1,4,1,0
B,A,260,130,8,10,False,B,3,6,251,0,0,5,1,1,0,1,4,0,6,1,0
A,A,201,101,10,7,False,,7,2,192,0,0,6,0,2,1,0,1,1,5,0,1
B,B,163,82,6,10,False,B,8,4,149,0,0,2,0,0,0,1,1,1,3,1,0
B,A,186,93,6,10,False,B,6,7,171,0,0,8,0,1,0,1,1,1,4,1,0
B,A,156,78,7,10,False,B,8,3,143,0,0,4,0,0,1,3,1,0,5,1,0
A,B,152,76,10,7,False,,10,2,140,0,0,6,1,1,1,1,0,0,3,0,0
A,B,170,85,10,7,False,,10,2,158,0,0,4,1,1,0,1,0,0,2,0,0
A,B,276,138,10,9,False,,7,2,267,0,0,6,1,1,1,1,1,2,6,0,0
B,B,179,90,5,10,False,,9,2,168,1,2,5,1,1,1,0,0,0,3,0,0
A,B,176,89,10,8,False,,3,8,160,0,0,4,0,1,1,2,0,2,6,0,0
B,A,180,90,9,10,False,,10,4,163,0,0,5,2,0,0,3,0,0,3,0,0
A,B,264,132,10,9,False,,6,5,253,0,0,6,1,0,0,0,1,3,4,0,0
B,B,191,96,7,10,False,,8,4,177,0,0,7,1,1,1,1,0,1,4,0,0
B,B,241,121,9,10,False,,12,2,227,0,0,5,0,0,2,0,1,1,4,0,0
A,B,232,116,10,7,False,,8,3,221,0,0,5,3,0,1,0,2,1,4,0,1
A,A,217,109,10,8,False,,6,7,202,0,0,7,2,0,1,1,1,0,3,0,1
A,B,250,125,10,8,False,,7,5,238,0,0,3,0,2,1,0,0,0,3,0,0
B,A,226,113,8,10,False,,9,2,215,0,0,4,1,1,0,0,1,2,4,0,0
B,B,227,114,9,10,False,,7,7,213,0,0,6,0,0,1,0,0,1,2,0,0
B,A,162,81,8,10,False,,9,2,149,0,0,6,1,0,0,2,1,1,4,0,0
A,A,165,83,10,6,False,,9,3,152,0,0,6,1,1,1,1,0,0,3,0,0
A,A,141,71,10,4,False,,7,3,129,0,0,5,2,2,0,0,1,0,3,0,0
A,A,257,129,10,9,False,,9,3,245,0,0,6,0,1,1,0,1,0,3,0,0
B,B,172,87,7,10,False,,9,4,156,0,0,6,0,0,1,3,0,0,4,0,0
A,A,265,133,10,9,False,,4,8,251,0,0,4,0,1,1,1,1,0,4,0,0
B,A,126,64,8,11,False,,7,1,116,0,0,4,1,1,1,3,2,0,7,0,0
A,B,162,81,10,5,False,,9,4,149,0,0,6,0,0,2,1,0,1,4,0,0
B,A,262,131,6,10,False,,5,11,246,0,0,4,1,0,0,0,0,0,0,0,0
B,A,180,91,9,10,False,,7,3,166,0,0,5,0,1,1,2,1,0,5,0,0
B,A,270,135,8,10,False,A,4,9,257,0,0,3,0,1,1,1,1,0,4,1,0
B,B,305,153,7,10,False,,7,3,295,0,0,6,1,3,0,0,2,1,6,0,0
B,B,151,76,8,10,False,,10,5,134,0,0,5,0,1,0,3,0,0,4,0,0
A,A,241,121,10,7,False,,7,2,232,0,0,5,1,1,1,0,2,2,6,0,0
B,B,161,81,6,10,False,A|B,6,4,151,0,0,8,2,0,1,0,2,0,3,2,0
A,B,178,89,10,7,False,A,10,4,164,0,0,6,0,1,1,0,0,0,2,1,0
B,B,225,113,9,10,False,,8,5,210,0,0,4,0,2,1,1,0,1,5,0,0
B,A,182,92,7,10,False,,3,6,170,0,0,5,0,2,2,2,0,1,7,0,0
A,A,225,113,10,9,False,,5,5,215,0,0,4,1,1,0,1,1,0,3,0,0
B,B,195,98,9,10,False,,9,4,181,0,0,6,0,0,1,1,1,0,3,0,1
B,B,210,106,6,10,False,A,9,2,197,0,0,5,0,1,1,1,1,2,6,1,0
A,A,180,91,10,8,False,,10,2,164,0,0,7,1,0,0,1,0,2,3,0,0
A,A,159,80,10,9,True,B,11,0,148,0,0,3,2,1,0,1,1,0,3,1,0
B,A,180,91,8,10,False,,7,2,168,0,0,4,1,0,0,2,3,1,6,0,0
A,B,120,60,10,4,False,,11,4,105,0,0,4,1,0,0,0,0,0,0,0,0
A,B,246,123,10,8,False,,6,6,234,0,0,7,0,1,0,1,2,0,4,0,0
A,B,176,88,10,9,False,,5,5,166,0,0,4,2,1,1,1,1,0,4,0,0
B,B,203,102,7,10,False,,5,5,191,0,0,8,2,0,0,2,1,1,4,0,0
B,B,159,80,5,10,False,B,11,1,146,0,0,5,1,1,1,1,0,0,3,1,0
B,A,264,132,8,10,False,B,9,4,251,0,0,4,0,0,0,1,0,1,2,1,0
A,B,208,105,10,9,False,,10,2,196,0,0,4,1,1,1,1,0,0,3,0,0
B,A,204,102,6,10,False,,7,6,191,0,0,6,1,3,0,1,0,2,6,0,0
A,A,237,119,10,9,False,,9,4,224,0,0,6,1,2,2,0,1,2,7,0,0
A,A,170,86,10,6,False,A,6,7,154,0,0,5,1,3,1,1,0,0,5,1,0
B,B,174,88,6,10,False,B,9,5,159,0,0,6,0,1,0,1,0,1,3,1,0
B,B,203,102,9,10,False,,8,8,187,0,0,7,0,2,0,0,1,1,4,0,0
B,A,212,107,7,12,False,,6,6,200,0,0,5,2,0,1,1,0,1,3,0,0
A,A,171,86,10,9,False,,8,8,155,0,0,3,0,0,2,1,1,0,4,0,0
A,B,168,84,10,9,False,,5,8,150,0,0,7,0,0,1,2,0,1,4,0,0
B,B,175,88,5,10,False,,9,3,162,0,0,5,2,1,2,1,0,0,4,0,0
A,A,243,122,10,8,False,,7,5,230,0,0,8,0,0,2,1,0,1,4,0,0
B,A,128,64,3,10,False,,9,4,115,0,0,5,1,2,0,1,1,0,4,0,0
B,A,190,95,9,10,False,,6,6,176,0,0,6,0,0,1,2,1,1,5,0,0
B,B,225,113,7,10,False,,7,6,212,0,0,6,0,0,2,0,0,0,2,0,0
B,B,261,131,8,10,False,A,8,2,251,0,0,9,2,0,0,0,1,1,2,1,0
A,A,259,130,10,5,False,,6,8,245,0,0,6,1,3,0,0,0,0,3,0,0
A,A,212,107,10,6,False,,9,4,198,0,0,8,2,0,0,1,2,1,4,0,0
B,A,196,98,7,10,False,,9,4,183,0,0,5,1,1,0,0,2,1,4,0,0
A,A,197,99,10,6,False,,6,4,187,0,0,2,1,1,3,0,1,0,5,0,0
B,A,236,118,7,10,False,,5,6,225,0,0,4,1,1,2,1,1,0,5,0,0
A,B,224,112,11,5,False,B,9,3,212,0,0,6,1,1,0,0,1,0,2,1,1
A,B,194,98,10,9,False,,7,6,178,0,0,5,2,1,0,2,0,1,4,0,0
B,B,164,83,6,10,False,,10,2,149,0,0,6,0,0,1,2,2,1,6,0,0
B,B,197,99,6,10,False,,11,1,185,0,0,7,1,0,2,0,1,1,4,0,0
B,A,152,76,9,10,False,B,10,0,140,0,0,3,3,0,1,1,0,0,2,1,0
B,A,178,90,7,10,False,,10,1,167,0,0,10,1,3,0,1,0,0,4,0,1
A,B,196,98,10,8,False,,8,4,184,1,2,7,0,1,1,0,1,1,5,0,0
B,A,164,83,8,10,False,A,7,4,151,0,0,10,1,0,0,3,2,0,5,1,0
A,B,174,87,10,7,False,,7,4,163,0,0,4,0,0,1,1,3,1,6,0,0
A,B,144,72,10,6,False,A|B,10,4,130,0,0,7,0,0,0,1,1,0,2,2,0
B,A,172,86,4,10,False,A,9,4,159,0,0,6,2,2,1,0,0,0,3,1,0
B,B,175,88,6,10,False,B,9,2,164,1,2,4,1,1,1,0,0,0,3,1,0
A,B,180,90,10,7,False,,7,7,166,0,0,5,1,0,0,0,0,0,0,0,0
B,A,202,101,7,10,False,,12,0,190,0,0,3,1,0,1,0,0,2,3,0,0
A,B,220,110,10,6,False,,10,2,208,0,0,8,0,2,0,0,1,0,3,0,0
A,B,252,126,10,9,False,A,9,6,237,0,0,9,0,0,0,0,1,0,1,1,0
A,A,241,121,10,9,False,,8,1,232,0,0,9,0,0,1,0,1,2,4,0,0
A,A,178,90,10,9,False,,8,3,166,0,0,5,1,0,0,2,0,3,5,0,0
A,B,184,93,10,8,False,,7,5,172,0,0,5,0,3,1,1,0,0,5,0,0
A,A,189,95,10,8,False,,7,7,173,0,0,3,2,0,1,1,1,0,3,0,0
B,A,270,135,9,10,False,,9,7,254,0,0,7,0,2,0,0,1,0,3,0,0
A,A,181,91,10,4,False,,4,5,171,0,0,4,2,0,1,1,3,1,6,0,0
B,A,214,107,8,10,False,,8,1,205,0,0,5,0,0,2,0,1,2,5,0,0
A,A,195,98,10,8,False,A,6,6,183,0,0,9,1,0,0,1,1,0,2,1,0
A,A,221,111,11,7,False,,9,4,208,0,0,5,1,2,0,0,0,0,2,0,0
B,A,156,78,8,10,False,,9,4,143,0,0,5,1,0,0,1,1,0,2,0,0
A,B,184,92,11,7,False,,6,5,173,0,0,6,1,0,0,1,1,1,3,0,1
B,B,219,110,7,10,False,,12,3,204,0,0,4,0,1,0,0,0,2,3,0,0
B,A,170,85,9,10,False,,7,2,158,0,0,7,1,0,2,3,1,2,8,0,0
B,B,279,140,9,10,False,,7,8,264,0,0,7,0,0,0,0,0,2,2,0,1
A,B,172,86,10,8,False,B,8,3,159,0,0,9,0,0,0,2,3,0,5,1,0
A,B,222,111,10,5,False,,9,6,207,0,0,7,0,0,2,0,0,0,2,0,0
B,A,218,110,8,10,False,,6,2,210,0,0,9,1,1,0,1,0,2,4,0,0
A,B,114,57,10,4,False,,10,8,96,0,0,5,1,0,1,0,0,0,1,0,0
B,B,130,66,5,10,False,,6,4,120,0,0,3,2,1,0,1,1,1,4,0,0
B,B,190,96,9,10,False,,7,1,181,0,0,8,0,2,1,2,1,1,7,0,0
B,A,134,68,8,10,False,,8,5,119,0,0,6,1,0,0,2,0,1,3,0,0
B,A,240,120,8,10,False,,7,3,230,0,0,6,1,2,2,1,0,1,6,0,0
B,A,226,114,9,10,False,,4,4,216,0,0,7,1,0,0,2,2,2,6,0,0
A,A,253,127,10,9,False,,8,5,240,0,0,5,1,0,2,0,1,1,4,0,0
B,B,277,139,9,10,False,,9,7,261,0,0,11,0,0,0,0,0,1,1,0,0
A,B,192,96,10,5,False,,9,3,180,0,0,5,0,0,1,1,1,1,4,0,0
A,B,294,147,10,8,False,,6,7,281,0,0,8,2,1,0,0,1,1,3,0,0
A,B,278,139,10,8,False,,9,3,266,0,0,7,1,1,1,0,0,2,4,0,0
B,A,178,89,5,10,False,A|B,8,3,167,0,0,6,1,1,1,1,1,0,4,2,0
B,A,136,69,9,10,False,,7,4,122,0,0,3,0,0,0,3,1,1,5,0,0
B,B,223,112,9,10,False,,6,4,212,0,0,8,1,1,2,3,0,1,7,0,0
B,A,230,115,6,10,False,B,10,6,214,0,0,5,0,1,0,0,0,0,1,1,0
B,A,178,89,7,10,False,,8,6,163,0,0,4,1,0,0,1,0,2,3,0,0
B,A,240,120,9,10,False,,6,4,230,0,0,4,0,2,0,0,0,1,3,0,0
A,B,268,134,10,8,False,,8,2,258,0,0,4,0,2,1,0,2,0,5,0,0
A,A,257,129,10,8,False,,7,6,244,0,0,7,2,2,0,1,0,0,3,0,1
A,B,254,127,10,9,False,,4,8,242,0,0,6,1,3,0,0,1,1,5,0,0
A,A,137,69,10,6,False,,9,2,126,0,0,10,2,1,2,1,0,1,5,0,0
A,A,235,118,10,6,False,,8,5,222,0,0,8,0,0,1,0,2,1,4,0,0
B,A,150,75,7,10,False,,8,3,139,0,0,6,1,0,0,1,2,1,4,0,0
B,B,261,131,9,10,False,,12,1,248,0,0,7,0,2,0,0,1,0,3,0,1
B,B,229,115,5,10,False,,11,5,213,0,0,4,0,0,0,0,1,0,1,0,0
A,B,206,103,10,8,False,B,9,4,193,0,0,7,0,1,0,1,2,0,4,1,0
B,A,196,98,7,10,False,,5,5,184,0,0,9,0,1,2,1,0,0,4,0,0
A,A,239,120,10,7,False,,9,3,227,0,0,7,2,1,1,0,2,0,4,0,0
B,B,199,100,9,10,False,,4,8,183,0,0,6,0,1,0,2,0,1,4,0,0
A,A,219,110,10,8,False,,11,1,207,0,0,6,0,1,0,0,2,0,3,0,0
B,A,208,104,9,10,False,A,9,3,194,0,0,9,1,1,2,1,0,0,4,1,0
A,A,132,67,10,8,False,,10,3,118,0,0,3,1,0,0,1,1,1,3,0,0
A,B,188,94,10,7,False,A|B,4,2,182,0,0,7,1,0,2,1,1,2,6,2,0
A,B,194,97,10,4,False,,4,5,185,0,0,5,0,1,1,2,0,1,5,0,0
A,A,171,86,10,8,True,,7,6,158,0,0,5,1,0,3,0,0,1,4,0,0
A,A,215,108,10,7,False,,10,8,197,0,0,3,0,0,1,0,0,0,1,0,0
B,A,230,115,8,10,False,,8,2,220,0,0,6,1,0,1,0,1,3,5,0,0
B,A,186,93,7,10,False,,7,7,172,0,0,5,0,2,1,0,1,0,4,0,0
B,A,206,103,7,10,False,,5,8,193,0,0,6,1,1,0,1,1,0,3,0,0
A,A,286,144,10,9,False,,9,4,272,0,0,7,1,1,1,2,0,0,4,0,0
A,A,194,98,10,9,False,,7,6,178,0,0,7,0,0,0,2,2,1,5,0,0
A,A,215,108,10,7,False,,10,4,201,0,0,4,0,1,1,0,0,1,3,0,0
A,A,291,146,10,9,False,,9,3,279,0,0,7,0,1,2,0,1,1,5,0,0
B,A,178,90,6,10,False,B,8,3,167,0,0,5,0,2,0,1,0,1,4,1,0
B,B,222,112,9,10,False,,7,3,210,0,0,6,1,0,3,2,0,1,6,0,0
A,A,229,115,10,7,False,,7,4,218,0,0,4,1,1,1,1,0,1,4,0,0
B,A,208,105,7,10,False,,8,4,196,0,0,8,1,1,2,1,0,0,4,0,0
B,A,208,104,7,10,False,,10,4,194,0,0,5,0,1,0,0,1,2,4,0,0
B,B,183,92,7,10,False,,10,5,168,0,0,9,0,1,0,1,2,0,4,0,0
B,B,152,77,6,10,False,,8,1,142,0,0,7,1,2,1,1,0,1,5,0,0
A,B,296,148,10,8,False,,7,3,286,0,0,8,1,3,0,0,1,0,4,0,0
B,A,186,93,6,10,False,,11,1,174,0,0,5,1,2,0,0,2,0,4,0,0
B,B,200,101,8,10,False,B,8,4,187,0,0,5,2,0,0,2,0,0,2,1,0
A,A,261,131,10,9,False,A,11,1,249,0,0,5,3,0,0,1,1,0,2,1,0
B,B,155,78,7,10,False,,9,4,139,0,0,3,0,0,0,1,1,0,2,0,0
A,A,177,89,10,8,False,,9,5,161,0,0,6,0,1,1,0,2,0,4,0,0
B,A,162,81,7,10,False,,11,4,147,0,0,5,1,0,0,1,1,0,2,0,0
B,B,151,76,3,10,False,,7,4,140,0,0,2,2,1,1,1,1,0,4,0,0
A,A,239,120,10,8,False,,7,1,231,0,0,7,0,0,2,0,4,2,8,0,0
B,A,250,125,5,10,False,,4,10,236,0,0,10,0,1,0,0,1,2,4,0,0
B,A,134,67,4,10,False,,6,6,122,0,0,4,2,2,0,1,2,0,5,0,0
B,A,246,123,7,10,False,,9,3,234,0,0,8,1,1,1,0,2,0,4,0,0
B,B,213,107,8,10,False,,8,5,195,0,0,7,0,0,3,1,0,2,6,0,0
A,B,262,131,10,8,False,,10,5,247,0,0,8,0,1,1,0,1,1,4,0,0
B,A,234,117,9,10,False,,8,5,218,0,0,10,0,0,1,1,1,2,5,0,0
B,B,122,62,4,10,False,,9,3,110,0,0,4,1,1,0,1,0,1,3,0,0
A,B,126,63,10,6,False,,9,2,112,0,0,5,0,0,0,2,0,0,2,0,0
A,A,191,96,10,7,False,,9,4,177,0,0,8,1,0,0,1,2,1,4,0,0
B,A,286,143,8,10,False,,6,5,275,0,0,7,0,1,2,0,1,1,5,0,0
B,B,192,97,7,10,False,A,6,6,179,0,0,8,0,2,1,1,0,0,4,1,0
B,A,252,126,6,10,False,,5,5,242,1,2,7,2,1,0,0,2,0,4,0,0
B,A,246,123,7,10,False,,8,6,232,0,0,3,0,1,1,0,2,0,4,0,0
B,B,201,101,7,10,False,,9,5,187,0,0,6,0,0,0,0,0,2,2,0,0
B,A,228,114,9,10,False,,4,7,217,0,0,4,1,1,1,0,1,1,4,0,0
B,A,184,93,8,10,False,B,5,6,170,0,0,6,0,1,2,2,2,1,8,1,0
B,A,194,97,5,10,False,,9,4,181,0,0,4,0,2,1,1,1,1,6,0,0
B,B,133,67,7,10,False,,9,3,121,0,0,6,1,1,1,1,1,0,4,0,0
A,B,234,117,10,8,False,,11,3,220,0,0,5,0,1,1,0,1,0,3,0,0
A,A,187,94,10,7,False,,9,2,172,0,0,6,0,0,0,2,2,1,5,0,0
B,A,192,96,8,10,False,B,6,4,181,0,0,4,1,3,1,1,0,1,6,1,0
A,B,162,82,10,7,False,,8,6,148,0,0,6,0,0,1,1,2,0,4,0,0
A,B,258,129,10,8,False,,9,4,245,0,0,4,1,1,0,0,0,2,3,0,0
B,A,216,108,7,10,False,,9,3,204,0,0,8,2,0,1,0,0,2,3,0,0
B,A,168,85,6,10,False,,7,3,158,1,2,5,0,1,1,1,1,0,5,0,0
A,A,139,70,10,9,False,,11,3,125,0,0,5,2,0,0,1,1,0,2,0,0
B,B,186,94,9,10,False,,11,4,167,0,0,5,2,1,1,1,1,0,4,0,0
A,B,160,80,10,6,False,,9,4,147,0,0,7,0,0,0,2,0,1,3,0,0
A,B,190,95,10,6,False,,7,2,177,0,0,6,1,1,0,2,0,3,6,0,0
A,A,209,105,10,7,False,,8,5,194,0,0,6,1,1,1,1,0,2,5,0,1
B,A,152,77,9,10,False,,8,4,139,0,0,8,1,1,0,2,1,1,5,0,0
B,B,201,101,7,10,False,,8,5,185,0,0,5,0,1,2,1,0,0,4,0,0
